image;plate_num;plate_type;bbox;quad;is_vehicle;is_synthetic;source;license;conditions
images/real/roboflow_universe_tatmantech_russian-license-plates-ec7zg_v2/089D19577_png.rf.23a30f919f59e2dfae6ebc5a5e3cb881.jpg;########;type1;164,184,326,170;164,184,489,184,489,354,164,354;1;0;roboflow_universe:tatmantech/russian-license-plates-ec7zg@v2 <https://universe.roboflow.com/tatmantech/russian-license-plates-ec7zg>;CC-BY-4.0 (CC BY 4.0);day
images/real/roboflow_universe_tatmantech_russian-license-plates-ec7zg_v2/518t01577_png.rf.41cc8a655474f16dc7078d1760a6b4c8.jpg;########;type1;50,217,534,190;50,217,584,217,584,407,50,407;1;0;roboflow_universe:tatmantech/russian-license-plates-ec7zg@v2 <https://universe.roboflow.com/tatmantech/russian-license-plates-ec7zg>;CC-BY-4.0 (CC BY 4.0);day
images/real/roboflow_universe_tatmantech_russian-license-plates-ec7zg_v2/6363KT21_png.rf.439e57efdc564755885d4827eb131e8d.jpg;########;type1;170,337,310,114;170,337,480,337,480,451,170,451;1;0;roboflow_universe:tatmantech/russian-license-plates-ec7zg@v2 <https://universe.roboflow.com/tatmantech/russian-license-plates-ec7zg>;CC-BY-4.0 (CC BY 4.0);day,glare
images/real/roboflow_universe_tatmantech_russian-license-plates-ec7zg_v2/DMK0655_png.rf.c1e023e6cd4a2d91757ffa1af31fc480.jpg;########;type1;101,338,455,102;101,338,556,338,556,440,101,440;1;0;roboflow_universe:tatmantech/russian-license-plates-ec7zg@v2 <https://universe.roboflow.com/tatmantech/russian-license-plates-ec7zg>;CC-BY-4.0 (CC BY 4.0);day,glare
images/real/roboflow_universe_tatmantech_russian-license-plates-ec7zg_v2/DMK0655_png.rf.c1e023e6cd4a2d91757ffa1af31fc480.jpg;########;type1;98,60,462,104;98,60,560,60,560,164,98,164;1;0;roboflow_universe:tatmantech/russian-license-plates-ec7zg@v2 <https://universe.roboflow.com/tatmantech/russian-license-plates-ec7zg>;CC-BY-4.0 (CC BY 4.0);day,glare
images/real/roboflow_universe_tatmantech_russian-license-plates-ec7zg_v2/DMK0655_png.rf.c1e023e6cd4a2d91757ffa1af31fc480.jpg;########;type1;103,443,458,100;103,443,561,443,561,542,103,542;1;0;roboflow_universe:tatmantech/russian-license-plates-ec7zg@v2 <https://universe.roboflow.com/tatmantech/russian-license-plates-ec7zg>;CC-BY-4.0 (CC BY 4.0);day,glare
images/real/roboflow_universe_tatmantech_russian-license-plates-ec7zg_v2/H476XY98-X174YM78_png.rf.e1b331e37c88e81a032021378635e1c4.jpg;########;type1;6,12,626,293;6,12,632,12,632,306,6,306;1;0;roboflow_universe:tatmantech/russian-license-plates-ec7zg@v2 <https://universe.roboflow.com/tatmantech/russian-license-plates-ec7zg>;CC-BY-4.0 (CC BY 4.0);day
images/real/roboflow_universe_tatmantech_russian-license-plates-ec7zg_v2/H476XY98-X174YM78_png.rf.e1b331e37c88e81a032021378635e1c4.jpg;########;type1;6,324,624,298;6,324,630,324,630,623,6,623;1;0;roboflow_universe:tatmantech/russian-license-plates-ec7zg@v2 <https://universe.roboflow.com/tatmantech/russian-license-plates-ec7zg>;CC-BY-4.0 (CC BY 4.0);day
images/real/roboflow_universe_tatmantech_russian-license-plates-ec7zg_v2/a088kk60_png.rf.13fb1a9a844f25ebe8729d93f1ea4815.jpg;A088KK60;type1;267,318,144,47;267,318,411,318,411,365,267,365;1;0;roboflow_universe:tatmantech/russian-license-plates-ec7zg@v2 <https://universe.roboflow.com/tatmantech/russian-license-plates-ec7zg>;CC-BY-4.0 (CC BY 4.0);day,glare
images/real/roboflow_universe_tatmantech_russian-license-plates-ec7zg_v2/e631po699_png.rf.d66f37b7774c02312d072ecaa247672f.jpg;########;type1;88,131,378,308;88,131,466,131,466,439,88,439;1;0;roboflow_universe:tatmantech/russian-license-plates-ec7zg@v2 <https://universe.roboflow.com/tatmantech/russian-license-plates-ec7zg>;CC-BY-4.0 (CC BY 4.0);day
images/real/roboflow_universe_tatmantech_russian-license-plates-ec7zg_v2/h854te152_png.rf.3a42a182c053e3c03cf8d908d43e6c1c.jpg;H854TE152;type1;10,192,619,190;10,192,629,192,629,381,10,381;1;0;roboflow_universe:tatmantech/russian-license-plates-ec7zg@v2 <https://universe.roboflow.com/tatmantech/russian-license-plates-ec7zg>;CC-BY-4.0 (CC BY 4.0);day
images/real/roboflow_universe_tatmantech_russian-license-plates-ec7zg_v2/k918yb82_jpg.rf.947f082995e2c0a2fdfa7fb00ca3840d.jpg;K918YB82;type1;83,458,112,60;83,458,195,458,195,517,83,517;1;0;roboflow_universe:tatmantech/russian-license-plates-ec7zg@v2 <https://universe.roboflow.com/tatmantech/russian-license-plates-ec7zg>;CC-BY-4.0 (CC BY 4.0);day
images/real/roboflow_universe_tatmantech_russian-license-plates-ec7zg_v2/m441et51_png.rf.826ae0664e392f75b74a94940737c7fb.jpg;M441ET51;type1;456,383,111,76;456,383,566,383,566,459,456,459;1;0;roboflow_universe:tatmantech/russian-license-plates-ec7zg@v2 <https://universe.roboflow.com/tatmantech/russian-license-plates-ec7zg>;CC-BY-4.0 (CC BY 4.0);day
images/real/roboflow_universe_tatmantech_russian-license-plates-ec7zg_v2/mixed_2_png.rf.f711b1cd3d65b5c05011187eaa817cef.jpg;########;type1;22,52,194,55;22,52,216,52,216,106,22,106;1;0;roboflow_universe:tatmantech/russian-license-plates-ec7zg@v2 <https://universe.roboflow.com/tatmantech/russian-license-plates-ec7zg>;CC-BY-4.0 (CC BY 4.0);day
images/real/roboflow_universe_tatmantech_russian-license-plates-ec7zg_v2/mixed_2_png.rf.f711b1cd3d65b5c05011187eaa817cef.jpg;########;type1;240,50,183,48;240,50,422,50,422,98,240,98;1;0;roboflow_universe:tatmantech/russian-license-plates-ec7zg@v2 <https://universe.roboflow.com/tatmantech/russian-license-plates-ec7zg>;CC-BY-4.0 (CC BY 4.0);day
images/real/roboflow_universe_tatmantech_russian-license-plates-ec7zg_v2/mixed_2_png.rf.f711b1cd3d65b5c05011187eaa817cef.jpg;########;type1;450,50,180,52;450,50,630,50,630,102,450,102;1;0;roboflow_universe:tatmantech/russian-license-plates-ec7zg@v2 <https://universe.roboflow.com/tatmantech/russian-license-plates-ec7zg>;CC-BY-4.0 (CC BY 4.0);day
images/real/roboflow_universe_tatmantech_russian-license-plates-ec7zg_v2/mixed_2_png.rf.f711b1cd3d65b5c05011187eaa817cef.jpg;########;type1;27,201,192,63;27,201,218,201,218,264,27,264;1;0;roboflow_universe:tatmantech/russian-license-plates-ec7zg@v2 <https://universe.roboflow.com/tatmantech/russian-license-plates-ec7zg>;CC-BY-4.0 (CC BY 4.0);day
images/real/roboflow_universe_tatmantech_russian-license-plates-ec7zg_v2/mixed_2_png.rf.f711b1cd3d65b5c05011187eaa817cef.jpg;########;type1;239,202,186,60;239,202,425,202,425,263,239,263;1;0;roboflow_universe:tatmantech/russian-license-plates-ec7zg@v2 <https://universe.roboflow.com/tatmantech/russian-license-plates-ec7zg>;CC-BY-4.0 (CC BY 4.0);day
images/real/roboflow_universe_tatmantech_russian-license-plates-ec7zg_v2/mixed_2_png.rf.f711b1cd3d65b5c05011187eaa817cef.jpg;########;type1;439,200,186,57;439,200,624,200,624,256,439,256;1;0;roboflow_universe:tatmantech/russian-license-plates-ec7zg@v2 <https://universe.roboflow.com/tatmantech/russian-license-plates-ec7zg>;CC-BY-4.0 (CC BY 4.0);day
images/real/roboflow_universe_tatmantech_russian-license-plates-ec7zg_v2/mixed_2_png.rf.f711b1cd3d65b5c05011187eaa817cef.jpg;########;type1;25,358,197,63;25,358,222,358,222,420,25,420;1;0;roboflow_universe:tatmantech/russian-license-plates-ec7zg@v2 <https://universe.roboflow.com/tatmantech/russian-license-plates-ec7zg>;CC-BY-4.0 (CC BY 4.0);day
images/real/roboflow_universe_tatmantech_russian-license-plates-ec7zg_v2/mixed_2_png.rf.f711b1cd3d65b5c05011187eaa817cef.jpg;########;type1;237,360,187,59;237,360,424,360,424,419,237,419;1;0;roboflow_universe:tatmantech/russian-license-plates-ec7zg@v2 <https://universe.roboflow.com/tatmantech/russian-license-plates-ec7zg>;CC-BY-4.0 (CC BY 4.0);day
images/real/roboflow_universe_tatmantech_russian-license-plates-ec7zg_v2/mixed_2_png.rf.f711b1cd3d65b5c05011187eaa817cef.jpg;########;type1b;447,345,182,58;447,345,629,345,629,403,447,403;1;0;roboflow_universe:tatmantech/russian-license-plates-ec7zg@v2 <https://universe.roboflow.com/tatmantech/russian-license-plates-ec7zg>;CC-BY-4.0 (CC BY 4.0);day
images/real/roboflow_universe_tatmantech_russian-license-plates-ec7zg_v2/mixed_2_png.rf.f711b1cd3d65b5c05011187eaa817cef.jpg;########;type1;30,511,192,68;30,511,222,511,222,579,30,579;1;0;roboflow_universe:tatmantech/russian-license-plates-ec7zg@v2 <https://universe.roboflow.com/tatmantech/russian-license-plates-ec7zg>;CC-BY-4.0 (CC BY 4.0);day
images/real/roboflow_universe_tatmantech_russian-license-plates-ec7zg_v2/mixed_2_png.rf.f711b1cd3d65b5c05011187eaa817cef.jpg;########;type1;256,501,111,86;256,501,367,501,367,588,256,588;1;0;roboflow_universe:tatmantech/russian-license-plates-ec7zg@v2 <https://universe.roboflow.com/tatmantech/russian-license-plates-ec7zg>;CC-BY-4.0 (CC BY 4.0);day
images/real/roboflow_universe_tatmantech_russian-license-plates-ec7zg_v2/mixed_2_png.rf.f711b1cd3d65b5c05011187eaa817cef.jpg;########;type1;434,492,68,73;434,492,501,492,501,564,434,564;1;0;roboflow_universe:tatmantech/russian-license-plates-ec7zg@v2 <https://universe.roboflow.com/tatmantech/russian-license-plates-ec7zg>;CC-BY-4.0 (CC BY 4.0);day
images/real/roboflow_universe_tatmantech_russian-license-plates-ec7zg_v2/mixed_2_png.rf.f711b1cd3d65b5c05011187eaa817cef.jpg;########;type1;542,490,66,74;542,490,607,490,607,565,542,565;1;0;roboflow_universe:tatmantech/russian-license-plates-ec7zg@v2 <https://universe.roboflow.com/tatmantech/russian-license-plates-ec7zg>;CC-BY-4.0 (CC BY 4.0);day
images/real/roboflow_universe_tatmantech_russian-license-plates-ec7zg_v2/o390pk70_png.rf.a828d9d5187eee7fd4bdb239eb626bdc.jpg;O390PK70;type1;358,416,154,66;358,416,512,416,512,483,358,483;1;0;roboflow_universe:tatmantech/russian-license-plates-ec7zg@v2 <https://universe.roboflow.com/tatmantech/russian-license-plates-ec7zg>;CC-BY-4.0 (CC BY 4.0);day
images/real/roboflow_universe_tatmantech_russian-license-plates-ec7zg_v2/p192ae177_png.rf.66568458a641cf4a0e2e485675a94bd9.jpg;P192AE177;type1;62,157,576,244;62,157,638,157,638,400,62,400;1;0;roboflow_universe:tatmantech/russian-license-plates-ec7zg@v2 <https://universe.roboflow.com/tatmantech/russian-license-plates-ec7zg>;CC-BY-4.0 (CC BY 4.0);day
images/real/roboflow_universe_tatmantech_russian-license-plates-ec7zg_v2/x773hc125_png.rf.5f3fa282599abe10a0dd8e0e42ffe932.jpg;########;type1;463,369,54,34;463,369,517,369,517,403,463,403;1;0;roboflow_universe:tatmantech/russian-license-plates-ec7zg@v2 <https://universe.roboflow.com/tatmantech/russian-license-plates-ec7zg>;CC-BY-4.0 (CC BY 4.0);day,glare
images/real/roboflow_universe_tatmantech_russian-license-plates-ec7zg_v2/x773hc125_png.rf.5f3fa282599abe10a0dd8e0e42ffe932.jpg;########;type1;55,58,19,13;55,58,74,58,74,70,55,70;1;0;roboflow_universe:tatmantech/russian-license-plates-ec7zg@v2 <https://universe.roboflow.com/tatmantech/russian-license-plates-ec7zg>;CC-BY-4.0 (CC BY 4.0);day,glare
images/real/roboflow_universe_tatmantech_russian-license-plates-ec7zg_v2/x773hc125_png.rf.5f3fa282599abe10a0dd8e0e42ffe932.jpg;########;type1;51,256,24,12;51,256,75,256,75,268,51,268;1;0;roboflow_universe:tatmantech/russian-license-plates-ec7zg@v2 <https://universe.roboflow.com/tatmantech/russian-license-plates-ec7zg>;CC-BY-4.0 (CC BY 4.0);day,glare
images/real/roboflow_universe_tatmantech_russian-license-plates-ec7zg_v2/x773hc125_png.rf.5f3fa282599abe10a0dd8e0e42ffe932.jpg;########;type1;52,382,24,19;52,382,76,382,76,402,52,402;1;0;roboflow_universe:tatmantech/russian-license-plates-ec7zg@v2 <https://universe.roboflow.com/tatmantech/russian-license-plates-ec7zg>;CC-BY-4.0 (CC BY 4.0);day,glare
images/real/roboflow_universe_tatmantech_russian-license-plates-ec7zg_v2/x773hc125_png.rf.5f3fa282599abe10a0dd8e0e42ffe932.jpg;########;type1;52,542,24,15;52,542,76,542,76,557,52,557;1;0;roboflow_universe:tatmantech/russian-license-plates-ec7zg@v2 <https://universe.roboflow.com/tatmantech/russian-license-plates-ec7zg>;CC-BY-4.0 (CC BY 4.0);day,glare
images/real/roboflow_universe_tatmantech_russian-license-plates-ec7zg_v2/x773hc125_png.rf.5f3fa282599abe10a0dd8e0e42ffe932.jpg;########;type1;254,311,10,8;254,311,265,311,265,320,254,320;1;0;roboflow_universe:tatmantech/russian-license-plates-ec7zg@v2 <https://universe.roboflow.com/tatmantech/russian-license-plates-ec7zg>;CC-BY-4.0 (CC BY 4.0);day,glare
images/real/roboflow_universe_tatmantech_russian-license-plates-ec7zg_v2/002CD178_png.rf.5e51b895b5a6fe5da16f63f446d33366.jpg;########;other;0,0,640,640;0,0,640,0,640,640,0,640;1;0;roboflow_universe:tatmantech/russian-license-plates-ec7zg@v2 <https://universe.roboflow.com/tatmantech/russian-license-plates-ec7zg>;CC-BY-4.0 (CC BY 4.0);day,glare
images/real/roboflow_universe_tatmantech_russian-license-plates-ec7zg_v2/002CD178_png.rf.c22c016ebd562f07c72509166967f95e.jpg;########;other;0,0,640,640;0,0,640,0,640,640,0,640;1;0;roboflow_universe:tatmantech/russian-license-plates-ec7zg@v2 <https://universe.roboflow.com/tatmantech/russian-license-plates-ec7zg>;CC-BY-4.0 (CC BY 4.0);day,glare
images/real/roboflow_universe_tatmantech_russian-license-plates-ec7zg_v2/006D16077_png.rf.4ebb244084bc5406bb53648ceedcd9fa.jpg;########;type1;84,209,446,204;84,209,531,209,531,413,84,413;1;0;roboflow_universe:tatmantech/russian-license-plates-ec7zg@v2 <https://universe.roboflow.com/tatmantech/russian-license-plates-ec7zg>;CC-BY-4.0 (CC BY 4.0);day,glare
images/real/roboflow_universe_tatmantech_russian-license-plates-ec7zg_v2/006D16077_png.rf.71c7e1e1100ab0f4db422d0a059061ec.jpg;########;type1;55,130,480,308;55,130,536,130,536,438,55,438;1;0;roboflow_universe:tatmantech/russian-license-plates-ec7zg@v2 <https://universe.roboflow.com/tatmantech/russian-license-plates-ec7zg>;CC-BY-4.0 (CC BY 4.0);day
images/real/roboflow_universe_tatmantech_russian-license-plates-ec7zg_v2/006D16077_png.rf.92a8595aa786d64fecb1fbe6fa1f574f.jpg;########;type1;80,185,464,243;80,185,544,185,544,428,80,428;1;0;roboflow_universe:tatmantech/russian-license-plates-ec7zg@v2 <https://universe.roboflow.com/tatmantech/russian-license-plates-ec7zg>;CC-BY-4.0 (CC BY 4.0);day,glare
images/real/roboflow_universe_tatmantech_russian-license-plates-ec7zg_v2/007EX7_png.rf.33623829338b145266018fec6457d18f.jpg;########;type1;100,99,457,350;100,99,556,99,556,449,100,449;1;0;roboflow_universe:tatmantech/russian-license-plates-ec7zg@v2 <https://universe.roboflow.com/tatmantech/russian-license-plates-ec7zg>;CC-BY-4.0 (CC BY 4.0);day
images/real/roboflow_universe_tatmantech_russian-license-plates-ec7zg_v2/007EX7_png.rf.6efa984d1c8ab0b67e2e8c672b4f40db.jpg;########;type1;24,94,534,477;24,94,557,94,557,571,24,571;1;0;roboflow_universe:tatmantech/russian-license-plates-ec7zg@v2 <https://universe.roboflow.com/tatmantech/russian-license-plates-ec7zg>;CC-BY-4.0 (CC BY 4.0);day
images/real/roboflow_universe_tatmantech_russian-license-plates-ec7zg_v2/007EX7_png.rf.c8470cfb8ef4a49db45534efe47d07ec.jpg;########;type1;58,0,582,493;58,0,640,0,640,493,58,493;1;0;roboflow_universe:tatmantech/russian-license-plates-ec7zg@v2 <https://universe.roboflow.com/tatmantech/russian-license-plates-ec7zg>;CC-BY-4.0 (CC BY 4.0);day,glare
images/real/roboflow_universe_tatmantech_russian-license-plates-ec7zg_v2/013d25877_png.rf.18ebf8a47a5fd76f964aaf59ab4e8f76.jpg;########;type1;118,276,475,229;118,276,594,276,594,505,118,505;1;0;roboflow_universe:tatmantech/russian-license-plates-ec7zg@v2 <https://universe.roboflow.com/tatmantech/russian-license-plates-ec7zg>;CC-BY-4.0 (CC BY 4.0);night
images/real/roboflow_universe_tatmantech_russian-license-plates-ec7zg_v2/013d25877_png.rf.a5f7c72eb44e381890ab4f43e8094079.jpg;########;type1;122,182,497,233;122,182,619,182,619,415,122,415;1;0;roboflow_universe:tatmantech/russian-license-plates-ec7zg@v2 <https://universe.roboflow.com/tatmantech/russian-license-plates-ec7zg>;CC-BY-4.0 (CC BY 4.0);day
images/real/roboflow_universe_tatmantech_russian-license-plates-ec7zg_v2/013d25877_png.rf.fb698830c66fe759832208b957f23cf0.jpg;########;type1;94,264,458,137;94,264,552,264,552,400,94,400;1;0;roboflow_universe:tatmantech/russian-license-plates-ec7zg@v2 <https://universe.roboflow.com/tatmantech/russian-license-plates-ec7zg>;CC-BY-4.0 (CC BY 4.0);day
images/real/roboflow_universe_tatmantech_russian-license-plates-ec7zg_v2/014D01978_png.rf.4b8fb20abc0d36249d16c1bba11b7f24.jpg;########;type1;156,233,354,136;156,233,509,233,509,369,156,369;1;0;roboflow_universe:tatmantech/russian-license-plates-ec7zg@v2 <https://universe.roboflow.com/tatmantech/russian-license-plates-ec7zg>;CC-BY-4.0 (CC BY 4.0);day,glare
images/real/roboflow_universe_tatmantech_russian-license-plates-ec7zg_v2/014D01978_png.rf.8b13475e2b7a7ccf29ed8b4e4d954ea8.jpg;########;type1;73,217,406,236;73,217,479,217,479,454,73,454;1;0;roboflow_universe:tatmantech/russian-license-plates-ec7zg@v2 <https://universe.roboflow.com/tatmantech/russian-license-plates-ec7zg>;CC-BY-4.0 (CC BY 4.0);night,glare
images/real/roboflow_universe_tatmantech_russian-license-plates-ec7zg_v2/014D01978_png.rf.e1488da9fa07fe8f02f9d171f06f9b5b.jpg;########;type1;84,210,393,172;84,210,477,210,477,382,84,382;1;0;roboflow_universe:tatmantech/russian-license-plates-ec7zg@v2 <https://universe.roboflow.com/tatmantech/russian-license-plates-ec7zg>;CC-BY-4.0 (CC BY 4.0);day
images/real/roboflow_universe_tatmantech_russian-license-plates-ec7zg_v2/014d02051_jpg.rf.641ef153b7ca7c4d854528a7e982b50b.jpg;########;type1;458,229,123,75;458,229,581,229,581,304,458,304;1;0;roboflow_universe:tatmantech/russian-license-plates-ec7zg@v2 <https://universe.roboflow.com/tatmantech/russian-license-plates-ec7zg>;CC-BY-4.0 (CC BY 4.0);day,glare
images/real/roboflow_universe_tatmantech_russian-license-plates-ec7zg_v2/014d02051_jpg.rf.86491c1bb607a087df3715ff4e959e01.jpg;########;type1;383,349,128,85;383,349,512,349,512,434,383,434;1;0;roboflow_universe:tatmantech/russian-license-plates-ec7zg@v2 <https://universe.roboflow.com/tatmantech/russian-license-plates-ec7zg>;CC-BY-4.0 (CC BY 4.0);day,glare
images/real/roboflow_universe_tatmantech_russian-license-plates-ec7zg_v2/014d02051_jpg.rf.a20deff431a40b7671b3dea005840ca5.jpg;########;type1;438,268,115,59;438,268,552,268,552,328,438,328;1;0;roboflow_universe:tatmantech/russian-license-plates-ec7zg@v2 <https://universe.roboflow.com/tatmantech/russian-license-plates-ec7zg>;CC-BY-4.0 (CC BY 4.0);day
images/real/roboflow_universe_tatmantech_russian-license-plates-ec7zg_v2/014d02051_png.rf.362c21140fcce1b7fce1d010a472104b.jpg;########;type1;486,237,132,78;486,237,618,237,618,315,486,315;1;0;roboflow_universe:tatmantech/russian-license-plates-ec7zg@v2 <https://universe.roboflow.com/tatmantech/russian-license-plates-ec7zg>;CC-BY-4.0 (CC BY 4.0);day,glare
images/real/roboflow_universe_tatmantech_russian-license-plates-ec7zg_v2/014d02051_png.rf.f2dd1f2390ba185e2b17b3a86e299df4.jpg;########;type1;405,300,129,81;405,300,534,300,534,380,405,380;1;0;roboflow_universe:tatmantech/russian-license-plates-ec7zg@v2 <https://universe.roboflow.com/tatmantech/russian-license-plates-ec7zg>;CC-BY-4.0 (CC BY 4.0);day
images/real/roboflow_universe_tatmantech_russian-license-plates-ec7zg_v2/014k01177_png.rf.053f7342abb45ef2cb914db85ca8a876.jpg;########;type1b;62,244,454,160;62,244,516,244,516,404,62,404;1;0;roboflow_universe:tatmantech/russian-license-plates-ec7zg@v2 <https://universe.roboflow.com/tatmantech/russian-license-plates-ec7zg>;CC-BY-4.0 (CC BY 4.0);day
images/real/roboflow_universe_tatmantech_russian-license-plates-ec7zg_v2/014k01177_png.rf.1336c3aa23fef444bb0aa16fce504608.jpg;########;type1;0,202,494,261;0,202,494,202,494,463,0,463;1;0;roboflow_universe:tatmantech/russian-license-plates-ec7zg@v2 <https://universe.roboflow.com/tatmantech/russian-license-plates-ec7zg>;CC-BY-4.0 (CC BY 4.0);night
images/real/roboflow_universe_tatmantech_russian-license-plates-ec7zg_v2/014k01177_png.rf.b4aee9788dcec00ef44d10ab69248897.jpg;########;type1;73,201,509,285;73,201,582,201,582,486,73,486;1;0;roboflow_universe:tatmantech/russian-license-plates-ec7zg@v2 <https://universe.roboflow.com/tatmantech/russian-license-plates-ec7zg>;CC-BY-4.0 (CC BY 4.0);day
images/real/roboflow_universe_tatmantech_russian-license-plates-ec7zg_v2/021aa92-ak320ah_png.rf.1f9e740ed310546a0b40b0a47057a06f.jpg;########;type1;0,288,470,352;0,288,470,288,470,640,0,640;1;0;roboflow_universe:tatmantech/russian-license-plates-ec7zg@v2 <https://universe.roboflow.com/tatmantech/russian-license-plates-ec7zg>;CC-BY-4.0 (CC BY 4.0);day,glare
images/real/roboflow_universe_tatmantech_russian-license-plates-ec7zg_v2/021aa92-ak320ah_png.rf.1f9e740ed310546a0b40b0a47057a06f.jpg;########;type1;0,151,371,306;0,151,371,151,371,457,0,457;1;0;roboflow_universe:tatmantech/russian-license-plates-ec7zg@v2 <https://universe.roboflow.com/tatmantech/russian-license-plates-ec7zg>;CC-BY-4.0 (CC BY 4.0);day,glare
images/real/roboflow_universe_tatmantech_russian-license-plates-ec7zg_v2/021aa92-ak320ah_png.rf.3b849be9b3f3dfbbf7be3bac07becd7c.jpg;########;type1;28,302,462,244;28,302,490,302,490,546,28,546;1;0;roboflow_universe:tatmantech/russian-license-plates-ec7zg@v2 <https://universe.roboflow.com/tatmantech/russian-license-plates-ec7zg>;CC-BY-4.0 (CC BY 4.0);day
images/real/roboflow_universe_tatmantech_russian-license-plates-ec7zg_v2/021aa92-ak320ah_png.rf.3b849be9b3f3dfbbf7be3bac07becd7c.jpg;########;type1;3,158,387,205;3,158,390,158,390,363,3,363;1;0;roboflow_universe:tatmantech/russian-license-plates-ec7zg@v2 <https://universe.roboflow.com/tatmantech/russian-license-plates-ec7zg>;CC-BY-4.0 (CC BY 4.0);day
images/real/roboflow_universe_tatmantech_russian-license-plates-ec7zg_v2/021aa92-ak320ah_png.rf.bc134eb9b79b09d677f3d6b90cf6b845.jpg;########;type1;0,282,455,276;0,282,455,282,455,558,0,558;1;0;roboflow_universe:tatmantech/russian-license-plates-ec7zg@v2 <https://universe.roboflow.com/tatmantech/russian-license-plates-ec7zg>;CC-BY-4.0 (CC BY 4.0);night
images/real/roboflow_universe_tatmantech_russian-license-plates-ec7zg_v2/021aa92-ak320ah_png.rf.bc134eb9b79b09d677f3d6b90cf6b845.jpg;########;type1;0,136,383,231;0,136,383,136,383,368,0,368;1;0;roboflow_universe:tatmantech/russian-license-plates-ec7zg@v2 <https://universe.roboflow.com/tatmantech/russian-license-plates-ec7zg>;CC-BY-4.0 (CC BY 4.0);night
images/real/roboflow_universe_tatmantech_russian-license-plates-ec7zg_v2/0245OK43_png.rf.29cae647d38d444e4c863f43aefa5cab.jpg;########;type1;0,5,640,635;0,5,640,5,640,640,0,640;1;0;roboflow_universe:tatmantech/russian-license-plates-ec7zg@v2 <https://universe.roboflow.com/tatmantech/russian-license-plates-ec7zg>;CC-BY-4.0 (CC BY 4.0);night
images/real/roboflow_universe_tatmantech_russian-license-plates-ec7zg_v2/0245OK43_png.rf.2ce0d394a5a41ab9f50d08beee263f40.jpg;########;type1;0,0,640,640;0,0,640,0,640,640,0,640;1;0;roboflow_universe:tatmantech/russian-license-plates-ec7zg@v2 <https://universe.roboflow.com/tatmantech/russian-license-plates-ec7zg>;CC-BY-4.0 (CC BY 4.0);night
images/real/roboflow_universe_tatmantech_russian-license-plates-ec7zg_v2/0248ap50_jpg.rf.13ee4ccd50c2cc37e45445667f52f517.jpg;########;type1;436,326,164,142;436,326,600,326,600,468,436,468;1;0;roboflow_universe:tatmantech/russian-license-plates-ec7zg@v2 <https://universe.roboflow.com/tatmantech/russian-license-plates-ec7zg>;CC-BY-4.0 (CC BY 4.0);night
images/real/roboflow_universe_tatmantech_russian-license-plates-ec7zg_v2/0248ap50_jpg.rf.8a0f06f9141fbea3cafc730bd91ca151.jpg;########;type1;415,223,191,163;415,223,605,223,605,386,415,386;1;0;roboflow_universe:tatmantech/russian-license-plates-ec7zg@v2 <https://universe.roboflow.com/tatmantech/russian-license-plates-ec7zg>;CC-BY-4.0 (CC BY 4.0);day,glare
images/real/roboflow_universe_tatmantech_russian-license-plates-ec7zg_v2/0248ap50_jpg.rf.d0e613a968971402015d28f050e3c5e7.jpg;########;type1;439,296,160,127;439,296,599,296,599,424,439,424;1;0;roboflow_universe:tatmantech/russian-license-plates-ec7zg@v2 <https://universe.roboflow.com/tatmantech/russian-license-plates-ec7zg>;CC-BY-4.0 (CC BY 4.0);day,glare
images/real/roboflow_universe_tatmantech_russian-license-plates-ec7zg_v2/0565EK43_png.rf.595d31229b05361a7418b84473f5bb85.jpg;########;type1;408,434,77,30;408,434,486,434,486,464,408,464;1;0;roboflow_universe:tatmantech/russian-license-plates-ec7zg@v2 <https://universe.roboflow.com/tatmantech/russian-license-plates-ec7zg>;CC-BY-4.0 (CC BY 4.0);day
images/real/roboflow_universe_tatmantech_russian-license-plates-ec7zg_v2/0565EK43_png.rf.5ef95276bd237a83b173137c72af628d.jpg;########;type1;481,324,86,55;481,324,567,324,567,378,481,378;1;0;roboflow_universe:tatmantech/russian-license-plates-ec7zg@v2 <https://universe.roboflow.com/tatmantech/russian-license-plates-ec7zg>;CC-BY-4.0 (CC BY 4.0);night
images/real/roboflow_universe_tatmantech_russian-license-plates-ec7zg_v2/0565EK43_png.rf.aed36f9ece0c1fba401ed073d16e953e.jpg;########;type1;302,358,87,55;302,358,390,358,390,412,302,412;1;0;roboflow_universe:tatmantech/russian-license-plates-ec7zg@v2 <https://universe.roboflow.com/tatmantech/russian-license-plates-ec7zg>;CC-BY-4.0 (CC BY 4.0);day,glare
images/real/roboflow_universe_tatmantech_russian-license-plates-ec7zg_v2/069m01878_jpg.rf.299cc52274fe1cc106bb9d0362a635ee.jpg;########;type1;98,184,361,197;98,184,459,184,459,381,98,381;1;0;roboflow_universe:tatmantech/russian-license-plates-ec7zg@v2 <https://universe.roboflow.com/tatmantech/russian-license-plates-ec7zg>;CC-BY-4.0 (CC BY 4.0);day,glare
images/real/roboflow_universe_tatmantech_russian-license-plates-ec7zg_v2/069m01878_jpg.rf.40932f36dcbfeda02246286c3cda7bde.jpg;########;type1b;94,238,358,150;94,238,452,238,452,389,94,389;1;0;roboflow_universe:tatmantech/russian-license-plates-ec7zg@v2 <https://universe.roboflow.com/tatmantech/russian-license-plates-ec7zg>;CC-BY-4.0 (CC BY 4.0);day,glare
images/real/roboflow_universe_tatmantech_russian-license-plates-ec7zg_v2/069m01878_jpg.rf.e62f904a6bb7bd3be5bdfe0d13939bd9.jpg;########;type1b;134,266,343,126;134,266,478,266,478,392,134,392;1;0;roboflow_universe:tatmantech/russian-license-plates-ec7zg@v2 <https://universe.roboflow.com/tatmantech/russian-license-plates-ec7zg>;CC-BY-4.0 (CC BY 4.0);day,glare
images/real/roboflow_universe_tatmantech_russian-license-plates-ec7zg_v2/069m1878_png.rf.b573bb4a242c007f06ee05b651be7efd.jpg;########;type1;104,275,361,208;104,275,465,275,465,483,104,483;1;0;roboflow_universe:tatmantech/russian-license-plates-ec7zg@v2 <https://universe.roboflow.com/tatmantech/russian-license-plates-ec7zg>;CC-BY-4.0 (CC BY 4.0);day,glare
images/real/roboflow_universe_tatmantech_russian-license-plates-ec7zg_v2/069m1878_png.rf.bd33ed762d76fe6bfeaf42453313b985.jpg;########;type1b;155,224,359,164;155,224,514,224,514,388,155,388;1;0;roboflow_universe:tatmantech/russian-license-plates-ec7zg@v2 <https://universe.roboflow.com/tatmantech/russian-license-plates-ec7zg>;CC-BY-4.0 (CC BY 4.0);day,glare
images/real/roboflow_universe_tatmantech_russian-license-plates-ec7zg_v2/069t11478_png.rf.1ab1100269a230cc0dda24a144bb4b25.jpg;########;type1;74,253,530,287;74,253,604,253,604,540,74,540;1;0;roboflow_universe:tatmantech/russian-license-plates-ec7zg@v2 <https://universe.roboflow.com/tatmantech/russian-license-plates-ec7zg>;CC-BY-4.0 (CC BY 4.0);day
images/real/roboflow_universe_tatmantech_russian-license-plates-ec7zg_v2/069t11478_png.rf.4fc4719883df55b85d964290bd4d2306.jpg;########;type1;70,255,521,359;70,255,592,255,592,615,70,615;1;0;roboflow_universe:tatmantech/russian-license-plates-ec7zg@v2 <https://universe.roboflow.com/tatmantech/russian-license-plates-ec7zg>;CC-BY-4.0 (CC BY 4.0);day
images/real/roboflow_universe_tatmantech_russian-license-plates-ec7zg_v2/069t11478_png.rf.651aaadd13272e8cd98beb3e40853061.jpg;########;type1;68,302,484,217;68,302,553,302,553,518,68,518;1;0;roboflow_universe:tatmantech/russian-license-plates-ec7zg@v2 <https://universe.roboflow.com/tatmantech/russian-license-plates-ec7zg>;CC-BY-4.0 (CC BY 4.0);day
images/real/roboflow_universe_tatmantech_russian-license-plates-ec7zg_v2/0799OO199_png.rf.3a8251b7254c456ffd637da241b514e8.jpg;########;type1;144,256,354,119;144,256,498,256,498,375,144,375;1;0;roboflow_universe:tatmantech/russian-license-plates-ec7zg@v2 <https://universe.roboflow.com/tatmantech/russian-license-plates-ec7zg>;CC-BY-4.0 (CC BY 4.0);day,glare
images/real/roboflow_universe_tatmantech_russian-license-plates-ec7zg_v2/0799OO199_png.rf.46df674311a2a1d541cf9e17a816b93f.jpg;########;type1;92,198,394,217;92,198,486,198,486,415,92,415;1;0;roboflow_universe:tatmantech/russian-license-plates-ec7zg@v2 <https://universe.roboflow.com/tatmantech/russian-license-plates-ec7zg>;CC-BY-4.0 (CC BY 4.0);night
images/real/roboflow_universe_tatmantech_russian-license-plates-ec7zg_v2/0799OO199_png.rf.b3691fe0360e88304f730e2cafba2943.jpg;########;type1;161,243,377,155;161,243,538,243,538,399,161,399;1;0;roboflow_universe:tatmantech/russian-license-plates-ec7zg@v2 <https://universe.roboflow.com/tatmantech/russian-license-plates-ec7zg>;CC-BY-4.0 (CC BY 4.0);night
images/real/roboflow_universe_tatmantech_russian-license-plates-ec7zg_v2/083t00378_jpg.rf.12ecedc30147761a7aef89d2ad387dd1.jpg;########;type1;104,263,404,137;104,263,508,263,508,400,104,400;1;0;roboflow_universe:tatmantech/russian-license-plates-ec7zg@v2 <https://universe.roboflow.com/tatmantech/russian-license-plates-ec7zg>;CC-BY-4.0 (CC BY 4.0);night
images/real/roboflow_universe_tatmantech_russian-license-plates-ec7zg_v2/083t00378_jpg.rf.c4461100d596f813f9146f04f5afce67.jpg;########;type1;97,157,422,258;97,157,519,157,519,415,97,415;1;0;roboflow_universe:tatmantech/russian-license-plates-ec7zg@v2 <https://universe.roboflow.com/tatmantech/russian-license-plates-ec7zg>;CC-BY-4.0 (CC BY 4.0);night
images/real/roboflow_universe_tatmantech_russian-license-plates-ec7zg_v2/083t00378_jpg.rf.d357b9347bc04bd62ee16ba5a1d77f18.jpg;########;type1;89,170,411,216;89,170,500,170,500,385,89,385;1;0;roboflow_universe:tatmantech/russian-license-plates-ec7zg@v2 <https://universe.roboflow.com/tatmantech/russian-license-plates-ec7zg>;CC-BY-4.0 (CC BY 4.0);day,glare
images/real/roboflow_universe_tatmantech_russian-license-plates-ec7zg_v2/083t00378_png.rf.9ed3bd5bde8176d89b3deb10fb81173e.jpg;########;type1;124,241,446,248;124,241,570,241,570,489,124,489;1;0;roboflow_universe:tatmantech/russian-license-plates-ec7zg@v2 <https://universe.roboflow.com/tatmantech/russian-license-plates-ec7zg>;CC-BY-4.0 (CC BY 4.0);day
images/real/roboflow_universe_tatmantech_russian-license-plates-ec7zg_v2/083t00378_png.rf.f7d642974eddbeda906ce63b838dd8de.jpg;########;type1;27,234,457,237;27,234,484,234,484,470,27,470;1;0;roboflow_universe:tatmantech/russian-license-plates-ec7zg@v2 <https://universe.roboflow.com/tatmantech/russian-license-plates-ec7zg>;CC-BY-4.0 (CC BY 4.0);day,glare
images/real/roboflow_universe_tatmantech_russian-license-plates-ec7zg_v2/1133AA77_png.rf.807ffab1d4314f0c171d482e167daf4f.jpg;########;type1;0,0,636,635;0,0,636,0,636,635,0,635;1;0;roboflow_universe:tatmantech/russian-license-plates-ec7zg@v2 <https://universe.roboflow.com/tatmantech/russian-license-plates-ec7zg>;CC-BY-4.0 (CC BY 4.0);day,glare
images/real/roboflow_universe_tatmantech_russian-license-plates-ec7zg_v2/1133AA77_png.rf.cbe25107c1b5a8c617ec3c2921436179.jpg;########;type1;0,0,640,640;0,0,640,0,640,640,0,640;1;0;roboflow_universe:tatmantech/russian-license-plates-ec7zg@v2 <https://universe.roboflow.com/tatmantech/russian-license-plates-ec7zg>;CC-BY-4.0 (CC BY 4.0);day,glare
images/real/roboflow_universe_tatmantech_russian-license-plates-ec7zg_v2/1133AA77_png.rf.f4da8e242a9079dc9e6821382eeee77f.jpg;########;type1;0,0,640,640;0,0,640,0,640,640,0,640;1;0;roboflow_universe:tatmantech/russian-license-plates-ec7zg@v2 <https://universe.roboflow.com/tatmantech/russian-license-plates-ec7zg>;CC-BY-4.0 (CC BY 4.0);day,glare
images/real/roboflow_universe_tatmantech_russian-license-plates-ec7zg_v2/1213ba_jpg.rf.b42ef15631baf59b7269bdec7dfcdac2.jpg;########;type1;89,197,319,295;89,197,408,197,408,492,89,492;1;0;roboflow_universe:tatmantech/russian-license-plates-ec7zg@v2 <https://universe.roboflow.com/tatmantech/russian-license-plates-ec7zg>;CC-BY-4.0 (CC BY 4.0);day,glare
images/real/roboflow_universe_tatmantech_russian-license-plates-ec7zg_v2/1213ba_jpg.rf.b5cb01f9099724a0c23e680dc2a3797a.jpg;########;type1;190,214,220,250;190,214,410,214,410,464,190,464;1;0;roboflow_universe:tatmantech/russian-license-plates-ec7zg@v2 <https://universe.roboflow.com/tatmantech/russian-license-plates-ec7zg>;CC-BY-4.0 (CC BY 4.0);day
images/real/roboflow_universe_tatmantech_russian-license-plates-ec7zg_v2/1213ba_jpg.rf.f9b81c233a6eaeffa5fab547caf44e3d.jpg;########;type1;139,125,286,335;139,125,425,125,425,459,139,459;1;0;roboflow_universe:tatmantech/russian-license-plates-ec7zg@v2 <https://universe.roboflow.com/tatmantech/russian-license-plates-ec7zg>;CC-BY-4.0 (CC BY 4.0);day
images/real/roboflow_universe_tatmantech_russian-license-plates-ec7zg_v2/1213ba_png.rf.ac36f8b5f3c51794e6ccce6d1994d77e.jpg;########;type1;137,147,276,311;137,147,413,147,413,458,137,458;1;0;roboflow_universe:tatmantech/russian-license-plates-ec7zg@v2 <https://universe.roboflow.com/tatmantech/russian-license-plates-ec7zg>;CC-BY-4.0 (CC BY 4.0);day
images/real/roboflow_universe_tatmantech_russian-license-plates-ec7zg_v2/1213ba_png.rf.ff651788df90652fa3c2ffe97a76bc4d.jpg;########;type1;150,235,251,297;150,235,401,235,401,532,150,532;1;0;roboflow_universe:tatmantech/russian-license-plates-ec7zg@v2 <https://universe.roboflow.com/tatmantech/russian-license-plates-ec7zg>;CC-BY-4.0 (CC BY 4.0);day,glare
images/real/roboflow_universe_tatmantech_russian-license-plates-ec7zg_v2/124T00378_png.rf.274c3281a28afcb2924afa65076e5704.jpg;########;type1;224,286,162,88;224,286,386,286,386,374,224,374;1;0;roboflow_universe:tatmantech/russian-license-plates-ec7zg@v2 <https://universe.roboflow.com/tatmantech/russian-license-plates-ec7zg>;CC-BY-4.0 (CC BY 4.0);day
images/real/roboflow_universe_tatmantech_russian-license-plates-ec7zg_v2/124T00378_png.rf.754630973730733080f46fcb465cd85e.jpg;########;type1;151,229,189,126;151,229,340,229,340,355,151,355;1;0;roboflow_universe:tatmantech/russian-license-plates-ec7zg@v2 <https://universe.roboflow.com/tatmantech/russian-license-plates-ec7zg>;CC-BY-4.0 (CC BY 4.0);night
images/real/roboflow_universe_tatmantech_russian-license-plates-ec7zg_v2/124T00378_png.rf.9028f48f3718f4ed903e7c93670f583b.jpg;########;type1;226,229,182,137;226,229,408,229,408,366,226,366;1;0;roboflow_universe:tatmantech/russian-license-plates-ec7zg@v2 <https://universe.roboflow.com/tatmantech/russian-license-plates-ec7zg>;CC-BY-4.0 (CC BY 4.0);day
images/real/roboflow_universe_tatmantech_russian-license-plates-ec7zg_v2/127D00378_png.rf.2e11313c0cdc72bb489ff8b13741963b.jpg;########;type1;147,222,399,198;147,222,546,222,546,420,147,420;1;0;roboflow_universe:tatmantech/russian-license-plates-ec7zg@v2 <https://universe.roboflow.com/tatmantech/russian-license-plates-ec7zg>;CC-BY-4.0 (CC BY 4.0);day,glare
images/real/roboflow_universe_tatmantech_russian-license-plates-ec7zg_v2/127D00378_png.rf.701a7fdce0cfc466595274f28019c11c.jpg;########;type1;127,282,384,148;127,282,511,282,511,430,127,430;1;0;roboflow_universe:tatmantech/russian-license-plates-ec7zg@v2 <https://universe.roboflow.com/tatmantech/russian-license-plates-ec7zg>;CC-BY-4.0 (CC BY 4.0);day,glare
images/real/roboflow_universe_tatmantech_russian-license-plates-ec7zg_v2/127D00378_png.rf.e9578662241ddf22549adcc3112319c0.jpg;########;type1;171,279,428,223;171,279,599,279,599,502,171,502;1;0;roboflow_universe:tatmantech/russian-license-plates-ec7zg@v2 <https://universe.roboflow.com/tatmantech/russian-license-plates-ec7zg>;CC-BY-4.0 (CC BY 4.0);night
images/real/roboflow_universe_tatmantech_russian-license-plates-ec7zg_v2/1449eam_png.rf.3e0cf04ac082e50d67c60c4a052c1880.jpg;########;type1;4,0,636,640;4,0,640,0,640,640,4,640;1;0;roboflow_universe:tatmantech/russian-license-plates-ec7zg@v2 <https://universe.roboflow.com/tatmantech/russian-license-plates-ec7zg>;CC-BY-4.0 (CC BY 4.0);day
images/real/roboflow_universe_tatmantech_russian-license-plates-ec7zg_v2/1449eam_png.rf.ee0dffa0af23e5d9b0a46edacfcbb3c5.jpg;########;type1;0,71,629,569;0,71,629,71,629,640,0,640;1;0;roboflow_universe:tatmantech/russian-license-plates-ec7zg@v2 <https://universe.roboflow.com/tatmantech/russian-license-plates-ec7zg>;CC-BY-4.0 (CC BY 4.0);day
images/real/roboflow_universe_tatmantech_russian-license-plates-ec7zg_v2/1449eam_png.rf.f406d1782ecad3abf22ddc2469143bc2.jpg;########;type1;2,98,628,497;2,98,630,98,630,595,2,595;1;0;roboflow_universe:tatmantech/russian-license-plates-ec7zg@v2 <https://universe.roboflow.com/tatmantech/russian-license-plates-ec7zg>;CC-BY-4.0 (CC BY 4.0);day
images/real/roboflow_universe_tatmantech_russian-license-plates-ec7zg_v2/1710-6493-5910_png.rf.1868c44cc63df4f303a9f51815417937.jpg;########;type1;11,159,568,243;11,159,579,159,579,402,11,402;1;0;roboflow_universe:tatmantech/russian-license-plates-ec7zg@v2 <https://universe.roboflow.com/tatmantech/russian-license-plates-ec7zg>;CC-BY-4.0 (CC BY 4.0);day,glare
images/real/roboflow_universe_tatmantech_russian-license-plates-ec7zg_v2/1710-6493-5910_png.rf.1868c44cc63df4f303a9f51815417937.jpg;########;type1;13,327,491,313;13,327,504,327,504,640,13,640;1;0;roboflow_universe:tatmantech/russian-license-plates-ec7zg@v2 <https://universe.roboflow.com/tatmantech/russian-license-plates-ec7zg>;CC-BY-4.0 (CC BY 4.0);day,glare
images/real/roboflow_universe_tatmantech_russian-license-plates-ec7zg_v2/1710-6493-5910_png.rf.1868c44cc63df4f303a9f51815417937.jpg;########;type1;0,1,640,239;0,1,640,1,640,240,0,240;1;0;roboflow_universe:tatmantech/russian-license-plates-ec7zg@v2 <https://universe.roboflow.com/tatmantech/russian-license-plates-ec7zg>;CC-BY-4.0 (CC BY 4.0);day,glare
images/real/roboflow_universe_tatmantech_russian-license-plates-ec7zg_v2/1710-6493-5910_png.rf.7aceb21248875efd8d3213e6e58d12c6.jpg;########;type1;68,48,572,347;68,48,640,48,640,396,68,396;1;0;roboflow_universe:tatmantech/russian-license-plates-ec7zg@v2 <https://universe.roboflow.com/tatmantech/russian-license-plates-ec7zg>;CC-BY-4.0 (CC BY 4.0);day,glare
images/real/roboflow_universe_tatmantech_russian-license-plates-ec7zg_v2/1710-6493-5910_png.rf.7aceb21248875efd8d3213e6e58d12c6.jpg;########;type1;68,228,513,407;68,228,581,228,581,635,68,635;1;0;roboflow_universe:tatmantech/russian-license-plates-ec7zg@v2 <https://universe.roboflow.com/tatmantech/russian-license-plates-ec7zg>;CC-BY-4.0 (CC BY 4.0);day,glare
images/real/roboflow_universe_tatmantech_russian-license-plates-ec7zg_v2/1710-6493-5910_png.rf.7aceb21248875efd8d3213e6e58d12c6.jpg;########;type1;52,0,588,245;52,0,640,0,640,245,52,245;1;0;roboflow_universe:tatmantech/russian-license-plates-ec7zg@v2 <https://universe.roboflow.com/tatmantech/russian-license-plates-ec7zg>;CC-BY-4.0 (CC BY 4.0);day,glare
images/real/roboflow_universe_tatmantech_russian-license-plates-ec7zg_v2/1710-6493-5910_png.rf.93288ed0e4959e7a0c3b2a2016d4d1a0.jpg;########;type1;57,172,532,166;57,172,589,172,589,338,57,338;1;0;roboflow_universe:tatmantech/russian-license-plates-ec7zg@v2 <https://universe.roboflow.com/tatmantech/russian-license-plates-ec7zg>;CC-BY-4.0 (CC BY 4.0);day,glare
images/real/roboflow_universe_tatmantech_russian-license-plates-ec7zg_v2/1710-6493-5910_png.rf.93288ed0e4959e7a0c3b2a2016d4d1a0.jpg;########;type1;116,334,431,288;116,334,546,334,546,622,116,622;1;0;roboflow_universe:tatmantech/russian-license-plates-ec7zg@v2 <https://universe.roboflow.com/tatmantech/russian-license-plates-ec7zg>;CC-BY-4.0 (CC BY 4.0);day,glare
images/real/roboflow_universe_tatmantech_russian-license-plates-ec7zg_v2/1710-6493-5910_png.rf.93288ed0e4959e7a0c3b2a2016d4d1a0.jpg;########;type1;6,11,628,159;6,11,635,11,635,170,6,170;1;0;roboflow_universe:tatmantech/russian-license-plates-ec7zg@v2 <https://universe.roboflow.com/tatmantech/russian-license-plates-ec7zg>;CC-BY-4.0 (CC BY 4.0);day,glare
images/real/roboflow_universe_tatmantech_russian-license-plates-ec7zg_v2/1947bcm_jpg.rf.921438516448d8a8792144abff1b723b.jpg;########;type1;212,274,176,174;212,274,388,274,388,448,212,448;1;0;roboflow_universe:tatmantech/russian-license-plates-ec7zg@v2 <https://universe.roboflow.com/tatmantech/russian-license-plates-ec7zg>;CC-BY-4.0 (CC BY 4.0);day,glare
images/real/roboflow_universe_tatmantech_russian-license-plates-ec7zg_v2/1947bcm_jpg.rf.de1ba56b50e990107a4f063a5a3e2bf6.jpg;########;type1;236,255,199,188;236,255,435,255,435,443,236,443;1;0;roboflow_universe:tatmantech/russian-license-plates-ec7zg@v2 <https://universe.roboflow.com/tatmantech/russian-license-plates-ec7zg>;CC-BY-4.0 (CC BY 4.0);day
images/real/roboflow_universe_tatmantech_russian-license-plates-ec7zg_v2/1947bcm_jpg.rf.e8e605e3b60d5c68fe682b591de43496.jpg;########;type1;144,288,209,196;144,288,353,288,353,484,144,484;1;0;roboflow_universe:tatmantech/russian-license-plates-ec7zg@v2 <https://universe.roboflow.com/tatmantech/russian-license-plates-ec7zg>;CC-BY-4.0 (CC BY 4.0);day
images/real/roboflow_universe_tatmantech_russian-license-plates-ec7zg_v2/1947bcm_png.rf.c333303b2d1b52b1f7d90fb6cc6df68b.jpg;########;type1;230,296,212,219;230,296,442,296,442,516,230,516;1;0;roboflow_universe:tatmantech/russian-license-plates-ec7zg@v2 <https://universe.roboflow.com/tatmantech/russian-license-plates-ec7zg>;CC-BY-4.0 (CC BY 4.0);day,glare
images/real/roboflow_universe_tatmantech_russian-license-plates-ec7zg_v2/1947bcm_png.rf.dea461ed3f5e9e943956671e6e825925.jpg;########;type1;230,280,212,203;230,280,442,280,442,483,230,483;1;0;roboflow_universe:tatmantech/russian-license-plates-ec7zg@v2 <https://universe.roboflow.com/tatmantech/russian-license-plates-ec7zg>;CC-BY-4.0 (CC BY 4.0);day
images/real/roboflow_universe_tatmantech_russian-license-plates-ec7zg_v2/1953CYH_png.rf.107f1f8b116cd7d62b703b0148a33b4b.jpg;########;type1;5,0,635,633;5,0,640,0,640,634,5,634;1;0;roboflow_universe:tatmantech/russian-license-plates-ec7zg@v2 <https://universe.roboflow.com/tatmantech/russian-license-plates-ec7zg>;CC-BY-4.0 (CC BY 4.0);day
images/real/roboflow_universe_tatmantech_russian-license-plates-ec7zg_v2/1953CYH_png.rf.478c8217fa11ae86d25709a0a3f6b91b.jpg;########;type1;0,0,640,581;0,0,640,0,640,581,0,581;1;0;roboflow_universe:tatmantech/russian-license-plates-ec7zg@v2 <https://universe.roboflow.com/tatmantech/russian-license-plates-ec7zg>;CC-BY-4.0 (CC BY 4.0);day
images/real/roboflow_universe_tatmantech_russian-license-plates-ec7zg_v2/1953CYH_png.rf.7a30070db70164308bb5e02c6f24d965.jpg;########;type1;41,28,551,493;41,28,592,28,592,522,41,522;1;0;roboflow_universe:tatmantech/russian-license-plates-ec7zg@v2 <https://universe.roboflow.com/tatmantech/russian-license-plates-ec7zg>;CC-BY-4.0 (CC BY 4.0);day
images/real/roboflow_universe_tatmantech_russian-license-plates-ec7zg_v2/2158_png.rf.18d4b97e737cb74fa8517fad582c7463.jpg;########;type1b;10,4,622,628;10,4,632,4,632,631,10,631;1;0;roboflow_universe:tatmantech/russian-license-plates-ec7zg@v2 <https://universe.roboflow.com/tatmantech/russian-license-plates-ec7zg>;CC-BY-4.0 (CC BY 4.0);day,glare
images/real/roboflow_universe_tatmantech_russian-license-plates-ec7zg_v2/2158_png.rf.46ece6c7153aca907c002828e5e6cb5f.jpg;########;type1b;0,0,640,640;0,0,640,0,640,640,0,640;1;0;roboflow_universe:tatmantech/russian-license-plates-ec7zg@v2 <https://universe.roboflow.com/tatmantech/russian-license-plates-ec7zg>;CC-BY-4.0 (CC BY 4.0);day,glare
images/real/roboflow_universe_tatmantech_russian-license-plates-ec7zg_v2/2158_png.rf.6f139e39a2e2988daceca791096ab4c9.jpg;########;type1;0,0,640,640;0,0,640,0,640,640,0,640;1;0;roboflow_universe:tatmantech/russian-license-plates-ec7zg@v2 <https://universe.roboflow.com/tatmantech/russian-license-plates-ec7zg>;CC-BY-4.0 (CC BY 4.0);day
images/real/roboflow_universe_tatmantech_russian-license-plates-ec7zg_v2/2947MH_png.rf.2a1a37172954396ab6b457994a89966d.jpg;########;type1;124,201,506,287;124,201,630,201,630,488,124,488;1;0;roboflow_universe:tatmantech/russian-license-plates-ec7zg@v2 <https://universe.roboflow.com/tatmantech/russian-license-plates-ec7zg>;CC-BY-4.0 (CC BY 4.0);night
images/real/roboflow_universe_tatmantech_russian-license-plates-ec7zg_v2/2947MH_png.rf.35181a36b14e492a20e25af1f4220496.jpg;########;type1;122,151,507,303;122,151,629,151,629,454,122,454;1;0;roboflow_universe:tatmantech/russian-license-plates-ec7zg@v2 <https://universe.roboflow.com/tatmantech/russian-license-plates-ec7zg>;CC-BY-4.0 (CC BY 4.0);night,glare
images/real/roboflow_universe_tatmantech_russian-license-plates-ec7zg_v2/2947MH_png.rf.f5d7ec1c88dc406e9f88e344a57b83f5.jpg;########;type1;102,238,430,172;102,238,532,238,532,410,102,410;1;0;roboflow_universe:tatmantech/russian-license-plates-ec7zg@v2 <https://universe.roboflow.com/tatmantech/russian-license-plates-ec7zg>;CC-BY-4.0 (CC BY 4.0);day
images/real/roboflow_universe_tatmantech_russian-license-plates-ec7zg_v2/3531mkn_png.rf.03f9c66d1690d96f5eb7f56f199cf019.jpg;########;type1;160,314,101,92;160,314,261,314,261,406,160,406;1;0;roboflow_universe:tatmantech/russian-license-plates-ec7zg@v2 <https://universe.roboflow.com/tatmantech/russian-license-plates-ec7zg>;CC-BY-4.0 (CC BY 4.0);day,glare
images/real/roboflow_universe_tatmantech_russian-license-plates-ec7zg_v2/3531mkn_png.rf.14ba0140001f57f3ec789115a45f81b0.jpg;########;type1;245,335,116,103;245,335,360,335,360,438,245,438;1;0;roboflow_universe:tatmantech/russian-license-plates-ec7zg@v2 <https://universe.roboflow.com/tatmantech/russian-license-plates-ec7zg>;CC-BY-4.0 (CC BY 4.0);day
images/real/roboflow_universe_tatmantech_russian-license-plates-ec7zg_v2/3531mkn_png.rf.b5de609bf398d7a37b4c62115afaabbc.jpg;########;type1;176,379,93,63;176,379,268,379,268,442,176,442;1;0;roboflow_universe:tatmantech/russian-license-plates-ec7zg@v2 <https://universe.roboflow.com/tatmantech/russian-license-plates-ec7zg>;CC-BY-4.0 (CC BY 4.0);day
images/real/roboflow_universe_tatmantech_russian-license-plates-ec7zg_v2/385AB82-AK1980AO_png.rf.1bf525efad26562e52fbb115d6e7e7c2.jpg;########;type1;325,236,194,68;325,236,520,236,520,304,325,304;1;0;roboflow_universe:tatmantech/russian-license-plates-ec7zg@v2 <https://universe.roboflow.com/tatmantech/russian-license-plates-ec7zg>;CC-BY-4.0 (CC BY 4.0);day,glare
images/real/roboflow_universe_tatmantech_russian-license-plates-ec7zg_v2/385AB82-AK1980AO_png.rf.8d4bd28e669b44da71d6ef019a27c91b.jpg;########;type1;294,250,205,93;294,250,499,250,499,343,294,343;1;0;roboflow_universe:tatmantech/russian-license-plates-ec7zg@v2 <https://universe.roboflow.com/tatmantech/russian-license-plates-ec7zg>;CC-BY-4.0 (CC BY 4.0);night
images/real/roboflow_universe_tatmantech_russian-license-plates-ec7zg_v2/385AB82-AK1980AO_png.rf.ab135df17b3e27f32f60b46c7f289f6c.jpg;########;type1;315,164,201,110;315,164,516,164,516,274,315,274;1;0;roboflow_universe:tatmantech/russian-license-plates-ec7zg@v2 <https://universe.roboflow.com/tatmantech/russian-license-plates-ec7zg>;CC-BY-4.0 (CC BY 4.0);day,glare
images/real/roboflow_universe_tatmantech_russian-license-plates-ec7zg_v2/3946AC_png.rf.6cb134028c22f4913013f4c8b12b544d.jpg;########;type1;166,340,298,110;166,340,464,340,464,450,166,450;1;0;roboflow_universe:tatmantech/russian-license-plates-ec7zg@v2 <https://universe.roboflow.com/tatmantech/russian-license-plates-ec7zg>;CC-BY-4.0 (CC BY 4.0);day,glare
images/real/roboflow_universe_tatmantech_russian-license-plates-ec7zg_v2/3946AC_png.rf.b60af2a58ad1a612244bb40105ea47ed.jpg;########;type1;200,261,329,203;200,261,529,261,529,464,200,464;1;0;roboflow_universe:tatmantech/russian-license-plates-ec7zg@v2 <https://universe.roboflow.com/tatmantech/russian-license-plates-ec7zg>;CC-BY-4.0 (CC BY 4.0);day,glare
images/real/roboflow_universe_tatmantech_russian-license-plates-ec7zg_v2/3946AC_png.rf.b8394bea4146d53f966a4cf778e26341.jpg;########;type1;145,288,309,161;145,288,454,288,454,449,145,449;1;0;roboflow_universe:tatmantech/russian-license-plates-ec7zg@v2 <https://universe.roboflow.com/tatmantech/russian-license-plates-ec7zg>;CC-BY-4.0 (CC BY 4.0);day
images/real/roboflow_universe_tatmantech_russian-license-plates-ec7zg_v2/39_png.rf.037d69454c40a59d01c0250c3ca737b0.jpg;########;type1;0,0,640,640;0,0,640,0,640,640,0,640;1;0;roboflow_universe:tatmantech/russian-license-plates-ec7zg@v2 <https://universe.roboflow.com/tatmantech/russian-license-plates-ec7zg>;CC-BY-4.0 (CC BY 4.0);day
images/real/roboflow_universe_tatmantech_russian-license-plates-ec7zg_v2/39_png.rf.8daa4b1020fd9305a798809fc8523cfa.jpg;########;type1;0,0,571,619;0,0,571,0,571,619,0,619;1;0;roboflow_universe:tatmantech/russian-license-plates-ec7zg@v2 <https://universe.roboflow.com/tatmantech/russian-license-plates-ec7zg>;CC-BY-4.0 (CC BY 4.0);day,glare
images/real/roboflow_universe_tatmantech_russian-license-plates-ec7zg_v2/39_png.rf.912906640b2de8f2aaf45d0f55aa5a97.jpg;########;type1;2,4,560,584;2,4,562,4,562,588,2,588;1;0;roboflow_universe:tatmantech/russian-license-plates-ec7zg@v2 <https://universe.roboflow.com/tatmantech/russian-license-plates-ec7zg>;CC-BY-4.0 (CC BY 4.0);day,glare
images/real/roboflow_universe_tatmantech_russian-license-plates-ec7zg_v2/4942RAB_png.rf.2a403930eb421e60918d99b3a78ea97e.jpg;########;type1;126,424,68,48;126,424,195,424,195,472,126,472;1;0;roboflow_universe:tatmantech/russian-license-plates-ec7zg@v2 <https://universe.roboflow.com/tatmantech/russian-license-plates-ec7zg>;CC-BY-4.0 (CC BY 4.0);day
images/real/roboflow_universe_tatmantech_russian-license-plates-ec7zg_v2/4942RAB_png.rf.6033ba134685b16e27fa6efaf767646a.jpg;########;type1;52,362,83,70;52,362,134,362,134,432,52,432;1;0;roboflow_universe:tatmantech/russian-license-plates-ec7zg@v2 <https://universe.roboflow.com/tatmantech/russian-license-plates-ec7zg>;CC-BY-4.0 (CC BY 4.0);night
images/real/roboflow_universe_tatmantech_russian-license-plates-ec7zg_v2/4942RAB_png.rf.7d918d121f817f0848a7d0472c82a1b8.jpg;########;type1;82,453,87,63;82,453,169,453,169,516,82,516;1;0;roboflow_universe:tatmantech/russian-license-plates-ec7zg@v2 <https://universe.roboflow.com/tatmantech/russian-license-plates-ec7zg>;CC-BY-4.0 (CC BY 4.0);day,glare
images/real/roboflow_universe_tatmantech_russian-license-plates-ec7zg_v2/500D01078_png.rf.b096ef9448f1e9ac3404fb665ff8ac4e.jpg;########;type1;172,240,302,119;172,240,474,240,474,360,172,360;1;0;roboflow_universe:tatmantech/russian-license-plates-ec7zg@v2 <https://universe.roboflow.com/tatmantech/russian-license-plates-ec7zg>;CC-BY-4.0 (CC BY 4.0);day,glare
images/real/roboflow_universe_tatmantech_russian-license-plates-ec7zg_v2/500D01078_png.rf.b7674d4f5bd9f606ebf67dd22c483729.jpg;########;type1;121,129,336,220;121,129,457,129,457,349,121,349;1;0;roboflow_universe:tatmantech/russian-license-plates-ec7zg@v2 <https://universe.roboflow.com/tatmantech/russian-license-plates-ec7zg>;CC-BY-4.0 (CC BY 4.0);day,glare
images/real/roboflow_universe_tatmantech_russian-license-plates-ec7zg_v2/500D01078_png.rf.bb4a330df441ee7ecdd2ab149ca7f4e9.jpg;########;type1;192,246,315,138;192,246,507,246,507,384,192,384;1;0;roboflow_universe:tatmantech/russian-license-plates-ec7zg@v2 <https://universe.roboflow.com/tatmantech/russian-license-plates-ec7zg>;CC-BY-4.0 (CC BY 4.0);day,glare
images/real/roboflow_universe_tatmantech_russian-license-plates-ec7zg_v2/5052ca16_png.rf.0fe4d32ecafa05f11ead26d3d5e512c4.jpg;########;type1;0,195,580,362;0,195,580,195,580,557,0,557;1;0;roboflow_universe:tatmantech/russian-license-plates-ec7zg@v2 <https://universe.roboflow.com/tatmantech/russian-license-plates-ec7zg>;CC-BY-4.0 (CC BY 4.0);night
images/real/roboflow_universe_tatmantech_russian-license-plates-ec7zg_v2/5052ca16_png.rf.d0e36ffb015ff9f9f6bca667cee1658c.jpg;########;type1;47,77,593,437;47,77,640,77,640,513,47,513;1;0;roboflow_universe:tatmantech/russian-license-plates-ec7zg@v2 <https://universe.roboflow.com/tatmantech/russian-license-plates-ec7zg>;CC-BY-4.0 (CC BY 4.0);night
images/real/roboflow_universe_tatmantech_russian-license-plates-ec7zg_v2/5052ca16_png.rf.e2f7a4669fafb013a606ea577b8cb3d6.jpg;########;type1;39,197,563,302;39,197,602,197,602,499,39,499;1;0;roboflow_universe:tatmantech/russian-license-plates-ec7zg@v2 <https://universe.roboflow.com/tatmantech/russian-license-plates-ec7zg>;CC-BY-4.0 (CC BY 4.0);day
images/real/roboflow_universe_tatmantech_russian-license-plates-ec7zg_v2/5559lox_png.rf.032ebcfb8bdd9d8e9121723bdc8d37db.jpg;########;type1;188,286,361,139;188,286,549,286,549,426,188,426;1;0;roboflow_universe:tatmantech/russian-license-plates-ec7zg@v2 <https://universe.roboflow.com/tatmantech/russian-license-plates-ec7zg>;CC-BY-4.0 (CC BY 4.0);day,glare
images/real/roboflow_universe_tatmantech_russian-license-plates-ec7zg_v2/5559lox_png.rf.80d0094c07927dfa8a42204706fd561b.jpg;########;type1;237,286,395,161;237,286,632,286,632,446,237,446;1;0;roboflow_universe:tatmantech/russian-license-plates-ec7zg@v2 <https://universe.roboflow.com/tatmantech/russian-license-plates-ec7zg>;CC-BY-4.0 (CC BY 4.0);day
images/real/roboflow_universe_tatmantech_russian-license-plates-ec7zg_v2/5559lox_png.rf.ba98e141823517090b3f99401f13cb4b.jpg;########;type1;192,209,382,219;192,209,574,209,574,428,192,428;1;0;roboflow_universe:tatmantech/russian-license-plates-ec7zg@v2 <https://universe.roboflow.com/tatmantech/russian-license-plates-ec7zg>;CC-BY-4.0 (CC BY 4.0);day
images/real/roboflow_universe_tatmantech_russian-license-plates-ec7zg_v2/5709AK77_png.rf.469eec010beb02a4b18d2d2bb4b54d81.jpg;########;type1;0,0,640,640;0,0,640,0,640,640,0,640;1;0;roboflow_universe:tatmantech/russian-license-plates-ec7zg@v2 <https://universe.roboflow.com/tatmantech/russian-license-plates-ec7zg>;CC-BY-4.0 (CC BY 4.0);day,glare
images/real/roboflow_universe_tatmantech_russian-license-plates-ec7zg_v2/5709AK77_png.rf.af0b8ec0dbcb79ec92343362c759a491.jpg;########;type1;0,0,640,640;0,0,640,0,640,640,0,640;1;0;roboflow_universe:tatmantech/russian-license-plates-ec7zg@v2 <https://universe.roboflow.com/tatmantech/russian-license-plates-ec7zg>;CC-BY-4.0 (CC BY 4.0);day,glare
images/real/roboflow_universe_tatmantech_russian-license-plates-ec7zg_v2/5709AK77_png.rf.b63bfdd023a72ce3c9dbf1e1bf193a73.jpg;########;type1;1,1,637,634;1,1,638,1,638,636,1,636;1;0;roboflow_universe:tatmantech/russian-license-plates-ec7zg@v2 <https://universe.roboflow.com/tatmantech/russian-license-plates-ec7zg>;CC-BY-4.0 (CC BY 4.0);day,glare
images/real/roboflow_universe_tatmantech_russian-license-plates-ec7zg_v2/6387AOb_png.rf.4de34a9510c8c70e3c5c6010bc704d34.jpg;########;type1;0,0,604,340;0,0,604,0,604,340,0,340;1;0;roboflow_universe:tatmantech/russian-license-plates-ec7zg@v2 <https://universe.roboflow.com/tatmantech/russian-license-plates-ec7zg>;CC-BY-4.0 (CC BY 4.0);day
images/real/roboflow_universe_tatmantech_russian-license-plates-ec7zg_v2/6387AOb_png.rf.4de34a9510c8c70e3c5c6010bc704d34.jpg;########;type1;32,195,608,417;32,195,640,195,640,612,32,612;1;0;roboflow_universe:tatmantech/russian-license-plates-ec7zg@v2 <https://universe.roboflow.com/tatmantech/russian-license-plates-ec7zg>;CC-BY-4.0 (CC BY 4.0);day
images/real/roboflow_universe_tatmantech_russian-license-plates-ec7zg_v2/6387AOb_png.rf.c42f1f71a131f53c9bbe0002f12c8d09.jpg;########;type1;28,26,574,268;28,26,602,26,602,294,28,294;1;0;roboflow_universe:tatmantech/russian-license-plates-ec7zg@v2 <https://universe.roboflow.com/tatmantech/russian-license-plates-ec7zg>;CC-BY-4.0 (CC BY 4.0);day
images/real/roboflow_universe_tatmantech_russian-license-plates-ec7zg_v2/6387AOb_png.rf.c42f1f71a131f53c9bbe0002f12c8d09.jpg;########;type1;27,288,595,284;27,288,622,288,622,572,27,572;1;0;roboflow_universe:tatmantech/russian-license-plates-ec7zg@v2 <https://universe.roboflow.com/tatmantech/russian-license-plates-ec7zg>;CC-BY-4.0 (CC BY 4.0);day
images/real/roboflow_universe_tatmantech_russian-license-plates-ec7zg_v2/6387AOb_png.rf.cd4798da27a8481dabdeca94be62780d.jpg;########;type1;0,0,599,313;0,0,599,0,599,313,0,313;1;0;roboflow_universe:tatmantech/russian-license-plates-ec7zg@v2 <https://universe.roboflow.com/tatmantech/russian-license-plates-ec7zg>;CC-BY-4.0 (CC BY 4.0);day
images/real/roboflow_universe_tatmantech_russian-license-plates-ec7zg_v2/6387AOb_png.rf.cd4798da27a8481dabdeca94be62780d.jpg;########;type1;0,218,626,371;0,218,626,218,626,590,0,590;1;0;roboflow_universe:tatmantech/russian-license-plates-ec7zg@v2 <https://universe.roboflow.com/tatmantech/russian-license-plates-ec7zg>;CC-BY-4.0 (CC BY 4.0);day
images/real/roboflow_universe_tatmantech_russian-license-plates-ec7zg_v2/6754AH78_png.rf.dc0dad66931215650c70127a747968ea.jpg;########;type1;145,304,200,148;145,304,346,304,346,452,145,452;1;0;roboflow_universe:tatmantech/russian-license-plates-ec7zg@v2 <https://universe.roboflow.com/tatmantech/russian-license-plates-ec7zg>;CC-BY-4.0 (CC BY 4.0);day,glare
images/real/roboflow_universe_tatmantech_russian-license-plates-ec7zg_v2/6754AH78_png.rf.e73515995ac60e62b40f772f322f6bc9.jpg;########;type1;196,280,174,81;196,280,370,280,370,360,196,360;1;0;roboflow_universe:tatmantech/russian-license-plates-ec7zg@v2 <https://universe.roboflow.com/tatmantech/russian-license-plates-ec7zg>;CC-BY-4.0 (CC BY 4.0);day
images/real/roboflow_universe_tatmantech_russian-license-plates-ec7zg_v2/6754AH78_png.rf.f72142e328b30c6c066147cf961b643d.jpg;########;type1;219,264,198,116;219,264,417,264,417,380,219,380;1;0;roboflow_universe:tatmantech/russian-license-plates-ec7zg@v2 <https://universe.roboflow.com/tatmantech/russian-license-plates-ec7zg>;CC-BY-4.0 (CC BY 4.0);day,glare
images/real/roboflow_universe_tatmantech_russian-license-plates-ec7zg_v2/7-12_png.rf.3d59ecb8ac8ed6176ee61713eabaf8d7.jpg;########;type1;1,8,638,628;1,8,638,8,638,636,1,636;1;0;roboflow_universe:tatmantech/russian-license-plates-ec7zg@v2 <https://universe.roboflow.com/tatmantech/russian-license-plates-ec7zg>;CC-BY-4.0 (CC BY 4.0);day
images/real/roboflow_universe_tatmantech_russian-license-plates-ec7zg_v2/7-12_png.rf.460f4e90988dba35886d19ab2a7916bf.jpg;########;type1;0,0,640,640;0,0,640,0,640,640,0,640;1;0;roboflow_universe:tatmantech/russian-license-plates-ec7zg@v2 <https://universe.roboflow.com/tatmantech/russian-license-plates-ec7zg>;CC-BY-4.0 (CC BY 4.0);day,glare
images/real/roboflow_universe_tatmantech_russian-license-plates-ec7zg_v2/7-12_png.rf.f40a63428c0313d391070698179593c1.jpg;########;type1;0,0,640,640;0,0,640,0,640,640,0,640;1;0;roboflow_universe:tatmantech/russian-license-plates-ec7zg@v2 <https://universe.roboflow.com/tatmantech/russian-license-plates-ec7zg>;CC-BY-4.0 (CC BY 4.0);day
images/real/roboflow_universe_tatmantech_russian-license-plates-ec7zg_v2/7391ncp_png.rf.30baf3901e7c8228202397886192b19c.jpg;########;type1;72,0,568,484;72,0,640,0,640,484,72,484;1;0;roboflow_universe:tatmantech/russian-license-plates-ec7zg@v2 <https://universe.roboflow.com/tatmantech/russian-license-plates-ec7zg>;CC-BY-4.0 (CC BY 4.0);day,glare
images/real/roboflow_universe_tatmantech_russian-license-plates-ec7zg_v2/7391ncp_png.rf.a5681244128a73823523e7375bdc8d99.jpg;########;type1;40,50,593,458;40,50,633,50,633,508,40,508;1;0;roboflow_universe:tatmantech/russian-license-plates-ec7zg@v2 <https://universe.roboflow.com/tatmantech/russian-license-plates-ec7zg>;CC-BY-4.0 (CC BY 4.0);day,glare
images/real/roboflow_universe_tatmantech_russian-license-plates-ec7zg_v2/7391ncp_png.rf.dcfde2e973b23c1869ca87110531fa73.jpg;########;type1;77,100,530,353;77,100,607,100,607,453,77,453;1;0;roboflow_universe:tatmantech/russian-license-plates-ec7zg@v2 <https://universe.roboflow.com/tatmantech/russian-license-plates-ec7zg>;CC-BY-4.0 (CC BY 4.0);day,glare
images/real/roboflow_universe_tatmantech_russian-license-plates-ec7zg_v2/7463am50_png.rf.343347dd845c192f97741c332fdc7765.jpg;########;type1;179,147,262,271;179,147,441,147,441,418,179,418;1;0;roboflow_universe:tatmantech/russian-license-plates-ec7zg@v2 <https://universe.roboflow.com/tatmantech/russian-license-plates-ec7zg>;CC-BY-4.0 (CC BY 4.0);day,glare
images/real/roboflow_universe_tatmantech_russian-license-plates-ec7zg_v2/7463am50_png.rf.a8045ba70c6fcf7ecfd129fb47a27b06.jpg;########;type1;185,136,297,313;185,136,482,136,482,448,185,448;1;0;roboflow_universe:tatmantech/russian-license-plates-ec7zg@v2 <https://universe.roboflow.com/tatmantech/russian-license-plates-ec7zg>;CC-BY-4.0 (CC BY 4.0);day
images/real/roboflow_universe_tatmantech_russian-license-plates-ec7zg_v2/7463am50_png.rf.e81a77724fc9991b9c99062f76bc32e7.jpg;########;type1;202,214,250,234;202,214,453,214,453,447,202,447;1;0;roboflow_universe:tatmantech/russian-license-plates-ec7zg@v2 <https://universe.roboflow.com/tatmantech/russian-license-plates-ec7zg>;CC-BY-4.0 (CC BY 4.0);day
images/real/roboflow_universe_tatmantech_russian-license-plates-ec7zg_v2/777_png.rf.01ed80e3450809b786bfab5304602776.jpg;########;type1;1,17,639,601;1,17,640,17,640,618,1,618;1;0;roboflow_universe:tatmantech/russian-license-plates-ec7zg@v2 <https://universe.roboflow.com/tatmantech/russian-license-plates-ec7zg>;CC-BY-4.0 (CC BY 4.0);day
images/real/roboflow_universe_tatmantech_russian-license-plates-ec7zg_v2/777_png.rf.1b62c6ae94c5b5aa7dbbf61fb261730b.jpg;########;type1;0,0,640,622;0,0,640,0,640,622,0,622;1;0;roboflow_universe:tatmantech/russian-license-plates-ec7zg@v2 <https://universe.roboflow.com/tatmantech/russian-license-plates-ec7zg>;CC-BY-4.0 (CC BY 4.0);day
images/real/roboflow_universe_tatmantech_russian-license-plates-ec7zg_v2/777_png.rf.afca7175b43063ef4573b4e020bc87dc.jpg;########;type1;2,22,620,568;2,22,621,22,621,590,2,590;1;0;roboflow_universe:tatmantech/russian-license-plates-ec7zg@v2 <https://universe.roboflow.com/tatmantech/russian-license-plates-ec7zg>;CC-BY-4.0 (CC BY 4.0);day
images/real/roboflow_universe_tatmantech_russian-license-plates-ec7zg_v2/79-82yba_jpg.rf.273a552aaa45a88c8c3b609a0429254f.jpg;########;type1;107,224,333,306;107,224,441,224,441,530,107,530;1;0;roboflow_universe:tatmantech/russian-license-plates-ec7zg@v2 <https://universe.roboflow.com/tatmantech/russian-license-plates-ec7zg>;CC-BY-4.0 (CC BY 4.0);day
images/real/roboflow_universe_tatmantech_russian-license-plates-ec7zg_v2/79-82yba_jpg.rf.281b41e6aa104635403d748b342d946a.jpg;########;type1;93,177,315,256;93,177,407,177,407,432,93,432;1;0;roboflow_universe:tatmantech/russian-license-plates-ec7zg@v2 <https://universe.roboflow.com/tatmantech/russian-license-plates-ec7zg>;CC-BY-4.0 (CC BY 4.0);day,glare
images/real/roboflow_universe_tatmantech_russian-license-plates-ec7zg_v2/79-82yba_jpg.rf.4c93b8b45b25cce73a25426ff6c8abe0.jpg;########;type1;172,219,274,230;172,219,446,219,446,448,172,448;1;0;roboflow_universe:tatmantech/russian-license-plates-ec7zg@v2 <https://universe.roboflow.com/tatmantech/russian-license-plates-ec7zg>;CC-BY-4.0 (CC BY 4.0);day
images/real/roboflow_universe_tatmantech_russian-license-plates-ec7zg_v2/79-82yba_png.rf.46fa9d8d556247ee6917d052d6ae351b.jpg;########;type1;117,159,323,289;117,159,440,159,440,448,117,448;1;0;roboflow_universe:tatmantech/russian-license-plates-ec7zg@v2 <https://universe.roboflow.com/tatmantech/russian-license-plates-ec7zg>;CC-BY-4.0 (CC BY 4.0);day,glare
images/real/roboflow_universe_tatmantech_russian-license-plates-ec7zg_v2/79-82yba_png.rf.f7e0c973778305b294e5bba3e79e1565.jpg;########;type1;115,112,341,340;115,112,455,112,455,452,115,452;1;0;roboflow_universe:tatmantech/russian-license-plates-ec7zg@v2 <https://universe.roboflow.com/tatmantech/russian-license-plates-ec7zg>;CC-BY-4.0 (CC BY 4.0);day,glare
images/real/roboflow_universe_tatmantech_russian-license-plates-ec7zg_v2/8269PBK_png.rf.1d47bd615fadf4afeff5a2d21b988f35.jpg;########;type1;0,0,626,607;0,0,626,0,626,607,0,607;1;0;roboflow_universe:tatmantech/russian-license-plates-ec7zg@v2 <https://universe.roboflow.com/tatmantech/russian-license-plates-ec7zg>;CC-BY-4.0 (CC BY 4.0);day,glare
images/real/roboflow_universe_tatmantech_russian-license-plates-ec7zg_v2/8269PBK_png.rf.2252792f6f259cb37b4fa380ccdde7c3.jpg;########;type1;0,62,625,578;0,62,625,62,625,640,0,640;1;0;roboflow_universe:tatmantech/russian-license-plates-ec7zg@v2 <https://universe.roboflow.com/tatmantech/russian-license-plates-ec7zg>;CC-BY-4.0 (CC BY 4.0);day
images/real/roboflow_universe_tatmantech_russian-license-plates-ec7zg_v2/8269PBK_png.rf.aa13c967e9b73f85e0a52ad75029c90a.jpg;########;type1;5,68,616,529;5,68,620,68,620,596,5,596;1;0;roboflow_universe:tatmantech/russian-license-plates-ec7zg@v2 <https://universe.roboflow.com/tatmantech/russian-license-plates-ec7zg>;CC-BY-4.0 (CC BY 4.0);day,glare
images/real/roboflow_universe_tatmantech_russian-license-plates-ec7zg_v2/8684-2-_png.rf.0409cc743e896182eb1e559928fa1061.jpg;########;type1;249,257,108,92;249,257,357,257,357,348,249,348;1;0;roboflow_universe:tatmantech/russian-license-plates-ec7zg@v2 <https://universe.roboflow.com/tatmantech/russian-license-plates-ec7zg>;CC-BY-4.0 (CC BY 4.0);day,glare
images/real/roboflow_universe_tatmantech_russian-license-plates-ec7zg_v2/8684-2-_png.rf.4c861c1417e7bddf1b131441a60365e5.jpg;########;type1;221,271,118,92;221,271,339,271,339,363,221,363;1;0;roboflow_universe:tatmantech/russian-license-plates-ec7zg@v2 <https://universe.roboflow.com/tatmantech/russian-license-plates-ec7zg>;CC-BY-4.0 (CC BY 4.0);day,glare
images/real/roboflow_universe_tatmantech_russian-license-plates-ec7zg_v2/8684-2-_png.rf.6c6089bf7ebedd65594627786b02bbde.jpg;########;type1;271,286,96,74;271,286,367,286,367,360,271,360;1;0;roboflow_universe:tatmantech/russian-license-plates-ec7zg@v2 <https://universe.roboflow.com/tatmantech/russian-license-plates-ec7zg>;CC-BY-4.0 (CC BY 4.0);day,glare
images/real/roboflow_universe_tatmantech_russian-license-plates-ec7zg_v2/8684_png.rf.668e14f888889257bc8f6f47633cc475.jpg;########;type1;184,407,263,106;184,407,448,407,448,514,184,514;1;0;roboflow_universe:tatmantech/russian-license-plates-ec7zg@v2 <https://universe.roboflow.com/tatmantech/russian-license-plates-ec7zg>;CC-BY-4.0 (CC BY 4.0);day,glare
images/real/roboflow_universe_tatmantech_russian-license-plates-ec7zg_v2/8684_png.rf.b363b521a79a69a44d5e173054f4b9a6.jpg;########;type1;195,391,284,183;195,391,479,391,479,574,195,574;1;0;roboflow_universe:tatmantech/russian-license-plates-ec7zg@v2 <https://universe.roboflow.com/tatmantech/russian-license-plates-ec7zg>;CC-BY-4.0 (CC BY 4.0);day,glare
images/real/roboflow_universe_tatmantech_russian-license-plates-ec7zg_v2/8684_png.rf.cb2b06873ccad65ed658630bf836b9e1.jpg;########;type1;204,386,281,176;204,386,485,386,485,562,204,562;1;0;roboflow_universe:tatmantech/russian-license-plates-ec7zg@v2 <https://universe.roboflow.com/tatmantech/russian-license-plates-ec7zg>;CC-BY-4.0 (CC BY 4.0);day,glare
images/real/roboflow_universe_tatmantech_russian-license-plates-ec7zg_v2/8804KPT_png.rf.81a62aaf820ce4642edf81f51d92d9e6.jpg;########;type1;78,422,54,45;78,422,132,422,132,468,78,468;1;0;roboflow_universe:tatmantech/russian-license-plates-ec7zg@v2 <https://universe.roboflow.com/tatmantech/russian-license-plates-ec7zg>;CC-BY-4.0 (CC BY 4.0);day
images/real/roboflow_universe_tatmantech_russian-license-plates-ec7zg_v2/8804KPT_png.rf.cb566c71bff79a5374363e9f2b9698af.jpg;########;type1;57,419,57,43;57,419,114,419,114,462,57,462;1;0;roboflow_universe:tatmantech/russian-license-plates-ec7zg@v2 <https://universe.roboflow.com/tatmantech/russian-license-plates-ec7zg>;CC-BY-4.0 (CC BY 4.0);day,glare
images/real/roboflow_universe_tatmantech_russian-license-plates-ec7zg_v2/8804KPT_png.rf.dc508934de935bdc4f3977ef4f1f7d6a.jpg;########;type1;104,372,45,30;104,372,149,372,149,403,104,403;1;0;roboflow_universe:tatmantech/russian-license-plates-ec7zg@v2 <https://universe.roboflow.com/tatmantech/russian-license-plates-ec7zg>;CC-BY-4.0 (CC BY 4.0);day
images/real/roboflow_universe_tatmantech_russian-license-plates-ec7zg_v2/8KC51_png.rf.1066f2be266e99a8f045226dea80c0c2.jpg;########;type1;1,303,231,242;1,303,233,303,233,545,1,545;1;0;roboflow_universe:tatmantech/russian-license-plates-ec7zg@v2 <https://universe.roboflow.com/tatmantech/russian-license-plates-ec7zg>;CC-BY-4.0 (CC BY 4.0);night
images/real/roboflow_universe_tatmantech_russian-license-plates-ec7zg_v2/8KC51_png.rf.159391651362e75597843f251160e311.jpg;########;type1;0,306,198,176;0,306,198,306,198,483,0,483;1;0;roboflow_universe:tatmantech/russian-license-plates-ec7zg@v2 <https://universe.roboflow.com/tatmantech/russian-license-plates-ec7zg>;CC-BY-4.0 (CC BY 4.0);day
images/real/roboflow_universe_tatmantech_russian-license-plates-ec7zg_v2/8KC51_png.rf.3272e6152bb2579a1b059d43c9c9321b.jpg;########;type1;14,210,215,246;14,210,230,210,230,456,14,456;1;0;roboflow_universe:tatmantech/russian-license-plates-ec7zg@v2 <https://universe.roboflow.com/tatmantech/russian-license-plates-ec7zg>;CC-BY-4.0 (CC BY 4.0);night
images/real/roboflow_universe_tatmantech_russian-license-plates-ec7zg_v2/9309bb34_png.rf.3711bd001b5ff3233f7f02ce4b1f4485.jpg;########;type1;194,220,250,234;194,220,444,220,444,453,194,453;1;0;roboflow_universe:tatmantech/russian-license-plates-ec7zg@v2 <https://universe.roboflow.com/tatmantech/russian-license-plates-ec7zg>;CC-BY-4.0 (CC BY 4.0);day
images/real/roboflow_universe_tatmantech_russian-license-plates-ec7zg_v2/9309bb34_png.rf.5b6cd4d089f5ca8935a4c3f18314d256.jpg;########;type1;207,217,324,300;207,217,531,217,531,516,207,516;1;0;roboflow_universe:tatmantech/russian-license-plates-ec7zg@v2 <https://universe.roboflow.com/tatmantech/russian-license-plates-ec7zg>;CC-BY-4.0 (CC BY 4.0);day
images/real/roboflow_universe_tatmantech_russian-license-plates-ec7zg_v2/9309bb34_png.rf.d173107c2786fe567970cdfe03e31307.jpg;########;type1;171,217,286,287;171,217,457,217,457,504,171,504;1;0;roboflow_universe:tatmantech/russian-license-plates-ec7zg@v2 <https://universe.roboflow.com/tatmantech/russian-license-plates-ec7zg>;CC-BY-4.0 (CC BY 4.0);day
images/real/roboflow_universe_tatmantech_russian-license-plates-ec7zg_v2/9585pbh_png.rf.417a1e8e329fb0eef35c14f0ce0bef69.jpg;########;type1;123,48,416,369;123,48,539,48,539,418,123,418;1;0;roboflow_universe:tatmantech/russian-license-plates-ec7zg@v2 <https://universe.roboflow.com/tatmantech/russian-license-plates-ec7zg>;CC-BY-4.0 (CC BY 4.0);day
images/real/roboflow_universe_tatmantech_russian-license-plates-ec7zg_v2/9585pbh_png.rf.417a1e8e329fb0eef35c14f0ce0bef69.jpg;########;type1;4,410,636,172;4,410,639,410,639,582,4,582;1;0;roboflow_universe:tatmantech/russian-license-plates-ec7zg@v2 <https://universe.roboflow.com/tatmantech/russian-license-plates-ec7zg>;CC-BY-4.0 (CC BY 4.0);day
images/real/roboflow_universe_tatmantech_russian-license-plates-ec7zg_v2/9585pbh_png.rf.55bee7d7b1de9f3dbc9c4c955d79a7a2.jpg;########;type1;17,0,535,448;17,0,552,0,552,448,17,448;1;0;roboflow_universe:tatmantech/russian-license-plates-ec7zg@v2 <https://universe.roboflow.com/tatmantech/russian-license-plates-ec7zg>;CC-BY-4.0 (CC BY 4.0);day
images/real/roboflow_universe_tatmantech_russian-license-plates-ec7zg_v2/9585pbh_png.rf.55bee7d7b1de9f3dbc9c4c955d79a7a2.jpg;########;type1;0,299,595,337;0,299,595,299,595,635,0,635;1;0;roboflow_universe:tatmantech/russian-license-plates-ec7zg@v2 <https://universe.roboflow.com/tatmantech/russian-license-plates-ec7zg>;CC-BY-4.0 (CC BY 4.0);day
images/real/roboflow_universe_tatmantech_russian-license-plates-ec7zg_v2/9585pbh_png.rf.5a5a7aca73eba3d515871d534cfd0723.jpg;########;type1;41,29,543,501;41,29,584,29,584,530,41,530;1;0;roboflow_universe:tatmantech/russian-license-plates-ec7zg@v2 <https://universe.roboflow.com/tatmantech/russian-license-plates-ec7zg>;CC-BY-4.0 (CC BY 4.0);night
images/real/roboflow_universe_tatmantech_russian-license-plates-ec7zg_v2/9585pbh_png.rf.5a5a7aca73eba3d515871d534cfd0723.jpg;########;type1;0,347,565,293;0,347,565,347,565,640,0,640;1;0;roboflow_universe:tatmantech/russian-license-plates-ec7zg@v2 <https://universe.roboflow.com/tatmantech/russian-license-plates-ec7zg>;CC-BY-4.0 (CC BY 4.0);night
images/real/roboflow_universe_tatmantech_russian-license-plates-ec7zg_v2/A000AA78_png.rf.66777230b3af38d42ed2c94f0e9508e6.jpg;A000AA78;type1;20,104,599,338;20,104,620,104,620,442,20,442;1;0;roboflow_universe:tatmantech/russian-license-plates-ec7zg@v2 <https://universe.roboflow.com/tatmantech/russian-license-plates-ec7zg>;CC-BY-4.0 (CC BY 4.0);day,glare
images/real/roboflow_universe_tatmantech_russian-license-plates-ec7zg_v2/A000AA78_png.rf.f62428876a2818adbd55f269fd9f597d.jpg;A000AA78;type1;15,5,603,433;15,5,618,5,618,438,15,438;1;0;roboflow_universe:tatmantech/russian-license-plates-ec7zg@v2 <https://universe.roboflow.com/tatmantech/russian-license-plates-ec7zg>;CC-BY-4.0 (CC BY 4.0);day
images/real/roboflow_universe_tatmantech_russian-license-plates-ec7zg_v2/A000AA78_png.rf.f66c45391914b6596e98097157b956da.jpg;A000AA78;type1;0,37,637,548;0,37,637,37,637,585,0,585;1;0;roboflow_universe:tatmantech/russian-license-plates-ec7zg@v2 <https://universe.roboflow.com/tatmantech/russian-license-plates-ec7zg>;CC-BY-4.0 (CC BY 4.0);day,glare
images/real/roboflow_universe_tatmantech_russian-license-plates-ec7zg_v2/A006MP97_png.rf.88e2f4c9b29249207b38f03f7ee9284e.jpg;A006MP97;type1;246,428,134,83;246,428,380,428,380,511,246,511;1;0;roboflow_universe:tatmantech/russian-license-plates-ec7zg@v2 <https://universe.roboflow.com/tatmantech/russian-license-plates-ec7zg>;CC-BY-4.0 (CC BY 4.0);day,glare
images/real/roboflow_universe_tatmantech_russian-license-plates-ec7zg_v2/A006MP97_png.rf.8de6985c66b0b947e319345497b92b6d.jpg;A006MP97;type1;194,411,126,62;194,411,320,411,320,473,194,473;1;0;roboflow_universe:tatmantech/russian-license-plates-ec7zg@v2 <https://universe.roboflow.com/tatmantech/russian-license-plates-ec7zg>;CC-BY-4.0 (CC BY 4.0);day
images/real/roboflow_universe_tatmantech_russian-license-plates-ec7zg_v2/A006MP97_png.rf.9932cf3596c4730d55358b2c1f834387.jpg;A006MP97;type1;196,403,122,48;196,403,318,403,318,452,196,452;1;0;roboflow_universe:tatmantech/russian-license-plates-ec7zg@v2 <https://universe.roboflow.com/tatmantech/russian-license-plates-ec7zg>;CC-BY-4.0 (CC BY 4.0);day
images/real/roboflow_universe_tatmantech_russian-license-plates-ec7zg_v2/A010AA77_png.rf.00df9df138db43087e234ed33d1aeae8.jpg;A010AA77;type1;168,246,455,292;168,246,623,246,623,539,168,539;1;0;roboflow_universe:tatmantech/russian-license-plates-ec7zg@v2 <https://universe.roboflow.com/tatmantech/russian-license-plates-ec7zg>;CC-BY-4.0 (CC BY 4.0);day
images/real/roboflow_universe_tatmantech_russian-license-plates-ec7zg_v2/A010AA77_png.rf.828f66f8a892cde69b37e585e711e502.jpg;A010AA77;type1;169,210,433,201;169,210,603,210,603,411,169,411;1;0;roboflow_universe:tatmantech/russian-license-plates-ec7zg@v2 <https://universe.roboflow.com/tatmantech/russian-license-plates-ec7zg>;CC-BY-4.0 (CC BY 4.0);day
images/real/roboflow_universe_tatmantech_russian-license-plates-ec7zg_v2/A010AA77_png.rf.b8cbdb741e8df6cd825d7d3f35525346.jpg;A010AA77;type1;162,263,412,138;162,263,574,263,574,402,162,402;1;0;roboflow_universe:tatmantech/russian-license-plates-ec7zg@v2 <https://universe.roboflow.com/tatmantech/russian-license-plates-ec7zg>;CC-BY-4.0 (CC BY 4.0);day,glare
images/real/roboflow_universe_tatmantech_russian-license-plates-ec7zg_v2/A048208_png.rf.ccb59ac692c51df5509b64d8904c2945.jpg;########;type1;261,503,192,66;261,503,453,503,453,568,261,568;1;0;roboflow_universe:tatmantech/russian-license-plates-ec7zg@v2 <https://universe.roboflow.com/tatmantech/russian-license-plates-ec7zg>;CC-BY-4.0 (CC BY 4.0);day,glare
images/real/roboflow_universe_tatmantech_russian-license-plates-ec7zg_v2/A048208_png.rf.dca2a4dd9f334686dcb2b8b4ea139ef4.jpg;########;type1;236,460,201,107;236,460,436,460,436,567,236,567;1;0;roboflow_universe:tatmantech/russian-license-plates-ec7zg@v2 <https://universe.roboflow.com/tatmantech/russian-license-plates-ec7zg>;CC-BY-4.0 (CC BY 4.0);day,glare
images/real/roboflow_universe_tatmantech_russian-license-plates-ec7zg_v2/A048208_png.rf.e1305c624b0af6274368477295cedfd8.jpg;########;type1;95,473,222,113;95,473,317,473,317,586,95,586;1;0;roboflow_universe:tatmantech/russian-license-plates-ec7zg@v2 <https://universe.roboflow.com/tatmantech/russian-license-plates-ec7zg>;CC-BY-4.0 (CC BY 4.0);night
images/real/roboflow_universe_tatmantech_russian-license-plates-ec7zg_v2/A111AA77_png.rf.1be923a7c3d7c425f2aed791f1709734.jpg;A111AA77;type1;31,171,578,218;31,171,609,171,609,389,31,389;1;0;roboflow_universe:tatmantech/russian-license-plates-ec7zg@v2 <https://universe.roboflow.com/tatmantech/russian-license-plates-ec7zg>;CC-BY-4.0 (CC BY 4.0);day,glare
images/real/roboflow_universe_tatmantech_russian-license-plates-ec7zg_v2/A111AA77_png.rf.35d91b4e75a8ca4f0f0a11b190105f72.jpg;A111AA77;type1;38,119,602,452;38,119,640,119,640,571,38,571;1;0;roboflow_universe:tatmantech/russian-license-plates-ec7zg@v2 <https://universe.roboflow.com/tatmantech/russian-license-plates-ec7zg>;CC-BY-4.0 (CC BY 4.0);day,glare
images/real/roboflow_universe_tatmantech_russian-license-plates-ec7zg_v2/A111AA77_png.rf.bb7cd9b57b377ba136a550f53b4804e0.jpg;A111AA77;type1;26,0,614,451;26,0,640,0,640,451,26,451;1;0;roboflow_universe:tatmantech/russian-license-plates-ec7zg@v2 <https://universe.roboflow.com/tatmantech/russian-license-plates-ec7zg>;CC-BY-4.0 (CC BY 4.0);day,glare
images/real/roboflow_universe_tatmantech_russian-license-plates-ec7zg_v2/A123478_png.rf.11430ccab064a0b30755fca6a7b7e06d.jpg;########;type1;0,0,640,640;0,0,640,0,640,640,0,640;1;0;roboflow_universe:tatmantech/russian-license-plates-ec7zg@v2 <https://universe.roboflow.com/tatmantech/russian-license-plates-ec7zg>;CC-BY-4.0 (CC BY 4.0);night
images/real/roboflow_universe_tatmantech_russian-license-plates-ec7zg_v2/A123478_png.rf.3a13045494e7b95a993be50ef5750fca.jpg;########;type1;0,0,640,638;0,0,640,0,640,638,0,638;1;0;roboflow_universe:tatmantech/russian-license-plates-ec7zg@v2 <https://universe.roboflow.com/tatmantech/russian-license-plates-ec7zg>;CC-BY-4.0 (CC BY 4.0);day,glare
images/real/roboflow_universe_tatmantech_russian-license-plates-ec7zg_v2/A146AB799_png.rf.22112a9054c561727a6f95a666a0b80d.jpg;A146AB799;type1;162,268,299,207;162,268,460,268,460,475,162,475;1;0;roboflow_universe:tatmantech/russian-license-plates-ec7zg@v2 <https://universe.roboflow.com/tatmantech/russian-license-plates-ec7zg>;CC-BY-4.0 (CC BY 4.0);day
images/real/roboflow_universe_tatmantech_russian-license-plates-ec7zg_v2/A146AB799_png.rf.5aa35f98fa6758948e3ce44915e9a449.jpg;A146AB799;type1;155,243,268,189;155,243,422,243,422,432,155,432;1;0;roboflow_universe:tatmantech/russian-license-plates-ec7zg@v2 <https://universe.roboflow.com/tatmantech/russian-license-plates-ec7zg>;CC-BY-4.0 (CC BY 4.0);day,glare
images/real/roboflow_universe_tatmantech_russian-license-plates-ec7zg_v2/A146AB799_png.rf.f5bbe074eb3ae80ebcbe8e70b029f593.jpg;A146AB799;type1;139,282,254,161;139,282,393,282,393,444,139,444;1;0;roboflow_universe:tatmantech/russian-license-plates-ec7zg@v2 <https://universe.roboflow.com/tatmantech/russian-license-plates-ec7zg>;CC-BY-4.0 (CC BY 4.0);day
images/real/roboflow_universe_tatmantech_russian-license-plates-ec7zg_v2/A275MP97_png.rf.487c766a5d30f0f7cb0b03ea5bada473.jpg;A275MP97;type1;258,419,147,62;258,419,405,419,405,482,258,482;1;0;roboflow_universe:tatmantech/russian-license-plates-ec7zg@v2 <https://universe.roboflow.com/tatmantech/russian-license-plates-ec7zg>;CC-BY-4.0 (CC BY 4.0);day,glare
images/real/roboflow_universe_tatmantech_russian-license-plates-ec7zg_v2/A275MP97_png.rf.70f64f38f1c05cd301ba1db42a7a20cf.jpg;A275MP97;type1;146,444,160,84;146,444,306,444,306,528,146,528;1;0;roboflow_universe:tatmantech/russian-license-plates-ec7zg@v2 <https://universe.roboflow.com/tatmantech/russian-license-plates-ec7zg>;CC-BY-4.0 (CC BY 4.0);day
images/real/roboflow_universe_tatmantech_russian-license-plates-ec7zg_v2/A275MP97_png.rf.aebb4928ba98061bdcb949d6f83be9bc.jpg;A275MP97;type1;235,446,144,52;235,446,379,446,379,498,235,498;1;0;roboflow_universe:tatmantech/russian-license-plates-ec7zg@v2 <https://universe.roboflow.com/tatmantech/russian-license-plates-ec7zg>;CC-BY-4.0 (CC BY 4.0);day
images/real/roboflow_universe_tatmantech_russian-license-plates-ec7zg_v2/A389BT10_png.rf.1c5c2285df0bc170f85af98f83c71386.jpg;A389BT10;type1;37,111,587,357;37,111,624,111,624,468,37,468;1;0;roboflow_universe:tatmantech/russian-license-plates-ec7zg@v2 <https://universe.roboflow.com/tatmantech/russian-license-plates-ec7zg>;CC-BY-4.0 (CC BY 4.0);day,glare
images/real/roboflow_universe_tatmantech_russian-license-plates-ec7zg_v2/A389BT10_png.rf.3553d6eb1a901bac469cbe72e80737c9.jpg;A389BT10;type1;0,207,593,349;0,207,593,207,593,557,0,557;1;0;roboflow_universe:tatmantech/russian-license-plates-ec7zg@v2 <https://universe.roboflow.com/tatmantech/russian-license-plates-ec7zg>;CC-BY-4.0 (CC BY 4.0);day,glare
images/real/roboflow_universe_tatmantech_russian-license-plates-ec7zg_v2/A389BT10_png.rf.beb6be4c2d2a97a93abfd20ba907459c.jpg;A389BT10;type1;42,250,555,181;42,250,597,250,597,431,42,431;1;0;roboflow_universe:tatmantech/russian-license-plates-ec7zg@v2 <https://universe.roboflow.com/tatmantech/russian-license-plates-ec7zg>;CC-BY-4.0 (CC BY 4.0);day,glare
images/real/roboflow_universe_tatmantech_russian-license-plates-ec7zg_v2/A474AA98_png.rf.6dfa7b9ac92b4f0594583d99e3994785.jpg;A474AA98;type1;118,332,384,261;118,332,503,332,503,593,118,593;1;0;roboflow_universe:tatmantech/russian-license-plates-ec7zg@v2 <https://universe.roboflow.com/tatmantech/russian-license-plates-ec7zg>;CC-BY-4.0 (CC BY 4.0);night,glare
images/real/roboflow_universe_tatmantech_russian-license-plates-ec7zg_v2/A474AA98_png.rf.a73b8bb974e535fc6fef2b030f88d374.jpg;A474AA98;type1;48,358,405,212;48,358,453,358,453,570,48,570;1;0;roboflow_universe:tatmantech/russian-license-plates-ec7zg@v2 <https://universe.roboflow.com/tatmantech/russian-license-plates-ec7zg>;CC-BY-4.0 (CC BY 4.0);day,glare
images/real/roboflow_universe_tatmantech_russian-license-plates-ec7zg_v2/A474AA98_png.rf.fbe47cb5e51383df2f05a95df2895466.jpg;A474AA98;type1;154,356,365,120;154,356,519,356,519,476,154,476;1;0;roboflow_universe:tatmantech/russian-license-plates-ec7zg@v2 <https://universe.roboflow.com/tatmantech/russian-license-plates-ec7zg>;CC-BY-4.0 (CC BY 4.0);day,glare
images/real/roboflow_universe_tatmantech_russian-license-plates-ec7zg_v2/A737HA05_png.rf.200a80dba224f08d29ef5edaa3bcae32.jpg;A737HA05;type1;112,294,416,146;112,294,528,294,528,441,112,441;1;0;roboflow_universe:tatmantech/russian-license-plates-ec7zg@v2 <https://universe.roboflow.com/tatmantech/russian-license-plates-ec7zg>;CC-BY-4.0 (CC BY 4.0);day
images/real/roboflow_universe_tatmantech_russian-license-plates-ec7zg_v2/A737HA05_png.rf.31bdb00004f587390b0a941c1530551e.jpg;A737HA05;type1;153,268,456,185;153,268,609,268,609,453,153,453;1;0;roboflow_universe:tatmantech/russian-license-plates-ec7zg@v2 <https://universe.roboflow.com/tatmantech/russian-license-plates-ec7zg>;CC-BY-4.0 (CC BY 4.0);night
images/real/roboflow_universe_tatmantech_russian-license-plates-ec7zg_v2/A737HA05_png.rf.5af4d44ebe30a72a5c757dad3efe51de.jpg;A737HA05;type1;136,215,478,261;136,215,613,215,613,475,136,475;1;0;roboflow_universe:tatmantech/russian-license-plates-ec7zg@v2 <https://universe.roboflow.com/tatmantech/russian-license-plates-ec7zg>;CC-BY-4.0 (CC BY 4.0);night
images/real/roboflow_universe_tatmantech_russian-license-plates-ec7zg_v2/A777BX27_png.rf.52887b40939d680fbc92da535c4e02a8.jpg;A777BX27;type1;33,0,607,541;33,0,640,0,640,541,33,541;1;0;roboflow_universe:tatmantech/russian-license-plates-ec7zg@v2 <https://universe.roboflow.com/tatmantech/russian-license-plates-ec7zg>;CC-BY-4.0 (CC BY 4.0);day
images/real/roboflow_universe_tatmantech_russian-license-plates-ec7zg_v2/A777BX27_png.rf.cdb1b5c0dc26bb0a3f68f5b1d8844eef.jpg;A777BX27;type1;0,26,638,614;0,26,638,26,638,640,0,640;1;0;roboflow_universe:tatmantech/russian-license-plates-ec7zg@v2 <https://universe.roboflow.com/tatmantech/russian-license-plates-ec7zg>;CC-BY-4.0 (CC BY 4.0);day
images/real/roboflow_universe_tatmantech_russian-license-plates-ec7zg_v2/A777BX27_png.rf.d77270260f6ea48e4a4c7a5ae4179928.jpg;A777BX27;type1;22,66,600,479;22,66,621,66,621,544,22,544;1;0;roboflow_universe:tatmantech/russian-license-plates-ec7zg@v2 <https://universe.roboflow.com/tatmantech/russian-license-plates-ec7zg>;CC-BY-4.0 (CC BY 4.0);day
images/real/roboflow_universe_tatmantech_russian-license-plates-ec7zg_v2/A777RUS_png.rf.6affc0cfd99e3cb41a3305c14a1db0f3.jpg;########;type1;5,50,629,590;5,50,633,50,633,640,5,640;1;0;roboflow_universe:tatmantech/russian-license-plates-ec7zg@v2 <https://universe.roboflow.com/tatmantech/russian-license-plates-ec7zg>;CC-BY-4.0 (CC BY 4.0);day
images/real/roboflow_universe_tatmantech_russian-license-plates-ec7zg_v2/A777RUS_png.rf.b8b3e7418d1edb9de65fbaf475b77480.jpg;########;type1;2,82,552,500;2,82,554,82,554,582,2,582;1;0;roboflow_universe:tatmantech/russian-license-plates-ec7zg@v2 <https://universe.roboflow.com/tatmantech/russian-license-plates-ec7zg>;CC-BY-4.0 (CC BY 4.0);day
images/real/roboflow_universe_tatmantech_russian-license-plates-ec7zg_v2/A777RUS_png.rf.d64924df699160b9cd3b298dd6a49da0.jpg;########;type1;5,35,635,605;5,35,640,35,640,640,5,640;1;0;roboflow_universe:tatmantech/russian-license-plates-ec7zg@v2 <https://universe.roboflow.com/tatmantech/russian-license-plates-ec7zg>;CC-BY-4.0 (CC BY 4.0);day
images/real/roboflow_universe_tatmantech_russian-license-plates-ec7zg_v2/A798AP177_png.rf.311d3ea77878e74329a7477016aeb332.jpg;A798AP177;type1;2,6,637,622;2,6,638,6,638,629,2,629;1;0;roboflow_universe:tatmantech/russian-license-plates-ec7zg@v2 <https://universe.roboflow.com/tatmantech/russian-license-plates-ec7zg>;CC-BY-4.0 (CC BY 4.0);day
images/real/roboflow_universe_tatmantech_russian-license-plates-ec7zg_v2/A798AP177_png.rf.54c8cf029aa8fc39771644584d920230.jpg;A798AP177;type1;0,0,640,640;0,0,640,0,640,640,0,640;1;0;roboflow_universe:tatmantech/russian-license-plates-ec7zg@v2 <https://universe.roboflow.com/tatmantech/russian-license-plates-ec7zg>;CC-BY-4.0 (CC BY 4.0);day
images/real/roboflow_universe_tatmantech_russian-license-plates-ec7zg_v2/A798AP177_png.rf.dd4758899b181ebdf805e1bb739485cc.jpg;A798AP177;type1;0,0,640,640;0,0,640,0,640,640,0,640;1;0;roboflow_universe:tatmantech/russian-license-plates-ec7zg@v2 <https://universe.roboflow.com/tatmantech/russian-license-plates-ec7zg>;CC-BY-4.0 (CC BY 4.0);day,glare
images/real/roboflow_universe_tatmantech_russian-license-plates-ec7zg_v2/A831OE77_png.rf.541fcdba2fce4b2a7beffacd08f0313c.jpg;A831OE77;type1;142,278,350,134;142,278,493,278,493,413,142,413;1;0;roboflow_universe:tatmantech/russian-license-plates-ec7zg@v2 <https://universe.roboflow.com/tatmantech/russian-license-plates-ec7zg>;CC-BY-4.0 (CC BY 4.0);day
images/real/roboflow_universe_tatmantech_russian-license-plates-ec7zg_v2/A831OE77_png.rf.60a0b50015631ce6f514340c4c9ca7d2.jpg;A831OE77;type1;133,269,359,153;133,269,491,269,491,422,133,422;1;0;roboflow_universe:tatmantech/russian-license-plates-ec7zg@v2 <https://universe.roboflow.com/tatmantech/russian-license-plates-ec7zg>;CC-BY-4.0 (CC BY 4.0);day,glare
images/real/roboflow_universe_tatmantech_russian-license-plates-ec7zg_v2/A831OE77_png.rf.95a1227bad13cefc3b5cadaa19449985.jpg;A831OE77;type1;119,262,375,261;119,262,494,262,494,522,119,522;1;0;roboflow_universe:tatmantech/russian-license-plates-ec7zg@v2 <https://universe.roboflow.com/tatmantech/russian-license-plates-ec7zg>;CC-BY-4.0 (CC BY 4.0);day,glare
images/real/roboflow_universe_tatmantech_russian-license-plates-ec7zg_v2/A999OP18_png.rf.6d9c3db5f82ececec93554f5dc54a85e.jpg;A999OP18;type1;224,372,125,61;224,372,349,372,349,434,224,434;1;0;roboflow_universe:tatmantech/russian-license-plates-ec7zg@v2 <https://universe.roboflow.com/tatmantech/russian-license-plates-ec7zg>;CC-BY-4.0 (CC BY 4.0);day
images/real/roboflow_universe_tatmantech_russian-license-plates-ec7zg_v2/A999OP18_png.rf.7a6fa9d2daec70b67f5aff7aa65bab99.jpg;A999OP18;type1;205,371,133,75;205,371,338,371,338,445,205,445;1;0;roboflow_universe:tatmantech/russian-license-plates-ec7zg@v2 <https://universe.roboflow.com/tatmantech/russian-license-plates-ec7zg>;CC-BY-4.0 (CC BY 4.0);day
images/real/roboflow_universe_tatmantech_russian-license-plates-ec7zg_v2/A999OP18_png.rf.d28e9bb41212f330943ca9f7958e4d99.jpg;A999OP18;type1;263,371,115,46;263,371,378,371,378,417,263,417;1;0;roboflow_universe:tatmantech/russian-license-plates-ec7zg@v2 <https://universe.roboflow.com/tatmantech/russian-license-plates-ec7zg>;CC-BY-4.0 (CC BY 4.0);day
images/real/roboflow_universe_tatmantech_russian-license-plates-ec7zg_v2/AB86577_png.rf.16b38614c99c2049a8ab37a8a5a0ef1b.jpg;########;type1b;16,80,614,472;16,80,630,80,630,551,16,551;1;0;roboflow_universe:tatmantech/russian-license-plates-ec7zg@v2 <https://universe.roboflow.com/tatmantech/russian-license-plates-ec7zg>;CC-BY-4.0 (CC BY 4.0);day
images/real/roboflow_universe_tatmantech_russian-license-plates-ec7zg_v2/AB86577_png.rf.a5aed231d5f6d5b200bf58584136b877.jpg;########;type1b;0,20,637,620;0,20,637,20,637,640,0,640;1;0;roboflow_universe:tatmantech/russian-license-plates-ec7zg@v2 <https://universe.roboflow.com/tatmantech/russian-license-plates-ec7zg>;CC-BY-4.0 (CC BY 4.0);day
images/real/roboflow_universe_tatmantech_russian-license-plates-ec7zg_v2/AB86577_png.rf.c229d1f49d8ddc22ff3226464f7b2869.jpg;########;type1;3,21,637,596;3,21,640,21,640,617,3,617;1;0;roboflow_universe:tatmantech/russian-license-plates-ec7zg@v2 <https://universe.roboflow.com/tatmantech/russian-license-plates-ec7zg>;CC-BY-4.0 (CC BY 4.0);night
images/real/roboflow_universe_tatmantech_russian-license-plates-ec7zg_v2/AP502947_png.rf.13a54e1dd0f3e14c24b854ffabe66e45.jpg;########;type1;168,292,310,103;168,292,478,292,478,394,168,394;1;0;roboflow_universe:tatmantech/russian-license-plates-ec7zg@v2 <https://universe.roboflow.com/tatmantech/russian-license-plates-ec7zg>;CC-BY-4.0 (CC BY 4.0);day,glare
images/real/roboflow_universe_tatmantech_russian-license-plates-ec7zg_v2/AP502947_png.rf.9cbd338f612570d895cc7f37789da736.jpg;########;type1;200,266,355,187;200,266,555,266,555,453,200,453;1;0;roboflow_universe:tatmantech/russian-license-plates-ec7zg@v2 <https://universe.roboflow.com/tatmantech/russian-license-plates-ec7zg>;CC-BY-4.0 (CC BY 4.0);day,glare
images/real/roboflow_universe_tatmantech_russian-license-plates-ec7zg_v2/AP502947_png.rf.ec822eeb2f51ffb6e93dade850988215.jpg;########;type1;85,214,356,195;85,214,441,214,441,409,85,409;1;0;roboflow_universe:tatmantech/russian-license-plates-ec7zg@v2 <https://universe.roboflow.com/tatmantech/russian-license-plates-ec7zg>;CC-BY-4.0 (CC BY 4.0);day,glare
images/real/roboflow_universe_tatmantech_russian-license-plates-ec7zg_v2/B118XE97_png.rf.09664f834e3b77595a6a1279792db522.jpg;B118XE97;type1;32,259,579,228;32,259,610,259,610,487,32,487;1;0;roboflow_universe:tatmantech/russian-license-plates-ec7zg@v2 <https://universe.roboflow.com/tatmantech/russian-license-plates-ec7zg>;CC-BY-4.0 (CC BY 4.0);day
images/real/roboflow_universe_tatmantech_russian-license-plates-ec7zg_v2/B118XE97_png.rf.16e37c4cef00629298e7d4f12da5fabb.jpg;B118XE97;type1;66,144,574,383;66,144,640,144,640,527,66,527;1;0;roboflow_universe:tatmantech/russian-license-plates-ec7zg@v2 <https://universe.roboflow.com/tatmantech/russian-license-plates-ec7zg>;CC-BY-4.0 (CC BY 4.0);day
images/real/roboflow_universe_tatmantech_russian-license-plates-ec7zg_v2/B118XE97_png.rf.ecaa0146313ad9f48049884c58f2c22d.jpg;B118XE97;type1;0,262,594,279;0,262,594,262,594,540,0,540;1;0;roboflow_universe:tatmantech/russian-license-plates-ec7zg@v2 <https://universe.roboflow.com/tatmantech/russian-license-plates-ec7zg>;CC-BY-4.0 (CC BY 4.0);day
images/real/roboflow_universe_tatmantech_russian-license-plates-ec7zg_v2/B124EC777_png.rf.53cf0b46f8e3fff8644c1ac1a73916cb.jpg;B124EC777;type1;248,149,296,456;248,149,544,149,544,604,248,604;1;0;roboflow_universe:tatmantech/russian-license-plates-ec7zg@v2 <https://universe.roboflow.com/tatmantech/russian-license-plates-ec7zg>;CC-BY-4.0 (CC BY 4.0);night
images/real/roboflow_universe_tatmantech_russian-license-plates-ec7zg_v2/B124EC777_png.rf.5b7471117def382a7af684b34cfcd2d4.jpg;B124EC777;type1;189,36,448,574;189,36,637,36,637,610,189,610;1;0;roboflow_universe:tatmantech/russian-license-plates-ec7zg@v2 <https://universe.roboflow.com/tatmantech/russian-license-plates-ec7zg>;CC-BY-4.0 (CC BY 4.0);day
images/real/roboflow_universe_tatmantech_russian-license-plates-ec7zg_v2/B124EC777_png.rf.b76c2e955dc50d688b3716ab1ea572f0.jpg;B124EC777;type1;238,150,402,490;238,150,640,150,640,640,238,640;1;0;roboflow_universe:tatmantech/russian-license-plates-ec7zg@v2 <https://universe.roboflow.com/tatmantech/russian-license-plates-ec7zg>;CC-BY-4.0 (CC BY 4.0);night
images/real/roboflow_universe_tatmantech_russian-license-plates-ec7zg_v2/B555PX39_png.rf.644713c6b7ec2fc2457448fabb03dac6.jpg;B555PX39;type1;0,0,640,640;0,0,640,0,640,640,0,640;1;0;roboflow_universe:tatmantech/russian-license-plates-ec7zg@v2 <https://universe.roboflow.com/tatmantech/russian-license-plates-ec7zg>;CC-BY-4.0 (CC BY 4.0);day,glare
images/real/roboflow_universe_tatmantech_russian-license-plates-ec7zg_v2/B555PX39_png.rf.ac6a34b7c66608feacdfba36c2f6536e.jpg;B555PX39;type1;0,0,639,639;0,0,639,0,639,639,0,639;1;0;roboflow_universe:tatmantech/russian-license-plates-ec7zg@v2 <https://universe.roboflow.com/tatmantech/russian-license-plates-ec7zg>;CC-BY-4.0 (CC BY 4.0);day,glare
images/real/roboflow_universe_tatmantech_russian-license-plates-ec7zg_v2/B555PX39_png.rf.acf7dd5fd634bd47d6545154d8c7a9d7.jpg;B555PX39;type1;0,0,640,640;0,0,640,0,640,640,0,640;1;0;roboflow_universe:tatmantech/russian-license-plates-ec7zg@v2 <https://universe.roboflow.com/tatmantech/russian-license-plates-ec7zg>;CC-BY-4.0 (CC BY 4.0);day,glare
images/real/roboflow_universe_tatmantech_russian-license-plates-ec7zg_v2/B622YY102_png.rf.6ae055b8ffdbc8f7c9784d8f8141f523.jpg;B622YY102;type1;0,0,640,623;0,0,640,0,640,623,0,623;1;0;roboflow_universe:tatmantech/russian-license-plates-ec7zg@v2 <https://universe.roboflow.com/tatmantech/russian-license-plates-ec7zg>;CC-BY-4.0 (CC BY 4.0);day,glare
images/real/roboflow_universe_tatmantech_russian-license-plates-ec7zg_v2/B622YY102_png.rf.d24acf0ca2600f53b2075ca049dad8ff.jpg;B622YY102;type1;4,39,634,548;4,39,638,39,638,586,4,586;1;0;roboflow_universe:tatmantech/russian-license-plates-ec7zg@v2 <https://universe.roboflow.com/tatmantech/russian-license-plates-ec7zg>;CC-BY-4.0 (CC BY 4.0);day,glare
images/real/roboflow_universe_tatmantech_russian-license-plates-ec7zg_v2/B622YY102_png.rf.e8ca915598e9885044b93b0404ab8cd7.jpg;B622YY102;type1;0,2,640,638;0,2,640,2,640,640,0,640;1;0;roboflow_universe:tatmantech/russian-license-plates-ec7zg@v2 <https://universe.roboflow.com/tatmantech/russian-license-plates-ec7zg>;CC-BY-4.0 (CC BY 4.0);day
images/real/roboflow_universe_tatmantech_russian-license-plates-ec7zg_v2/B668TH89_png.rf.522445a319731cdd4cdd2d0fdb9065e9.jpg;B668TH89;type1;488,362,84,53;488,362,572,362,572,415,488,415;1;0;roboflow_universe:tatmantech/russian-license-plates-ec7zg@v2 <https://universe.roboflow.com/tatmantech/russian-license-plates-ec7zg>;CC-BY-4.0 (CC BY 4.0);day
images/real/roboflow_universe_tatmantech_russian-license-plates-ec7zg_v2/B668TH89_png.rf.8860fc6bbf13e39cc33b4f39e8ad36d5.jpg;B668TH89;type1;378,315,87,65;378,315,465,315,465,380,378,380;1;0;roboflow_universe:tatmantech/russian-license-plates-ec7zg@v2 <https://universe.roboflow.com/tatmantech/russian-license-plates-ec7zg>;CC-BY-4.0 (CC BY 4.0);day,glare
images/real/roboflow_universe_tatmantech_russian-license-plates-ec7zg_v2/B668TH89_png.rf.a0ae281dee661442fa2af52d23b5c412.jpg;B668TH89;type1;412,423,73,40;412,423,486,423,486,463,412,463;1;0;roboflow_universe:tatmantech/russian-license-plates-ec7zg@v2 <https://universe.roboflow.com/tatmantech/russian-license-plates-ec7zg>;CC-BY-4.0 (CC BY 4.0);day,glare
images/real/roboflow_universe_tatmantech_russian-license-plates-ec7zg_v2/B888BH26_png.rf.42723814825205330d87f6423a57ed9b.jpg;B888BH26;type1;111,227,408,144;111,227,519,227,519,371,111,371;1;0;roboflow_universe:tatmantech/russian-license-plates-ec7zg@v2 <https://universe.roboflow.com/tatmantech/russian-license-plates-ec7zg>;CC-BY-4.0 (CC BY 4.0);day
images/real/roboflow_universe_tatmantech_russian-license-plates-ec7zg_v2/B888BH26_png.rf.72dab497d3aa797c005c457a4119fffb.jpg;B888BH26;type1;110,91,436,302;110,91,546,91,546,393,110,393;1;0;roboflow_universe:tatmantech/russian-license-plates-ec7zg@v2 <https://universe.roboflow.com/tatmantech/russian-license-plates-ec7zg>;CC-BY-4.0 (CC BY 4.0);day
images/real/roboflow_universe_tatmantech_russian-license-plates-ec7zg_v2/B888BH26_png.rf.c4115dee337fd43e95470130ae6bd41b.jpg;B888BH26;type1;112,189,416,183;112,189,528,189,528,372,112,372;1;0;roboflow_universe:tatmantech/russian-license-plates-ec7zg@v2 <https://universe.roboflow.com/tatmantech/russian-license-plates-ec7zg>;CC-BY-4.0 (CC BY 4.0);day
images/real/roboflow_universe_tatmantech_russian-license-plates-ec7zg_v2/C003HH97_png.rf.0481d05e726b55e26e8c355a6eea2652.jpg;########;type1;175,169,248,200;175,169,423,169,423,369,175,369;1;0;roboflow_universe:tatmantech/russian-license-plates-ec7zg@v2 <https://universe.roboflow.com/tatmantech/russian-license-plates-ec7zg>;CC-BY-4.0 (CC BY 4.0);night
images/real/roboflow_universe_tatmantech_russian-license-plates-ec7zg_v2/C003HH97_png.rf.0481d05e726b55e26e8c355a6eea2652.jpg;########;type1;140,443,389,171;140,443,529,443,529,614,140,614;1;0;roboflow_universe:tatmantech/russian-license-plates-ec7zg@v2 <https://universe.roboflow.com/tatmantech/russian-license-plates-ec7zg>;CC-BY-4.0 (CC BY 4.0);night
images/real/roboflow_universe_tatmantech_russian-license-plates-ec7zg_v2/C003HH97_png.rf.6516d7ec342a9bd22af56529c5c41389.jpg;########;type1;152,109,256,238;152,109,408,109,408,347,152,347;1;0;roboflow_universe:tatmantech/russian-license-plates-ec7zg@v2 <https://universe.roboflow.com/tatmantech/russian-license-plates-ec7zg>;CC-BY-4.0 (CC BY 4.0);day,glare
images/real/roboflow_universe_tatmantech_russian-license-plates-ec7zg_v2/C003HH97_png.rf.6516d7ec342a9bd22af56529c5c41389.jpg;########;type1;107,366,395,231;107,366,502,366,502,598,107,598;1;0;roboflow_universe:tatmantech/russian-license-plates-ec7zg@v2 <https://universe.roboflow.com/tatmantech/russian-license-plates-ec7zg>;CC-BY-4.0 (CC BY 4.0);day,glare
images/real/roboflow_universe_tatmantech_russian-license-plates-ec7zg_v2/C003HH97_png.rf.e6c10b68055e2d285b29b50438773625.jpg;########;type1;188,188,224,166;188,188,412,188,412,354,188,354;1;0;roboflow_universe:tatmantech/russian-license-plates-ec7zg@v2 <https://universe.roboflow.com/tatmantech/russian-license-plates-ec7zg>;CC-BY-4.0 (CC BY 4.0);day
images/real/roboflow_universe_tatmantech_russian-license-plates-ec7zg_v2/C003HH97_png.rf.e6c10b68055e2d285b29b50438773625.jpg;########;type1;109,476,374,113;109,476,482,476,482,590,109,590;1;0;roboflow_universe:tatmantech/russian-license-plates-ec7zg@v2 <https://universe.roboflow.com/tatmantech/russian-license-plates-ec7zg>;CC-BY-4.0 (CC BY 4.0);day
images/real/roboflow_universe_tatmantech_russian-license-plates-ec7zg_v2/C065MK78_png.rf.517af89cdef9a83139924029353ac40e.jpg;C065MK78;type1;87,261,464,124;87,261,551,261,551,386,87,386;1;0;roboflow_universe:tatmantech/russian-license-plates-ec7zg@v2 <https://universe.roboflow.com/tatmantech/russian-license-plates-ec7zg>;CC-BY-4.0 (CC BY 4.0);night
images/real/roboflow_universe_tatmantech_russian-license-plates-ec7zg_v2/C065MK78_png.rf.55dd804ab51e0fa771f87cce10f60b08.jpg;C065MK78;type1;12,274,488,192;12,274,500,274,500,466,12,466;1;0;roboflow_universe:tatmantech/russian-license-plates-ec7zg@v2 <https://universe.roboflow.com/tatmantech/russian-license-plates-ec7zg>;CC-BY-4.0 (CC BY 4.0);night
images/real/roboflow_universe_tatmantech_russian-license-plates-ec7zg_v2/C065MK78_png.rf.e1c36afe82a3a0f92be51f3f58d30630.jpg;C065MK78;type1;80,188,471,196;80,188,551,188,551,384,80,384;1;0;roboflow_universe:tatmantech/russian-license-plates-ec7zg@v2 <https://universe.roboflow.com/tatmantech/russian-license-plates-ec7zg>;CC-BY-4.0 (CC BY 4.0);day
images/real/roboflow_universe_tatmantech_russian-license-plates-ec7zg_v2/C065ml78_png.rf.1d795c9f2a120eea3ed3906939cdc0bb.jpg;########;type1;0,9,638,606;0,9,638,9,638,615,0,615;1;0;roboflow_universe:tatmantech/russian-license-plates-ec7zg@v2 <https://universe.roboflow.com/tatmantech/russian-license-plates-ec7zg>;CC-BY-4.0 (CC BY 4.0);day,glare
images/real/roboflow_universe_tatmantech_russian-license-plates-ec7zg_v2/C065ml78_png.rf.56f6b7f7dfb116966a5c66004c509645.jpg;########;type1;0,0,640,640;0,0,640,0,640,640,0,640;1;0;roboflow_universe:tatmantech/russian-license-plates-ec7zg@v2 <https://universe.roboflow.com/tatmantech/russian-license-plates-ec7zg>;CC-BY-4.0 (CC BY 4.0);day,glare
images/real/roboflow_universe_tatmantech_russian-license-plates-ec7zg_v2/C065ml78_png.rf.a6c9b8f96247da9d413fd10865c970a2.jpg;########;type1;0,0,640,637;0,0,640,0,640,637,0,637;1;0;roboflow_universe:tatmantech/russian-license-plates-ec7zg@v2 <https://universe.roboflow.com/tatmantech/russian-license-plates-ec7zg>;CC-BY-4.0 (CC BY 4.0);day,glare
images/real/roboflow_universe_tatmantech_russian-license-plates-ec7zg_v2/C227HA69_png.rf.2bb00522ee10cd324d34e18e2438b180.jpg;C227HA69;type1;0,0,640,640;0,0,640,0,640,640,0,640;1;0;roboflow_universe:tatmantech/russian-license-plates-ec7zg@v2 <https://universe.roboflow.com/tatmantech/russian-license-plates-ec7zg>;CC-BY-4.0 (CC BY 4.0);day,glare
images/real/roboflow_universe_tatmantech_russian-license-plates-ec7zg_v2/C227HA69_png.rf.56fdf8fc557e2ab16aab22f3229643a9.jpg;C227HA69;type1;0,6,638,616;0,6,638,6,638,622,0,622;1;0;roboflow_universe:tatmantech/russian-license-plates-ec7zg@v2 <https://universe.roboflow.com/tatmantech/russian-license-plates-ec7zg>;CC-BY-4.0 (CC BY 4.0);day,glare
images/real/roboflow_universe_tatmantech_russian-license-plates-ec7zg_v2/C227HA69_png.rf.80f3a34bc30d538c45874af07ae8ddf0.jpg;C227HA69;type1;0,0,640,640;0,0,640,0,640,640,0,640;1;0;roboflow_universe:tatmantech/russian-license-plates-ec7zg@v2 <https://universe.roboflow.com/tatmantech/russian-license-plates-ec7zg>;CC-BY-4.0 (CC BY 4.0);day,glare
images/real/roboflow_universe_tatmantech_russian-license-plates-ec7zg_v2/C227HADPR_png.rf.d8e4ccacd06a811509b6f2f75d546aaa.jpg;########;type1;0,0,640,640;0,0,640,0,640,640,0,640;1;0;roboflow_universe:tatmantech/russian-license-plates-ec7zg@v2 <https://universe.roboflow.com/tatmantech/russian-license-plates-ec7zg>;CC-BY-4.0 (CC BY 4.0);day,glare
images/real/roboflow_universe_tatmantech_russian-license-plates-ec7zg_v2/C227HADPR_png.rf.dd2ce4096135d32ab9231d69cc3d9438.jpg;########;type1;1,12,638,605;1,12,638,12,638,616,1,616;1;0;roboflow_universe:tatmantech/russian-license-plates-ec7zg@v2 <https://universe.roboflow.com/tatmantech/russian-license-plates-ec7zg>;CC-BY-4.0 (CC BY 4.0);day,glare
images/real/roboflow_universe_tatmantech_russian-license-plates-ec7zg_v2/C227HADPR_png.rf.efdf791b819df51b976c99201b03b49d.jpg;########;type1;0,0,640,640;0,0,640,0,640,640,0,640;1;0;roboflow_universe:tatmantech/russian-license-plates-ec7zg@v2 <https://universe.roboflow.com/tatmantech/russian-license-plates-ec7zg>;CC-BY-4.0 (CC BY 4.0);day
images/real/roboflow_universe_tatmantech_russian-license-plates-ec7zg_v2/C2643AY777_png.rf.23dd79dd9bc80decaf6ae9eee81cb9e4.jpg;########;type1;0,0,640,640;0,0,640,0,640,640,0,640;1;0;roboflow_universe:tatmantech/russian-license-plates-ec7zg@v2 <https://universe.roboflow.com/tatmantech/russian-license-plates-ec7zg>;CC-BY-4.0 (CC BY 4.0);day,glare
images/real/roboflow_universe_tatmantech_russian-license-plates-ec7zg_v2/C2643AY777_png.rf.850d69fc1189288dd11ab2b94dfb6a5b.jpg;########;type1;0,0,639,632;0,0,639,0,639,632,0,632;1;0;roboflow_universe:tatmantech/russian-license-plates-ec7zg@v2 <https://universe.roboflow.com/tatmantech/russian-license-plates-ec7zg>;CC-BY-4.0 (CC BY 4.0);day,glare
images/real/roboflow_universe_tatmantech_russian-license-plates-ec7zg_v2/C2643AY777_png.rf.e89908ec5a261feacb5476a02c9dc215.jpg;########;type1;0,0,640,640;0,0,640,0,640,640,0,640;1;0;roboflow_universe:tatmantech/russian-license-plates-ec7zg@v2 <https://universe.roboflow.com/tatmantech/russian-license-plates-ec7zg>;CC-BY-4.0 (CC BY 4.0);day
images/real/roboflow_universe_tatmantech_russian-license-plates-ec7zg_v2/C5362_png.rf.52ed7c560102160ae457ce006c35e748.jpg;########;type1;174,295,224,131;174,295,398,295,398,426,174,426;1;0;roboflow_universe:tatmantech/russian-license-plates-ec7zg@v2 <https://universe.roboflow.com/tatmantech/russian-license-plates-ec7zg>;CC-BY-4.0 (CC BY 4.0);day,glare
images/real/roboflow_universe_tatmantech_russian-license-plates-ec7zg_v2/C5362_png.rf.8085439879fc754cffdc65a039f63d95.jpg;########;type1;206,328,208,92;206,328,413,328,413,419,206,419;1;0;roboflow_universe:tatmantech/russian-license-plates-ec7zg@v2 <https://universe.roboflow.com/tatmantech/russian-license-plates-ec7zg>;CC-BY-4.0 (CC BY 4.0);day
images/real/roboflow_universe_tatmantech_russian-license-plates-ec7zg_v2/C5362_png.rf.c5326eb87313cf9fee63f764b003cc87.jpg;########;type1;167,317,237,152;167,317,404,317,404,469,167,469;1;0;roboflow_universe:tatmantech/russian-license-plates-ec7zg@v2 <https://universe.roboflow.com/tatmantech/russian-license-plates-ec7zg>;CC-BY-4.0 (CC BY 4.0);day
images/real/roboflow_universe_tatmantech_russian-license-plates-ec7zg_v2/C755BC799_png.rf.196b36c8586a59c5f08b5d4fc49416a2.jpg;C755BC799;type1;413,426,103,46;413,426,516,426,516,473,413,473;1;0;roboflow_universe:tatmantech/russian-license-plates-ec7zg@v2 <https://universe.roboflow.com/tatmantech/russian-license-plates-ec7zg>;CC-BY-4.0 (CC BY 4.0);day
images/real/roboflow_universe_tatmantech_russian-license-plates-ec7zg_v2/C755BC799_png.rf.462761ccf813b0e3435dde8288436363.jpg;C755BC799;type1;382,359,109,77;382,359,491,359,491,437,382,437;1;0;roboflow_universe:tatmantech/russian-license-plates-ec7zg@v2 <https://universe.roboflow.com/tatmantech/russian-license-plates-ec7zg>;CC-BY-4.0 (CC BY 4.0);night
images/real/roboflow_universe_tatmantech_russian-license-plates-ec7zg_v2/C755BC799_png.rf.d9b475f41037eb978353b6cc227096ae.jpg;C755BC799;type1;478,446,118,78;478,446,596,446,596,524,478,524;1;0;roboflow_universe:tatmantech/russian-license-plates-ec7zg@v2 <https://universe.roboflow.com/tatmantech/russian-license-plates-ec7zg>;CC-BY-4.0 (CC BY 4.0);day
images/real/roboflow_universe_tatmantech_russian-license-plates-ec7zg_v2/CM655K78_png.rf.1e9d82b476826b4d5affbfc7fe85bb11.jpg;########;type1;0,0,640,640;0,0,640,0,640,640,0,640;1;0;roboflow_universe:tatmantech/russian-license-plates-ec7zg@v2 <https://universe.roboflow.com/tatmantech/russian-license-plates-ec7zg>;CC-BY-4.0 (CC BY 4.0);day
images/real/roboflow_universe_tatmantech_russian-license-plates-ec7zg_v2/CM655K78_png.rf.39712e3b4cb7fae2eee2802a96515956.jpg;########;type1;0,0,640,640;0,0,640,0,640,640,0,640;1;0;roboflow_universe:tatmantech/russian-license-plates-ec7zg@v2 <https://universe.roboflow.com/tatmantech/russian-license-plates-ec7zg>;CC-BY-4.0 (CC BY 4.0);day,glare
images/real/roboflow_universe_tatmantech_russian-license-plates-ec7zg_v2/CM655K78_png.rf.6995620a3f60f715b6429766b1254525.jpg;########;type1;0,12,638,599;0,12,639,12,639,610,0,610;1;0;roboflow_universe:tatmantech/russian-license-plates-ec7zg@v2 <https://universe.roboflow.com/tatmantech/russian-license-plates-ec7zg>;CC-BY-4.0 (CC BY 4.0);day,glare
images/real/roboflow_universe_tatmantech_russian-license-plates-ec7zg_v2/E100ET799_png.rf.59ed2cbd06aa2811804e3a28c7e82edf.jpg;E100ET799;type1;291,245,195,181;291,245,486,245,486,426,291,426;1;0;roboflow_universe:tatmantech/russian-license-plates-ec7zg@v2 <https://universe.roboflow.com/tatmantech/russian-license-plates-ec7zg>;CC-BY-4.0 (CC BY 4.0);day
images/real/roboflow_universe_tatmantech_russian-license-plates-ec7zg_v2/E100ET799_png.rf.bd449e5a0a20e49259997077f7229752.jpg;E100ET799;type1;236,245,195,200;236,245,431,245,431,445,236,445;1;0;roboflow_universe:tatmantech/russian-license-plates-ec7zg@v2 <https://universe.roboflow.com/tatmantech/russian-license-plates-ec7zg>;CC-BY-4.0 (CC BY 4.0);day,glare
images/real/roboflow_universe_tatmantech_russian-license-plates-ec7zg_v2/E100ET799_png.rf.e53ee05f4a11e89de946de04eda924c5.jpg;E100ET799;type1;254,319,170,144;254,319,424,319,424,463,254,463;1;0;roboflow_universe:tatmantech/russian-license-plates-ec7zg@v2 <https://universe.roboflow.com/tatmantech/russian-license-plates-ec7zg>;CC-BY-4.0 (CC BY 4.0);day
images/real/roboflow_universe_tatmantech_russian-license-plates-ec7zg_v2/E178_png.rf.44d2d7d63bccd400ae21af813d64a494.jpg;########;type1;0,1,637,636;0,1,637,1,637,638,0,638;1;0;roboflow_universe:tatmantech/russian-license-plates-ec7zg@v2 <https://universe.roboflow.com/tatmantech/russian-license-plates-ec7zg>;CC-BY-4.0 (CC BY 4.0);day,glare
images/real/roboflow_universe_tatmantech_russian-license-plates-ec7zg_v2/E178_png.rf.5d72d5aa5f68a22ebdc2066ec018e2a0.jpg;########;type1;0,0,640,598;0,0,640,0,640,598,0,598;1;0;roboflow_universe:tatmantech/russian-license-plates-ec7zg@v2 <https://universe.roboflow.com/tatmantech/russian-license-plates-ec7zg>;CC-BY-4.0 (CC BY 4.0);day,glare
images/real/roboflow_universe_tatmantech_russian-license-plates-ec7zg_v2/E178_png.rf.b7a65bf0ea21e97013f7f3f7a3fc3c03.jpg;########;type1;2,1,636,592;2,1,637,1,637,593,2,593;1;0;roboflow_universe:tatmantech/russian-license-plates-ec7zg@v2 <https://universe.roboflow.com/tatmantech/russian-license-plates-ec7zg>;CC-BY-4.0 (CC BY 4.0);day
images/real/roboflow_universe_tatmantech_russian-license-plates-ec7zg_v2/E389KX99_png.rf.16d87f9040388739699f1e7230b4ab56.jpg;E389KX99;type1;195,291,246,91;195,291,441,291,441,382,195,382;1;0;roboflow_universe:tatmantech/russian-license-plates-ec7zg@v2 <https://universe.roboflow.com/tatmantech/russian-license-plates-ec7zg>;CC-BY-4.0 (CC BY 4.0);day,glare
images/real/roboflow_universe_tatmantech_russian-license-plates-ec7zg_v2/E389KX99_png.rf.88310a89f7cba6ba001a10f2c24b8707.jpg;E389KX99;type1;244,280,272,109;244,280,517,280,517,389,244,389;1;0;roboflow_universe:tatmantech/russian-license-plates-ec7zg@v2 <https://universe.roboflow.com/tatmantech/russian-license-plates-ec7zg>;CC-BY-4.0 (CC BY 4.0);day
images/real/roboflow_universe_tatmantech_russian-license-plates-ec7zg_v2/E389KX99_png.rf.9856757939daec32f31ac81b781d5457.jpg;E389KX99;type1;143,316,261,130;143,316,404,316,404,446,143,446;1;0;roboflow_universe:tatmantech/russian-license-plates-ec7zg@v2 <https://universe.roboflow.com/tatmantech/russian-license-plates-ec7zg>;CC-BY-4.0 (CC BY 4.0);day,glare
images/real/roboflow_universe_tatmantech_russian-license-plates-ec7zg_v2/E824EK154_png.rf.3fb173139e9eb0f8968af6ca35f66b75.jpg;E824EK154;type1;208,464,80,49;208,464,288,464,288,513,208,513;1;0;roboflow_universe:tatmantech/russian-license-plates-ec7zg@v2 <https://universe.roboflow.com/tatmantech/russian-license-plates-ec7zg>;CC-BY-4.0 (CC BY 4.0);day,glare
images/real/roboflow_universe_tatmantech_russian-license-plates-ec7zg_v2/E824EK154_png.rf.6a2f2f922049dd56550cb69a1432038b.jpg;E824EK154;type1;226,481,85,62;226,481,312,481,312,543,226,543;1;0;roboflow_universe:tatmantech/russian-license-plates-ec7zg@v2 <https://universe.roboflow.com/tatmantech/russian-license-plates-ec7zg>;CC-BY-4.0 (CC BY 4.0);day,glare
images/real/roboflow_universe_tatmantech_russian-license-plates-ec7zg_v2/E824EK154_png.rf.d3fa8b05759710ef997c6e83997f1294.jpg;E824EK154;type1;238,420,88,76;238,420,326,420,326,496,238,496;1;0;roboflow_universe:tatmantech/russian-license-plates-ec7zg@v2 <https://universe.roboflow.com/tatmantech/russian-license-plates-ec7zg>;CC-BY-4.0 (CC BY 4.0);day
images/real/roboflow_universe_tatmantech_russian-license-plates-ec7zg_v2/E870AA777_png.rf.5f2e709feebf9425ff0806407c5e41b6.jpg;E870AA777;type1;112,249,425,190;112,249,537,249,537,439,112,439;1;0;roboflow_universe:tatmantech/russian-license-plates-ec7zg@v2 <https://universe.roboflow.com/tatmantech/russian-license-plates-ec7zg>;CC-BY-4.0 (CC BY 4.0);night
images/real/roboflow_universe_tatmantech_russian-license-plates-ec7zg_v2/E870AA777_png.rf.cbb85a1245e55a51f86b5b22f29f714a.jpg;E870AA777;type1;110,250,418,150;110,250,527,250,527,401,110,401;1;0;roboflow_universe:tatmantech/russian-license-plates-ec7zg@v2 <https://universe.roboflow.com/tatmantech/russian-license-plates-ec7zg>;CC-BY-4.0 (CC BY 4.0);night
images/real/roboflow_universe_tatmantech_russian-license-plates-ec7zg_v2/E870AA777_png.rf.e3048f0f1cfe1505a4bd8452f7d47164.jpg;E870AA777;type1;120,200,431,199;120,200,551,200,551,399,120,399;1;0;roboflow_universe:tatmantech/russian-license-plates-ec7zg@v2 <https://universe.roboflow.com/tatmantech/russian-license-plates-ec7zg>;CC-BY-4.0 (CC BY 4.0);night
images/real/roboflow_universe_tatmantech_russian-license-plates-ec7zg_v2/H123PC456_png.rf.cf665217f4920e0548218d09b3ed2f6b.jpg;########;type1;18,167,603,240;18,167,622,167,622,406,18,406;1;0;roboflow_universe:tatmantech/russian-license-plates-ec7zg@v2 <https://universe.roboflow.com/tatmantech/russian-license-plates-ec7zg>;CC-BY-4.0 (CC BY 4.0);day,glare
images/real/roboflow_universe_tatmantech_russian-license-plates-ec7zg_v2/H123PC456_png.rf.dec5a5b018031d43c17dd9d7686f1c55.jpg;########;type1;17,104,623,454;17,104,640,104,640,558,17,558;1;0;roboflow_universe:tatmantech/russian-license-plates-ec7zg@v2 <https://universe.roboflow.com/tatmantech/russian-license-plates-ec7zg>;CC-BY-4.0 (CC BY 4.0);day
images/real/roboflow_universe_tatmantech_russian-license-plates-ec7zg_v2/H123PC456_png.rf.fa72a58cf0393ddbce014cd0f0146af1.jpg;########;type1;0,138,615,407;0,138,615,138,615,545,0,545;1;0;roboflow_universe:tatmantech/russian-license-plates-ec7zg@v2 <https://universe.roboflow.com/tatmantech/russian-license-plates-ec7zg>;CC-BY-4.0 (CC BY 4.0);day,glare
images/real/roboflow_universe_tatmantech_russian-license-plates-ec7zg_v2/H847XC177_png.rf.41d88e4f656ecc99e299a9e42dddd04b.jpg;H847XC177;type1;42,163,566,236;42,163,607,163,607,399,42,399;1;0;roboflow_universe:tatmantech/russian-license-plates-ec7zg@v2 <https://universe.roboflow.com/tatmantech/russian-license-plates-ec7zg>;CC-BY-4.0 (CC BY 4.0);day
images/real/roboflow_universe_tatmantech_russian-license-plates-ec7zg_v2/H847XC177_png.rf.7b2cd246a379ad4cf7400813b791eafd.jpg;H847XC177;type1;0,122,611,332;0,122,611,122,611,454,0,454;1;0;roboflow_universe:tatmantech/russian-license-plates-ec7zg@v2 <https://universe.roboflow.com/tatmantech/russian-license-plates-ec7zg>;CC-BY-4.0 (CC BY 4.0);day
images/real/roboflow_universe_tatmantech_russian-license-plates-ec7zg_v2/H847XC177_png.rf.cc748fbbe9971dbcbd3acf75e7679687.jpg;H847XC177;type1;35,124,605,438;35,124,640,124,640,562,35,562;1;0;roboflow_universe:tatmantech/russian-license-plates-ec7zg@v2 <https://universe.roboflow.com/tatmantech/russian-license-plates-ec7zg>;CC-BY-4.0 (CC BY 4.0);day
images/real/roboflow_universe_tatmantech_russian-license-plates-ec7zg_v2/H972EH799_png.rf.15ee974ddb691028606a4d21626eb245.jpg;H972EH799;type1;394,382,65,40;394,382,459,382,459,422,394,422;1;0;roboflow_universe:tatmantech/russian-license-plates-ec7zg@v2 <https://universe.roboflow.com/tatmantech/russian-license-plates-ec7zg>;CC-BY-4.0 (CC BY 4.0);day
images/real/roboflow_universe_tatmantech_russian-license-plates-ec7zg_v2/H972EH799_png.rf.2eb0f9926cd93d3fbb4dbc364907636f.jpg;H972EH799;type1;353,378,60,31;353,378,413,378,413,408,353,408;1;0;roboflow_universe:tatmantech/russian-license-plates-ec7zg@v2 <https://universe.roboflow.com/tatmantech/russian-license-plates-ec7zg>;CC-BY-4.0 (CC BY 4.0);day
images/real/roboflow_universe_tatmantech_russian-license-plates-ec7zg_v2/H972EH799_png.rf.64a9e8460ec514abda480a506dd4bf7a.jpg;H972EH799;type1;325,302,66,48;325,302,391,302,391,349,325,349;1;0;roboflow_universe:tatmantech/russian-license-plates-ec7zg@v2 <https://universe.roboflow.com/tatmantech/russian-license-plates-ec7zg>;CC-BY-4.0 (CC BY 4.0);day,glare
images/real/roboflow_universe_tatmantech_russian-license-plates-ec7zg_v2/K145ET73_png.rf.361bf5a387712fc184723e149512be64.jpg;K145ET73;type1;144,370,53,71;144,370,197,370,197,441,144,441;1;0;roboflow_universe:tatmantech/russian-license-plates-ec7zg@v2 <https://universe.roboflow.com/tatmantech/russian-license-plates-ec7zg>;CC-BY-4.0 (CC BY 4.0);night
images/real/roboflow_universe_tatmantech_russian-license-plates-ec7zg_v2/K145ET73_png.rf.61e91b5460a73e7a864b3687351bfcc0.jpg;K145ET73;type1;148,363,49,60;148,363,198,363,198,423,148,423;1;0;roboflow_universe:tatmantech/russian-license-plates-ec7zg@v2 <https://universe.roboflow.com/tatmantech/russian-license-plates-ec7zg>;CC-BY-4.0 (CC BY 4.0);day
images/real/roboflow_universe_tatmantech_russian-license-plates-ec7zg_v2/K145ET73_png.rf.81f4709d2dee37008b7aacc7c7251a58.jpg;K145ET73;type1;167,337,57,75;167,337,224,337,224,412,167,412;1;0;roboflow_universe:tatmantech/russian-license-plates-ec7zg@v2 <https://universe.roboflow.com/tatmantech/russian-license-plates-ec7zg>;CC-BY-4.0 (CC BY 4.0);day,glare
images/real/roboflow_universe_tatmantech_russian-license-plates-ec7zg_v2/KACKOABTO_png.rf.2e191a2dad14ef3f70d6b7b995988cab.jpg;########;type1;132,104,491,295;132,104,623,104,623,398,132,398;1;0;roboflow_universe:tatmantech/russian-license-plates-ec7zg@v2 <https://universe.roboflow.com/tatmantech/russian-license-plates-ec7zg>;CC-BY-4.0 (CC BY 4.0);day,glare
images/real/roboflow_universe_tatmantech_russian-license-plates-ec7zg_v2/KACKOABTO_png.rf.397a8f088e34e544e85405dcc29942a5.jpg;########;type1;132,100,508,338;132,100,640,100,640,438,132,438;1;0;roboflow_universe:tatmantech/russian-license-plates-ec7zg@v2 <https://universe.roboflow.com/tatmantech/russian-license-plates-ec7zg>;CC-BY-4.0 (CC BY 4.0);day
images/real/roboflow_universe_tatmantech_russian-license-plates-ec7zg_v2/KACKOABTO_png.rf.b363466e60d32e6da46ee92740ab98e7.jpg;########;type1;108,23,532,394;108,23,640,23,640,417,108,417;1;0;roboflow_universe:tatmantech/russian-license-plates-ec7zg@v2 <https://universe.roboflow.com/tatmantech/russian-license-plates-ec7zg>;CC-BY-4.0 (CC BY 4.0);day,glare
images/real/roboflow_universe_tatmantech_russian-license-plates-ec7zg_v2/M666KA197_png.rf.0656c33db82589f3af4ac7d818f401e0.jpg;M666KA197;type1;354,421,83,66;354,421,438,421,438,486,354,486;1;0;roboflow_universe:tatmantech/russian-license-plates-ec7zg@v2 <https://universe.roboflow.com/tatmantech/russian-license-plates-ec7zg>;CC-BY-4.0 (CC BY 4.0);day
images/real/roboflow_universe_tatmantech_russian-license-plates-ec7zg_v2/M666KA197_png.rf.7929d034bb1c702a9f55cb6f6f40625d.jpg;M666KA197;type1;340,361,96,93;340,361,436,361,436,454,340,454;1;0;roboflow_universe:tatmantech/russian-license-plates-ec7zg@v2 <https://universe.roboflow.com/tatmantech/russian-license-plates-ec7zg>;CC-BY-4.0 (CC BY 4.0);day
images/real/roboflow_universe_tatmantech_russian-license-plates-ec7zg_v2/M666KA197_png.rf.e0e1aa0a0b07e277fa3881d63c013370.jpg;M666KA197;type1;369,403,93,80;369,403,462,403,462,483,369,483;1;0;roboflow_universe:tatmantech/russian-license-plates-ec7zg@v2 <https://universe.roboflow.com/tatmantech/russian-license-plates-ec7zg>;CC-BY-4.0 (CC BY 4.0);day
images/real/roboflow_universe_tatmantech_russian-license-plates-ec7zg_v2/M697PM36_png.rf.13b4a8440876c814e491530c424a7308.jpg;M697PM36;type1;256,308,118,38;256,308,374,308,374,346,256,346;1;0;roboflow_universe:tatmantech/russian-license-plates-ec7zg@v2 <https://universe.roboflow.com/tatmantech/russian-license-plates-ec7zg>;CC-BY-4.0 (CC BY 4.0);day
images/real/roboflow_universe_tatmantech_russian-license-plates-ec7zg_v2/M697PM36_png.rf.572e3947ea3bd9eae5e1b9fa781db989.jpg;M697PM36;type1;310,329,135,77;310,329,445,329,445,406,310,406;1;0;roboflow_universe:tatmantech/russian-license-plates-ec7zg@v2 <https://universe.roboflow.com/tatmantech/russian-license-plates-ec7zg>;CC-BY-4.0 (CC BY 4.0);day,glare
images/real/roboflow_universe_tatmantech_russian-license-plates-ec7zg_v2/M697PM36_png.rf.c37c3a7d4d3898dd3f93379af591fc32.jpg;M697PM36;type1;282,227,129,82;282,227,411,227,411,309,282,309;1;0;roboflow_universe:tatmantech/russian-license-plates-ec7zg@v2 <https://universe.roboflow.com/tatmantech/russian-license-plates-ec7zg>;CC-BY-4.0 (CC BY 4.0);day
images/real/roboflow_universe_tatmantech_russian-license-plates-ec7zg_v2/M777AH11_png.rf.68388dcba34c33404c7e3a0a01e56b22.jpg;M777AH11;type1;244,273,150,58;244,273,394,273,394,330,244,330;1;0;roboflow_universe:tatmantech/russian-license-plates-ec7zg@v2 <https://universe.roboflow.com/tatmantech/russian-license-plates-ec7zg>;CC-BY-4.0 (CC BY 4.0);day
images/real/roboflow_universe_tatmantech_russian-license-plates-ec7zg_v2/M777AH11_png.rf.e7b58576265674f47db46299381982d4.jpg;M777AH11;type1;249,272,156,71;249,272,405,272,405,342,249,342;1;0;roboflow_universe:tatmantech/russian-license-plates-ec7zg@v2 <https://universe.roboflow.com/tatmantech/russian-license-plates-ec7zg>;CC-BY-4.0 (CC BY 4.0);night
images/real/roboflow_universe_tatmantech_russian-license-plates-ec7zg_v2/M777AH11_png.rf.f09fd4e921b0c41ae38bd02c8200d04e.jpg;M777AH11;type1;290,280,160,62;290,280,450,280,450,342,290,342;1;0;roboflow_universe:tatmantech/russian-license-plates-ec7zg@v2 <https://universe.roboflow.com/tatmantech/russian-license-plates-ec7zg>;CC-BY-4.0 (CC BY 4.0);night
images/real/roboflow_universe_tatmantech_russian-license-plates-ec7zg_v2/O293OH39_png.rf.0bd15612c196e7e0a91db61d31026d98.jpg;O293OH39;type1;47,153,557,258;47,153,604,153,604,411,47,411;1;0;roboflow_universe:tatmantech/russian-license-plates-ec7zg@v2 <https://universe.roboflow.com/tatmantech/russian-license-plates-ec7zg>;CC-BY-4.0 (CC BY 4.0);day
images/real/roboflow_universe_tatmantech_russian-license-plates-ec7zg_v2/O293OH39_png.rf.cd46e88f8b5799e634f8dabda52940eb.jpg;O293OH39;type1;0,126,604,322;0,126,604,126,604,448,0,448;1;0;roboflow_universe:tatmantech/russian-license-plates-ec7zg@v2 <https://universe.roboflow.com/tatmantech/russian-license-plates-ec7zg>;CC-BY-4.0 (CC BY 4.0);night
images/real/roboflow_universe_tatmantech_russian-license-plates-ec7zg_v2/O293OH39_png.rf.fe34cf25a91edf83cc29d5b5ab890e55.jpg;O293OH39;type1;37,55,603,420;37,55,640,55,640,475,37,475;1;0;roboflow_universe:tatmantech/russian-license-plates-ec7zg@v2 <https://universe.roboflow.com/tatmantech/russian-license-plates-ec7zg>;CC-BY-4.0 (CC BY 4.0);day,glare
images/real/roboflow_universe_tatmantech_russian-license-plates-ec7zg_v2/O341CP68_png.rf.51126e726a1f4d929f9e29377bf1c1f7.jpg;O341CP68;type1;0,155,626,396;0,155,626,155,626,551,0,551;1;0;roboflow_universe:tatmantech/russian-license-plates-ec7zg@v2 <https://universe.roboflow.com/tatmantech/russian-license-plates-ec7zg>;CC-BY-4.0 (CC BY 4.0);night
images/real/roboflow_universe_tatmantech_russian-license-plates-ec7zg_v2/O341CP68_png.rf.85ac610c955636c84f648f14fe82d486.jpg;O341CP68;type1;8,186,630,268;8,186,639,186,639,454,8,454;1;0;roboflow_universe:tatmantech/russian-license-plates-ec7zg@v2 <https://universe.roboflow.com/tatmantech/russian-license-plates-ec7zg>;CC-BY-4.0 (CC BY 4.0);night
images/real/roboflow_universe_tatmantech_russian-license-plates-ec7zg_v2/O341CP68_png.rf.b8e58a72e5fac9a7cb4c71efcacc6f15.jpg;O341CP68;type1;0,175,627,364;0,175,627,175,627,540,0,540;1;0;roboflow_universe:tatmantech/russian-license-plates-ec7zg@v2 <https://universe.roboflow.com/tatmantech/russian-license-plates-ec7zg>;CC-BY-4.0 (CC BY 4.0);night
images/real/roboflow_universe_tatmantech_russian-license-plates-ec7zg_v2/O353BY178_png.rf.55cb466206540910c28338386d590535.jpg;O353BY178;type1;102,189,430,269;102,189,532,189,532,458,102,458;1;0;roboflow_universe:tatmantech/russian-license-plates-ec7zg@v2 <https://universe.roboflow.com/tatmantech/russian-license-plates-ec7zg>;CC-BY-4.0 (CC BY 4.0);day,glare
images/real/roboflow_universe_tatmantech_russian-license-plates-ec7zg_v2/O353BY178_png.rf.5de52f4a2ef612995de9244d63c1e7e0.jpg;O353BY178;type1;114,279,404,152;114,279,518,279,518,432,114,432;1;0;roboflow_universe:tatmantech/russian-license-plates-ec7zg@v2 <https://universe.roboflow.com/tatmantech/russian-license-plates-ec7zg>;CC-BY-4.0 (CC BY 4.0);day,glare
images/real/roboflow_universe_tatmantech_russian-license-plates-ec7zg_v2/O353BY178_png.rf.7fe21708f663923d6952d42fb2d5b459.jpg;O353BY178;type1;114,210,404,206;114,210,518,210,518,416,114,416;1;0;roboflow_universe:tatmantech/russian-license-plates-ec7zg@v2 <https://universe.roboflow.com/tatmantech/russian-license-plates-ec7zg>;CC-BY-4.0 (CC BY 4.0);day,glare
images/real/roboflow_universe_tatmantech_russian-license-plates-ec7zg_v2/O431YK772_png.rf.05db8c9e71491e0b990c0dc3f66b34a4.jpg;O431YK772;type1;333,606,42,23;333,606,374,606,374,629,333,629;1;0;roboflow_universe:tatmantech/russian-license-plates-ec7zg@v2 <https://universe.roboflow.com/tatmantech/russian-license-plates-ec7zg>;CC-BY-4.0 (CC BY 4.0);day
images/real/roboflow_universe_tatmantech_russian-license-plates-ec7zg_v2/O431YK772_png.rf.51679ea5461c419ae71989b8f5874972.jpg;O431YK772;type1;105,529,41,28;105,529,146,529,146,557,105,557;1;0;roboflow_universe:tatmantech/russian-license-plates-ec7zg@v2 <https://universe.roboflow.com/tatmantech/russian-license-plates-ec7zg>;CC-BY-4.0 (CC BY 4.0);day
images/real/roboflow_universe_tatmantech_russian-license-plates-ec7zg_v2/O431YK772_png.rf.d697433b314460d770420ccf79f59aa0.jpg;O431YK772;type1;198,581,37,17;198,581,236,581,236,598,198,598;1;0;roboflow_universe:tatmantech/russian-license-plates-ec7zg@v2 <https://universe.roboflow.com/tatmantech/russian-license-plates-ec7zg>;CC-BY-4.0 (CC BY 4.0);day,glare
images/real/roboflow_universe_tatmantech_russian-license-plates-ec7zg_v2/O455KH39_png.rf.0f436ebd19ee7f7d5f47abae41ace2f7.jpg;O455KH39;type1;309,436,201,104;309,436,510,436,510,540,309,540;1;0;roboflow_universe:tatmantech/russian-license-plates-ec7zg@v2 <https://universe.roboflow.com/tatmantech/russian-license-plates-ec7zg>;CC-BY-4.0 (CC BY 4.0);night
images/real/roboflow_universe_tatmantech_russian-license-plates-ec7zg_v2/O455KH39_png.rf.752edf42d8abb7d7d7f8aaeff47274aa.jpg;O455KH39;type1;230,399,185,64;230,399,414,399,414,463,230,463;1;0;roboflow_universe:tatmantech/russian-license-plates-ec7zg@v2 <https://universe.roboflow.com/tatmantech/russian-license-plates-ec7zg>;CC-BY-4.0 (CC BY 4.0);day
images/real/roboflow_universe_tatmantech_russian-license-plates-ec7zg_v2/O455KH39_png.rf.e59415fbbc9671f719ff5013b5f12b63.jpg;O455KH39;type1;186,298,197,145;186,298,384,298,384,443,186,443;1;0;roboflow_universe:tatmantech/russian-license-plates-ec7zg@v2 <https://universe.roboflow.com/tatmantech/russian-license-plates-ec7zg>;CC-BY-4.0 (CC BY 4.0);night
images/real/roboflow_universe_tatmantech_russian-license-plates-ec7zg_v2/O799OO199_png.rf.39c0668b65b6b9cd348690eb539cd298.jpg;O799OO199;type1;143,272,352,130;143,272,496,272,496,402,143,402;1;0;roboflow_universe:tatmantech/russian-license-plates-ec7zg@v2 <https://universe.roboflow.com/tatmantech/russian-license-plates-ec7zg>;CC-BY-4.0 (CC BY 4.0);day,glare
images/real/roboflow_universe_tatmantech_russian-license-plates-ec7zg_v2/O799OO199_png.rf.56eddc355ad0a57111ff3b7c5e6d2453.jpg;O799OO199;type1;102,233,385,202;102,233,487,233,487,435,102,435;1;0;roboflow_universe:tatmantech/russian-license-plates-ec7zg@v2 <https://universe.roboflow.com/tatmantech/russian-license-plates-ec7zg>;CC-BY-4.0 (CC BY 4.0);day,glare
images/real/roboflow_universe_tatmantech_russian-license-plates-ec7zg_v2/O799OO199_png.rf.c2f8f3629698c2af3a1e04af8d41b8a4.jpg;O799OO199;type1;53,272,401,245;53,272,454,272,454,517,53,517;1;0;roboflow_universe:tatmantech/russian-license-plates-ec7zg@v2 <https://universe.roboflow.com/tatmantech/russian-license-plates-ec7zg>;CC-BY-4.0 (CC BY 4.0);day,glare
images/real/roboflow_universe_tatmantech_russian-license-plates-ec7zg_v2/O923YY97_png.rf.28ac43b47fc9881dc97c73711fc90f9a.jpg;O923YY97;type1;195,428,156,53;195,428,351,428,351,480,195,480;1;0;roboflow_universe:tatmantech/russian-license-plates-ec7zg@v2 <https://universe.roboflow.com/tatmantech/russian-license-plates-ec7zg>;CC-BY-4.0 (CC BY 4.0);day
images/real/roboflow_universe_tatmantech_russian-license-plates-ec7zg_v2/O923YY97_png.rf.605eff148776fe589f39384a17115fb6.jpg;O923YY97;type1;194,413,165,78;194,413,358,413,358,491,194,491;1;0;roboflow_universe:tatmantech/russian-license-plates-ec7zg@v2 <https://universe.roboflow.com/tatmantech/russian-license-plates-ec7zg>;CC-BY-4.0 (CC BY 4.0);day,glare
images/real/roboflow_universe_tatmantech_russian-license-plates-ec7zg_v2/O923YY97_png.rf.7f0ebd005798abf7f3f9c257dc3bd004.jpg;O923YY97;type1;252,356,168,96;252,356,420,356,420,452,252,452;1;0;roboflow_universe:tatmantech/russian-license-plates-ec7zg@v2 <https://universe.roboflow.com/tatmantech/russian-license-plates-ec7zg>;CC-BY-4.0 (CC BY 4.0);night
images/real/roboflow_universe_tatmantech_russian-license-plates-ec7zg_v2/OA323HT777_png.rf.175d00634a810d62d6917327aa4c1e9a.jpg;########;type1;0,120,636,348;0,120,636,120,636,468,0,468;1;0;roboflow_universe:tatmantech/russian-license-plates-ec7zg@v2 <https://universe.roboflow.com/tatmantech/russian-license-plates-ec7zg>;CC-BY-4.0 (CC BY 4.0);day
images/real/roboflow_universe_tatmantech_russian-license-plates-ec7zg_v2/OA323HT777_png.rf.4f3ed8a40a80d6ab563ac737708cd4bb.jpg;########;type1;13,230,614,176;13,230,627,230,627,406,13,406;1;0;roboflow_universe:tatmantech/russian-license-plates-ec7zg@v2 <https://universe.roboflow.com/tatmantech/russian-license-plates-ec7zg>;CC-BY-4.0 (CC BY 4.0);day,glare
images/real/roboflow_universe_tatmantech_russian-license-plates-ec7zg_v2/OA323HT777_png.rf.f166edc7d5a1f94b267e4a72992fac69.jpg;########;type1;0,91,621,356;0,91,621,91,621,447,0,447;1;0;roboflow_universe:tatmantech/russian-license-plates-ec7zg@v2 <https://universe.roboflow.com/tatmantech/russian-license-plates-ec7zg>;CC-BY-4.0 (CC BY 4.0);day,glare
images/real/roboflow_universe_tatmantech_russian-license-plates-ec7zg_v2/OP197_png.rf.1efeca9173ebaae1c92ce9ea2ddb7670.jpg;########;type1;197,238,442,312;197,238,639,238,639,550,197,550;1;0;roboflow_universe:tatmantech/russian-license-plates-ec7zg@v2 <https://universe.roboflow.com/tatmantech/russian-license-plates-ec7zg>;CC-BY-4.0 (CC BY 4.0);day
images/real/roboflow_universe_tatmantech_russian-license-plates-ec7zg_v2/OP197_png.rf.2d37c4839a1755aa519b34373ee5468e.jpg;########;type1;85,69,526,472;85,69,610,69,610,541,85,541;1;0;roboflow_universe:tatmantech/russian-license-plates-ec7zg@v2 <https://universe.roboflow.com/tatmantech/russian-license-plates-ec7zg>;CC-BY-4.0 (CC BY 4.0);day,glare
images/real/roboflow_universe_tatmantech_russian-license-plates-ec7zg_v2/OP197_png.rf.a340c5fba10ba2319b84966c558edb87.jpg;########;type1;170,166,469,401;170,166,639,166,639,567,170,567;1;0;roboflow_universe:tatmantech/russian-license-plates-ec7zg@v2 <https://universe.roboflow.com/tatmantech/russian-license-plates-ec7zg>;CC-BY-4.0 (CC BY 4.0);night
images/real/roboflow_universe_tatmantech_russian-license-plates-ec7zg_v2/P040XM99_png.rf.594fe99ad44956cb46167a315d812d9e.jpg;P040XM99;type1;0,0,640,640;0,0,640,0,640,640,0,640;1;0;roboflow_universe:tatmantech/russian-license-plates-ec7zg@v2 <https://universe.roboflow.com/tatmantech/russian-license-plates-ec7zg>;CC-BY-4.0 (CC BY 4.0);day,glare
images/real/roboflow_universe_tatmantech_russian-license-plates-ec7zg_v2/P040XM99_png.rf.bac6e02b9ef6b20d5df09bc84c7b608a.jpg;P040XM99;type1;0,0,640,627;0,0,640,0,640,627,0,627;1;0;roboflow_universe:tatmantech/russian-license-plates-ec7zg@v2 <https://universe.roboflow.com/tatmantech/russian-license-plates-ec7zg>;CC-BY-4.0 (CC BY 4.0);day
images/real/roboflow_universe_tatmantech_russian-license-plates-ec7zg_v2/P040XM99_png.rf.ded2ba90868d91148134fcdb504cf994.jpg;P040XM99;type1;1,41,623,542;1,41,624,41,624,583,1,583;1;0;roboflow_universe:tatmantech/russian-license-plates-ec7zg@v2 <https://universe.roboflow.com/tatmantech/russian-license-plates-ec7zg>;CC-BY-4.0 (CC BY 4.0);day
images/real/roboflow_universe_tatmantech_russian-license-plates-ec7zg_v2/P085PB16_png.rf.8f17557622dcba0cf0d2c6e5b01c019b.jpg;P085PB16;type1;150,392,102,73;150,392,252,392,252,464,150,464;1;0;roboflow_universe:tatmantech/russian-license-plates-ec7zg@v2 <https://universe.roboflow.com/tatmantech/russian-license-plates-ec7zg>;CC-BY-4.0 (CC BY 4.0);day
images/real/roboflow_universe_tatmantech_russian-license-plates-ec7zg_v2/P085PB16_png.rf.b6052991d8322200209ef283706a03a2.jpg;P085PB16;type1;215,391,88,44;215,391,303,391,303,435,215,435;1;0;roboflow_universe:tatmantech/russian-license-plates-ec7zg@v2 <https://universe.roboflow.com/tatmantech/russian-license-plates-ec7zg>;CC-BY-4.0 (CC BY 4.0);day
images/real/roboflow_universe_tatmantech_russian-license-plates-ec7zg_v2/P085PB16_png.rf.e28134151880c88ac5f9bf74ceb053f2.jpg;P085PB16;type1;260,375,105,61;260,375,365,375,365,436,260,436;1;0;roboflow_universe:tatmantech/russian-license-plates-ec7zg@v2 <https://universe.roboflow.com/tatmantech/russian-license-plates-ec7zg>;CC-BY-4.0 (CC BY 4.0);day
images/real/roboflow_universe_tatmantech_russian-license-plates-ec7zg_v2/P487XC22_png.rf.7b19643b06ee6df8b5b4fa1e1f773e62.jpg;P487XC22;type1;47,465,67,68;47,465,114,465,114,533,47,533;1;0;roboflow_universe:tatmantech/russian-license-plates-ec7zg@v2 <https://universe.roboflow.com/tatmantech/russian-license-plates-ec7zg>;CC-BY-4.0 (CC BY 4.0);day
images/real/roboflow_universe_tatmantech_russian-license-plates-ec7zg_v2/P487XC22_png.rf.8ff7e529fbabda2160e4c1431ab6fb04.jpg;P487XC22;type1;63,443,79,79;63,443,141,443,141,522,63,522;1;0;roboflow_universe:tatmantech/russian-license-plates-ec7zg@v2 <https://universe.roboflow.com/tatmantech/russian-license-plates-ec7zg>;CC-BY-4.0 (CC BY 4.0);night
images/real/roboflow_universe_tatmantech_russian-license-plates-ec7zg_v2/P487XC22_png.rf.ea52ee7155661832589c3ba30fda8676.jpg;P487XC22;type1;0,486,66,83;0,486,66,486,66,569,0,569;1;0;roboflow_universe:tatmantech/russian-license-plates-ec7zg@v2 <https://universe.roboflow.com/tatmantech/russian-license-plates-ec7zg>;CC-BY-4.0 (CC BY 4.0);day
images/real/roboflow_universe_tatmantech_russian-license-plates-ec7zg_v2/P527MP72_png.rf.60af444ff7472be035d553e82f104fad.jpg;P527MP72;type1;103,385,34,40;103,385,137,385,137,425,103,425;1;0;roboflow_universe:tatmantech/russian-license-plates-ec7zg@v2 <https://universe.roboflow.com/tatmantech/russian-license-plates-ec7zg>;CC-BY-4.0 (CC BY 4.0);day,glare
images/real/roboflow_universe_tatmantech_russian-license-plates-ec7zg_v2/P527MP72_png.rf.b8c5b0511ad74dc88a8d28ec2e23c4b0.jpg;P527MP72;type1;22,340,38,39;22,340,60,340,60,379,22,379;1;0;roboflow_universe:tatmantech/russian-license-plates-ec7zg@v2 <https://universe.roboflow.com/tatmantech/russian-license-plates-ec7zg>;CC-BY-4.0 (CC BY 4.0);day,glare
images/real/roboflow_universe_tatmantech_russian-license-plates-ec7zg_v2/P527MP72_png.rf.db46d94c4794d2c4512a4c06b8b76d10.jpg;P527MP72;type1;69,390,30,32;69,390,99,390,99,422,69,422;1;0;roboflow_universe:tatmantech/russian-license-plates-ec7zg@v2 <https://universe.roboflow.com/tatmantech/russian-license-plates-ec7zg>;CC-BY-4.0 (CC BY 4.0);day,glare
images/real/roboflow_universe_tatmantech_russian-license-plates-ec7zg_v2/P689PH43_png.rf.1cffaa52fae3fd586996bb5529a13150.jpg;P689PH43;type1;188,493,122,52;188,493,309,493,309,545,188,545;1;0;roboflow_universe:tatmantech/russian-license-plates-ec7zg@v2 <https://universe.roboflow.com/tatmantech/russian-license-plates-ec7zg>;CC-BY-4.0 (CC BY 4.0);day,glare
images/real/roboflow_universe_tatmantech_russian-license-plates-ec7zg_v2/P689PH43_png.rf.535901160620ccde4ae55f7e238294f2.jpg;P689PH43;type1;180,535,136,102;180,535,316,535,316,637,180,637;1;0;roboflow_universe:tatmantech/russian-license-plates-ec7zg@v2 <https://universe.roboflow.com/tatmantech/russian-license-plates-ec7zg>;CC-BY-4.0 (CC BY 4.0);night
images/real/roboflow_universe_tatmantech_russian-license-plates-ec7zg_v2/P689PH43_png.rf.be2690fac00e9905ddef2001109194e0.jpg;P689PH43;type1;177,517,132,84;177,517,309,517,309,601,177,601;1;0;roboflow_universe:tatmantech/russian-license-plates-ec7zg@v2 <https://universe.roboflow.com/tatmantech/russian-license-plates-ec7zg>;CC-BY-4.0 (CC BY 4.0);day,glare
images/real/roboflow_universe_tatmantech_russian-license-plates-ec7zg_v2/RUSS1477_png.rf.86303a5a8fe89f39f2783a9af54416a6.jpg;########;type1;0,106,597,336;0,106,597,106,597,442,0,442;1;0;roboflow_universe:tatmantech/russian-license-plates-ec7zg@v2 <https://universe.roboflow.com/tatmantech/russian-license-plates-ec7zg>;CC-BY-4.0 (CC BY 4.0);day,glare
images/real/roboflow_universe_tatmantech_russian-license-plates-ec7zg_v2/RUSS1477_png.rf.d65b89d6022018b097636684187bc33a.jpg;########;type1;31,237,578,164;31,237,609,237,609,401,31,401;1;0;roboflow_universe:tatmantech/russian-license-plates-ec7zg@v2 <https://universe.roboflow.com/tatmantech/russian-license-plates-ec7zg>;CC-BY-4.0 (CC BY 4.0);day,glare
images/real/roboflow_universe_tatmantech_russian-license-plates-ec7zg_v2/RUSS1477_png.rf.fdfeb232c7050d96fc91a7c2897e11c5.jpg;########;type1;58,181,582,228;58,181,640,181,640,409,58,409;1;0;roboflow_universe:tatmantech/russian-license-plates-ec7zg@v2 <https://universe.roboflow.com/tatmantech/russian-license-plates-ec7zg>;CC-BY-4.0 (CC BY 4.0);day,glare
images/real/roboflow_universe_tatmantech_russian-license-plates-ec7zg_v2/RUSSIA777_png.rf.31fa0eecf34763819e52e447e6d2801c.jpg;########;type1;462,390,45,34;462,390,506,390,506,424,462,424;1;0;roboflow_universe:tatmantech/russian-license-plates-ec7zg@v2 <https://universe.roboflow.com/tatmantech/russian-license-plates-ec7zg>;CC-BY-4.0 (CC BY 4.0);day
images/real/roboflow_universe_tatmantech_russian-license-plates-ec7zg_v2/RUSSIA777_png.rf.852e0ed999d50b8d64d51f30ee2159aa.jpg;########;type1;359,463,57,47;359,463,416,463,416,510,359,510;1;0;roboflow_universe:tatmantech/russian-license-plates-ec7zg@v2 <https://universe.roboflow.com/tatmantech/russian-license-plates-ec7zg>;CC-BY-4.0 (CC BY 4.0);night
images/real/roboflow_universe_tatmantech_russian-license-plates-ec7zg_v2/RUSSIA777_png.rf.eaba59551d2208bdf8900062ec6c8c03.jpg;########;type1;504,357,51,40;504,357,556,357,556,397,504,397;1;0;roboflow_universe:tatmantech/russian-license-plates-ec7zg@v2 <https://universe.roboflow.com/tatmantech/russian-license-plates-ec7zg>;CC-BY-4.0 (CC BY 4.0);day
images/real/roboflow_universe_tatmantech_russian-license-plates-ec7zg_v2/RUS_png.rf.0b2bfaa6f1e066f3c6c3fb4e2eed5120.jpg;########;type1;6,0,630,577;6,0,636,0,636,578,6,578;1;0;roboflow_universe:tatmantech/russian-license-plates-ec7zg@v2 <https://universe.roboflow.com/tatmantech/russian-license-plates-ec7zg>;CC-BY-4.0 (CC BY 4.0);day
images/real/roboflow_universe_tatmantech_russian-license-plates-ec7zg_v2/RUS_png.rf.227bae8fb81e315dcd62778b3617b6bf.jpg;########;type1;0,0,640,633;0,0,640,0,640,633,0,633;1;0;roboflow_universe:tatmantech/russian-license-plates-ec7zg@v2 <https://universe.roboflow.com/tatmantech/russian-license-plates-ec7zg>;CC-BY-4.0 (CC BY 4.0);day
images/real/roboflow_universe_tatmantech_russian-license-plates-ec7zg_v2/RUS_png.rf.a937dfe19c2712128aedf5feaf1f72ba.jpg;########;type1;0,0,640,614;0,0,640,0,640,614,0,614;1;0;roboflow_universe:tatmantech/russian-license-plates-ec7zg@v2 <https://universe.roboflow.com/tatmantech/russian-license-plates-ec7zg>;CC-BY-4.0 (CC BY 4.0);day
images/real/roboflow_universe_tatmantech_russian-license-plates-ec7zg_v2/SAMPLETEXT59_png.rf.71b2a4abf64826bf967be65f0651425d.jpg;########;type1;0,5,639,580;0,5,639,5,639,585,0,585;1;0;roboflow_universe:tatmantech/russian-license-plates-ec7zg@v2 <https://universe.roboflow.com/tatmantech/russian-license-plates-ec7zg>;CC-BY-4.0 (CC BY 4.0);day,glare
images/real/roboflow_universe_tatmantech_russian-license-plates-ec7zg_v2/SAMPLETEXT59_png.rf.d19d7b96f2eb98aec942d0a548b2e266.jpg;########;type1;0,0,640,640;0,0,640,0,640,640,0,640;1;0;roboflow_universe:tatmantech/russian-license-plates-ec7zg@v2 <https://universe.roboflow.com/tatmantech/russian-license-plates-ec7zg>;CC-BY-4.0 (CC BY 4.0);day,glare
images/real/roboflow_universe_tatmantech_russian-license-plates-ec7zg_v2/SAMPLETEXT59_png.rf.eecc8c463e8f85e807cbd4c85e5086d5.jpg;########;type1;0,0,640,640;0,0,640,0,640,640,0,640;1;0;roboflow_universe:tatmantech/russian-license-plates-ec7zg@v2 <https://universe.roboflow.com/tatmantech/russian-license-plates-ec7zg>;CC-BY-4.0 (CC BY 4.0);day
images/real/roboflow_universe_tatmantech_russian-license-plates-ec7zg_v2/SAMPLETEXTHB59_png.rf.766ee5426a1187d746100a823bef9b5c.jpg;########;type1;0,0,640,620;0,0,640,0,640,620,0,620;1;0;roboflow_universe:tatmantech/russian-license-plates-ec7zg@v2 <https://universe.roboflow.com/tatmantech/russian-license-plates-ec7zg>;CC-BY-4.0 (CC BY 4.0);day,glare
images/real/roboflow_universe_tatmantech_russian-license-plates-ec7zg_v2/SAMPLETEXTHB59_png.rf.7881a8de2d84e354fedc23422de3b728.jpg;########;type1;0,0,640,627;0,0,640,0,640,627,0,627;1;0;roboflow_universe:tatmantech/russian-license-plates-ec7zg@v2 <https://universe.roboflow.com/tatmantech/russian-license-plates-ec7zg>;CC-BY-4.0 (CC BY 4.0);day,glare
images/real/roboflow_universe_tatmantech_russian-license-plates-ec7zg_v2/SAMPLETEXTHB59_png.rf.79d02df2dc5946fbfcc5b10a2f272ab7.jpg;########;type1;2,1,636,592;2,1,638,1,638,593,2,593;1;0;roboflow_universe:tatmantech/russian-license-plates-ec7zg@v2 <https://universe.roboflow.com/tatmantech/russian-license-plates-ec7zg>;CC-BY-4.0 (CC BY 4.0);day,glare
images/real/roboflow_universe_tatmantech_russian-license-plates-ec7zg_v2/T045MT55_png.rf.7ac64545e38e29e88dca3b6adf1a9116.jpg;T045MT55;type1;332,429,167,102;332,429,499,429,499,531,332,531;1;0;roboflow_universe:tatmantech/russian-license-plates-ec7zg@v2 <https://universe.roboflow.com/tatmantech/russian-license-plates-ec7zg>;CC-BY-4.0 (CC BY 4.0);day
images/real/roboflow_universe_tatmantech_russian-license-plates-ec7zg_v2/T045MT55_png.rf.bcd2c62512bb2439b4d30aeccdf2722e.jpg;T045MT55;type1;266,398,150,60;266,398,415,398,415,457,266,457;1;0;roboflow_universe:tatmantech/russian-license-plates-ec7zg@v2 <https://universe.roboflow.com/tatmantech/russian-license-plates-ec7zg>;CC-BY-4.0 (CC BY 4.0);day,glare
images/real/roboflow_universe_tatmantech_russian-license-plates-ec7zg_v2/T045MT55_png.rf.fb9b275b203baedb5f732b6e13bbc1b2.jpg;T045MT55;type1;292,408,155,69;292,408,447,408,447,477,292,477;1;0;roboflow_universe:tatmantech/russian-license-plates-ec7zg@v2 <https://universe.roboflow.com/tatmantech/russian-license-plates-ec7zg>;CC-BY-4.0 (CC BY 4.0);day,glare
images/real/roboflow_universe_tatmantech_russian-license-plates-ec7zg_v2/T056EX750_png.rf.1449f074e0b1d9e651017f62f224b660.jpg;T056EX750;type1;21,128,619,408;21,128,640,128,640,536,21,536;1;0;roboflow_universe:tatmantech/russian-license-plates-ec7zg@v2 <https://universe.roboflow.com/tatmantech/russian-license-plates-ec7zg>;CC-BY-4.0 (CC BY 4.0);night
images/real/roboflow_universe_tatmantech_russian-license-plates-ec7zg_v2/T056EX750_png.rf.931f0461b78e337a0657d0ad064acae2.jpg;T056EX750;type1;17,178,600,289;17,178,618,178,618,468,17,468;1;0;roboflow_universe:tatmantech/russian-license-plates-ec7zg@v2 <https://universe.roboflow.com/tatmantech/russian-license-plates-ec7zg>;CC-BY-4.0 (CC BY 4.0);day
images/real/roboflow_universe_tatmantech_russian-license-plates-ec7zg_v2/T056EX750_png.rf.cef1116aac7059e1937cbd8f9ea6175d.jpg;T056EX750;type1;18,58,622,468;18,58,640,58,640,526,18,526;1;0;roboflow_universe:tatmantech/russian-license-plates-ec7zg@v2 <https://universe.roboflow.com/tatmantech/russian-license-plates-ec7zg>;CC-BY-4.0 (CC BY 4.0);night
images/real/roboflow_universe_tatmantech_russian-license-plates-ec7zg_v2/T111TT97_png.rf.618e557559fb81ce65888fc7e5ea5ab0.jpg;T111TT97;type1;11,41,616,540;11,41,627,41,627,581,11,581;1;0;roboflow_universe:tatmantech/russian-license-plates-ec7zg@v2 <https://universe.roboflow.com/tatmantech/russian-license-plates-ec7zg>;CC-BY-4.0 (CC BY 4.0);day,glare
images/real/roboflow_universe_tatmantech_russian-license-plates-ec7zg_v2/T111TT97_png.rf.862664a069bc1afcc906a1492de69985.jpg;T111TT97;type1;0,1,640,627;0,1,640,1,640,628,0,628;1;0;roboflow_universe:tatmantech/russian-license-plates-ec7zg@v2 <https://universe.roboflow.com/tatmantech/russian-license-plates-ec7zg>;CC-BY-4.0 (CC BY 4.0);day,glare
images/real/roboflow_universe_tatmantech_russian-license-plates-ec7zg_v2/T111TT97_png.rf.d862980679d00d17f732552e582e8471.jpg;T111TT97;type1;0,31,630,609;0,31,630,31,630,640,0,640;1;0;roboflow_universe:tatmantech/russian-license-plates-ec7zg@v2 <https://universe.roboflow.com/tatmantech/russian-license-plates-ec7zg>;CC-BY-4.0 (CC BY 4.0);day
images/real/roboflow_universe_tatmantech_russian-license-plates-ec7zg_v2/T938KY777_png.rf.408298a108ef65ae94dd1e7b6c2137fa.jpg;T938KY777;type1;471,512,64,50;471,512,536,512,536,562,471,562;1;0;roboflow_universe:tatmantech/russian-license-plates-ec7zg@v2 <https://universe.roboflow.com/tatmantech/russian-license-plates-ec7zg>;CC-BY-4.0 (CC BY 4.0);day
images/real/roboflow_universe_tatmantech_russian-license-plates-ec7zg_v2/T938KY777_png.rf.50c81ebc03e2049531c44e876256e309.jpg;T938KY777;type1;434,472,71,65;434,472,504,472,504,537,434,537;1;0;roboflow_universe:tatmantech/russian-license-plates-ec7zg@v2 <https://universe.roboflow.com/tatmantech/russian-license-plates-ec7zg>;CC-BY-4.0 (CC BY 4.0);night
images/real/roboflow_universe_tatmantech_russian-license-plates-ec7zg_v2/T938KY777_png.rf.926ba2fbfb5275dc428c7b65930c4fc8.jpg;T938KY777;type1;493,472,76,65;493,472,569,472,569,537,493,537;1;0;roboflow_universe:tatmantech/russian-license-plates-ec7zg@v2 <https://universe.roboflow.com/tatmantech/russian-license-plates-ec7zg>;CC-BY-4.0 (CC BY 4.0);day,glare
images/real/roboflow_universe_tatmantech_russian-license-plates-ec7zg_v2/TAO00278_png.rf.4d192b4f29f6c4a9bc5e12850f4435e6.jpg;########;type1;0,0,640,640;0,0,640,0,640,640,0,640;1;0;roboflow_universe:tatmantech/russian-license-plates-ec7zg@v2 <https://universe.roboflow.com/tatmantech/russian-license-plates-ec7zg>;CC-BY-4.0 (CC BY 4.0);day,glare
images/real/roboflow_universe_tatmantech_russian-license-plates-ec7zg_v2/TAO00278_png.rf.c5ddc330c8f88a9335fbef734fcfb3b4.jpg;########;type1;0,0,640,632;0,0,640,0,640,632,0,632;1;0;roboflow_universe:tatmantech/russian-license-plates-ec7zg@v2 <https://universe.roboflow.com/tatmantech/russian-license-plates-ec7zg>;CC-BY-4.0 (CC BY 4.0);day,glare
images/real/roboflow_universe_tatmantech_russian-license-plates-ec7zg_v2/VIPABTO_png.rf.3d010ffb8769acea93bc94067b240811.jpg;########;type1;0,0,640,557;0,0,640,0,640,557,0,557;1;0;roboflow_universe:tatmantech/russian-license-plates-ec7zg@v2 <https://universe.roboflow.com/tatmantech/russian-license-plates-ec7zg>;CC-BY-4.0 (CC BY 4.0);day,glare
images/real/roboflow_universe_tatmantech_russian-license-plates-ec7zg_v2/VIPABTO_png.rf.c0698cf0e78842296bd517a104ce0306.jpg;########;type1;14,29,613,502;14,29,626,29,626,531,14,531;1;0;roboflow_universe:tatmantech/russian-license-plates-ec7zg@v2 <https://universe.roboflow.com/tatmantech/russian-license-plates-ec7zg>;CC-BY-4.0 (CC BY 4.0);day,glare
images/real/roboflow_universe_tatmantech_russian-license-plates-ec7zg_v2/VIPABTO_png.rf.dfca98a7b8cc2f6e13aa4e301e87e281.jpg;########;type1;1,8,639,581;1,8,640,8,640,589,1,589;1;0;roboflow_universe:tatmantech/russian-license-plates-ec7zg@v2 <https://universe.roboflow.com/tatmantech/russian-license-plates-ec7zg>;CC-BY-4.0 (CC BY 4.0);day,glare
images/real/roboflow_universe_tatmantech_russian-license-plates-ec7zg_v2/X144HB47_png.rf.18359c3a97d62cc6e377938a84dcd30c.jpg;X144HB47;type1;82,255,474,187;82,255,556,255,556,442,82,442;1;0;roboflow_universe:tatmantech/russian-license-plates-ec7zg@v2 <https://universe.roboflow.com/tatmantech/russian-license-plates-ec7zg>;CC-BY-4.0 (CC BY 4.0);day,glare
images/real/roboflow_universe_tatmantech_russian-license-plates-ec7zg_v2/X144HB47_png.rf.51acbcdbe9cb344bd937697008b48583.jpg;X144HB47;type1;84,274,464,158;84,274,548,274,548,432,84,432;1;0;roboflow_universe:tatmantech/russian-license-plates-ec7zg@v2 <https://universe.roboflow.com/tatmantech/russian-license-plates-ec7zg>;CC-BY-4.0 (CC BY 4.0);day,glare
images/real/roboflow_universe_tatmantech_russian-license-plates-ec7zg_v2/X144HB47_png.rf.9052b37ac2664725044ce7bbddf49937.jpg;X144HB47;type1;40,270,483,171;40,270,523,270,523,442,40,442;1;0;roboflow_universe:tatmantech/russian-license-plates-ec7zg@v2 <https://universe.roboflow.com/tatmantech/russian-license-plates-ec7zg>;CC-BY-4.0 (CC BY 4.0);day
images/real/roboflow_universe_tatmantech_russian-license-plates-ec7zg_v2/X496XO90_png.rf.55e57276739901f6288c57e272e8f820.jpg;X496XO90;type1;89,180,551,250;89,180,640,180,640,430,89,430;1;0;roboflow_universe:tatmantech/russian-license-plates-ec7zg@v2 <https://universe.roboflow.com/tatmantech/russian-license-plates-ec7zg>;CC-BY-4.0 (CC BY 4.0);night
images/real/roboflow_universe_tatmantech_russian-license-plates-ec7zg_v2/X496XO90_png.rf.5cb107edee989b4034433a657a7827b5.jpg;X496XO90;type1;57,240,544,196;57,240,601,240,601,436,57,436;1;0;roboflow_universe:tatmantech/russian-license-plates-ec7zg@v2 <https://universe.roboflow.com/tatmantech/russian-license-plates-ec7zg>;CC-BY-4.0 (CC BY 4.0);day
images/real/roboflow_universe_tatmantech_russian-license-plates-ec7zg_v2/X496XO90_png.rf.fa16a6d4d1dd4b4546d2772175d70e05.jpg;X496XO90;type1;45,157,570,319;45,157,615,157,615,476,45,476;1;0;roboflow_universe:tatmantech/russian-license-plates-ec7zg@v2 <https://universe.roboflow.com/tatmantech/russian-license-plates-ec7zg>;CC-BY-4.0 (CC BY 4.0);night
images/real/roboflow_universe_tatmantech_russian-license-plates-ec7zg_v2/X555CA98_png.rf.133fd30a40885aefa4a7f1fb8ad3ea86.jpg;X555CA98;type1;148,175,424,238;148,175,572,175,572,413,148,413;1;0;roboflow_universe:tatmantech/russian-license-plates-ec7zg@v2 <https://universe.roboflow.com/tatmantech/russian-license-plates-ec7zg>;CC-BY-4.0 (CC BY 4.0);day,glare
images/real/roboflow_universe_tatmantech_russian-license-plates-ec7zg_v2/X555CA98_png.rf.86d7c1d89007c05c43a623e433754fde.jpg;X555CA98;type1;125,183,430,256;125,183,555,183,555,439,125,439;1;0;roboflow_universe:tatmantech/russian-license-plates-ec7zg@v2 <https://universe.roboflow.com/tatmantech/russian-license-plates-ec7zg>;CC-BY-4.0 (CC BY 4.0);night
images/real/roboflow_universe_tatmantech_russian-license-plates-ec7zg_v2/X555CA98_png.rf.baa210d254648fa6a2015514f9f6ad85.jpg;X555CA98;type1;120,274,396,148;120,274,516,274,516,422,120,422;1;0;roboflow_universe:tatmantech/russian-license-plates-ec7zg@v2 <https://universe.roboflow.com/tatmantech/russian-license-plates-ec7zg>;CC-BY-4.0 (CC BY 4.0);day,glare
images/real/roboflow_universe_tatmantech_russian-license-plates-ec7zg_v2/X579PH47_png.rf.25916ff932c8df955defcabeb5e98a49.jpg;X579PH47;type1;44,406,77,48;44,406,122,406,122,454,44,454;1;0;roboflow_universe:tatmantech/russian-license-plates-ec7zg@v2 <https://universe.roboflow.com/tatmantech/russian-license-plates-ec7zg>;CC-BY-4.0 (CC BY 4.0);day,glare
images/real/roboflow_universe_tatmantech_russian-license-plates-ec7zg_v2/X579PH47_png.rf.49565dc1030cf6d10c6af833a28972b2.jpg;X579PH47;type1;93,375,78,57;93,375,171,375,171,432,93,432;1;0;roboflow_universe:tatmantech/russian-license-plates-ec7zg@v2 <https://universe.roboflow.com/tatmantech/russian-license-plates-ec7zg>;CC-BY-4.0 (CC BY 4.0);day,glare
images/real/roboflow_universe_tatmantech_russian-license-plates-ec7zg_v2/X579PH47_png.rf.e2ca09aa085512112873570723ea1fcf.jpg;X579PH47;type1;108,451,69,32;108,451,176,451,176,483,108,483;1;0;roboflow_universe:tatmantech/russian-license-plates-ec7zg@v2 <https://universe.roboflow.com/tatmantech/russian-license-plates-ec7zg>;CC-BY-4.0 (CC BY 4.0);day
images/real/roboflow_universe_tatmantech_russian-license-plates-ec7zg_v2/XC097K77_png.rf.43e7d89ac5cfa421e51d09c392ad7150.jpg;########;type1;17,159,592,281;17,159,609,159,609,440,17,440;1;0;roboflow_universe:tatmantech/russian-license-plates-ec7zg@v2 <https://universe.roboflow.com/tatmantech/russian-license-plates-ec7zg>;CC-BY-4.0 (CC BY 4.0);day,glare
images/real/roboflow_universe_tatmantech_russian-license-plates-ec7zg_v2/XC097K77_png.rf.5271881bf7ffc638537b2c35d00ee4f7.jpg;########;type1;7,125,633,358;7,125,640,125,640,483,7,483;1;0;roboflow_universe:tatmantech/russian-license-plates-ec7zg@v2 <https://universe.roboflow.com/tatmantech/russian-license-plates-ec7zg>;CC-BY-4.0 (CC BY 4.0);day,glare
images/real/roboflow_universe_tatmantech_russian-license-plates-ec7zg_v2/XC097K77_png.rf.546226cbf03c599edce040dd8ecbe422.jpg;########;type1;18,102,622,358;18,102,640,102,640,459,18,459;1;0;roboflow_universe:tatmantech/russian-license-plates-ec7zg@v2 <https://universe.roboflow.com/tatmantech/russian-license-plates-ec7zg>;CC-BY-4.0 (CC BY 4.0);day
images/real/roboflow_universe_tatmantech_russian-license-plates-ec7zg_v2/XXXXXXXXX_png.rf.c18911f77a93e860acec279b141c286b.jpg;########;type1;17,98,614,419;17,98,630,98,630,516,17,516;1;0;roboflow_universe:tatmantech/russian-license-plates-ec7zg@v2 <https://universe.roboflow.com/tatmantech/russian-license-plates-ec7zg>;CC-BY-4.0 (CC BY 4.0);day,glare
images/real/roboflow_universe_tatmantech_russian-license-plates-ec7zg_v2/XXXXXXXXX_png.rf.f3ae183b78c89d6aa7c16ebf9f5b24d9.jpg;########;type1;0,21,640,540;0,21,640,21,640,561,0,561;1;0;roboflow_universe:tatmantech/russian-license-plates-ec7zg@v2 <https://universe.roboflow.com/tatmantech/russian-license-plates-ec7zg>;CC-BY-4.0 (CC BY 4.0);day,glare
images/real/roboflow_universe_tatmantech_russian-license-plates-ec7zg_v2/XXXXXXXXX_png.rf.f6869af65184c1ac83c48b89d1c32de2.jpg;########;type1;11,0,629,525;11,0,640,0,640,525,11,525;1;0;roboflow_universe:tatmantech/russian-license-plates-ec7zg@v2 <https://universe.roboflow.com/tatmantech/russian-license-plates-ec7zg>;CC-BY-4.0 (CC BY 4.0);day
images/real/roboflow_universe_tatmantech_russian-license-plates-ec7zg_v2/Y199YA78_png.rf.1d2e636c29ad135546425cb3c450e2db.jpg;Y199YA78;type1;43,167,597,347;43,167,640,167,640,514,43,514;1;0;roboflow_universe:tatmantech/russian-license-plates-ec7zg@v2 <https://universe.roboflow.com/tatmantech/russian-license-plates-ec7zg>;CC-BY-4.0 (CC BY 4.0);day
images/real/roboflow_universe_tatmantech_russian-license-plates-ec7zg_v2/Y199YA78_png.rf.72aeac4013fe24c1ea07a7f41ba3ae66.jpg;Y199YA78;type1;0,178,564,326;0,178,564,178,564,504,0,504;1;0;roboflow_universe:tatmantech/russian-license-plates-ec7zg@v2 <https://universe.roboflow.com/tatmantech/russian-license-plates-ec7zg>;CC-BY-4.0 (CC BY 4.0);day,glare
images/real/roboflow_universe_tatmantech_russian-license-plates-ec7zg_v2/Y199YA78_png.rf.957f89e90c2cd327e6e6a623d4cde9bd.jpg;Y199YA78;type1;31,243,538,238;31,243,569,243,569,482,31,482;1;0;roboflow_universe:tatmantech/russian-license-plates-ec7zg@v2 <https://universe.roboflow.com/tatmantech/russian-license-plates-ec7zg>;CC-BY-4.0 (CC BY 4.0);day,glare
images/real/roboflow_universe_tatmantech_russian-license-plates-ec7zg_v2/a001aa777_png.rf.4f633f951f2c2a73cad2338570910245.jpg;A001AA777;type1;78,420,74,39;78,420,152,420,152,458,78,458;1;0;roboflow_universe:tatmantech/russian-license-plates-ec7zg@v2 <https://universe.roboflow.com/tatmantech/russian-license-plates-ec7zg>;CC-BY-4.0 (CC BY 4.0);day,glare
images/real/roboflow_universe_tatmantech_russian-license-plates-ec7zg_v2/a001aa777_png.rf.7cca81e92612631f8a5b7f3e5297c93f.jpg;A001AA777;type1;73,450,86,61;73,450,159,450,159,511,73,511;1;0;roboflow_universe:tatmantech/russian-license-plates-ec7zg@v2 <https://universe.roboflow.com/tatmantech/russian-license-plates-ec7zg>;CC-BY-4.0 (CC BY 4.0);day
images/real/roboflow_universe_tatmantech_russian-license-plates-ec7zg_v2/a001aa777_png.rf.c3025b1491497b30d96e1ae43555bcfb.jpg;A001AA777;type1;18,383,83,53;18,383,101,383,101,436,18,436;1;0;roboflow_universe:tatmantech/russian-license-plates-ec7zg@v2 <https://universe.roboflow.com/tatmantech/russian-license-plates-ec7zg>;CC-BY-4.0 (CC BY 4.0);day,glare
images/real/roboflow_universe_tatmantech_russian-license-plates-ec7zg_v2/a001ab184_png.rf.2b2fd866b5b63f577ab11ad8210d62a1.jpg;A001AB184;type1;0,364,448,275;0,364,448,364,448,639,0,639;1;0;roboflow_universe:tatmantech/russian-license-plates-ec7zg@v2 <https://universe.roboflow.com/tatmantech/russian-license-plates-ec7zg>;CC-BY-4.0 (CC BY 4.0);day
images/real/roboflow_universe_tatmantech_russian-license-plates-ec7zg_v2/a001ab184_png.rf.b5fb260cac640dc5f4c575030d8bf1a8.jpg;A001AB184;type1;0,388,438,252;0,388,438,388,438,640,0,640;1;0;roboflow_universe:tatmantech/russian-license-plates-ec7zg@v2 <https://universe.roboflow.com/tatmantech/russian-license-plates-ec7zg>;CC-BY-4.0 (CC BY 4.0);day,glare
images/real/roboflow_universe_tatmantech_russian-license-plates-ec7zg_v2/a001ab184_png.rf.feaefdd299457720bbbaa4a80493e412.jpg;A001AB184;type1;99,425,432,202;99,425,531,425,531,627,99,627;1;0;roboflow_universe:tatmantech/russian-license-plates-ec7zg@v2 <https://universe.roboflow.com/tatmantech/russian-license-plates-ec7zg>;CC-BY-4.0 (CC BY 4.0);day
images/real/roboflow_universe_tatmantech_russian-license-plates-ec7zg_v2/a012aa77_png.rf.36f9cecc75888a92ce09fd8752c843fd.jpg;A012AA77;type1;0,0,640,625;0,0,640,0,640,625,0,625;1;0;roboflow_universe:tatmantech/russian-license-plates-ec7zg@v2 <https://universe.roboflow.com/tatmantech/russian-license-plates-ec7zg>;CC-BY-4.0 (CC BY 4.0);day,glare
images/real/roboflow_universe_tatmantech_russian-license-plates-ec7zg_v2/a012aa77_png.rf.4300a3bc5744a0270a8b92895bf85132.jpg;A012AA77;type1;0,6,638,588;0,6,638,6,638,594,0,594;1;0;roboflow_universe:tatmantech/russian-license-plates-ec7zg@v2 <https://universe.roboflow.com/tatmantech/russian-license-plates-ec7zg>;CC-BY-4.0 (CC BY 4.0);day,glare
images/real/roboflow_universe_tatmantech_russian-license-plates-ec7zg_v2/a012aa77_png.rf.912a5be4b79ab669a463f49b4505edf4.jpg;A012AA77;type1;0,0,640,640;0,0,640,0,640,640,0,640;1;0;roboflow_universe:tatmantech/russian-license-plates-ec7zg@v2 <https://universe.roboflow.com/tatmantech/russian-license-plates-ec7zg>;CC-BY-4.0 (CC BY 4.0);day,glare
images/real/roboflow_universe_tatmantech_russian-license-plates-ec7zg_v2/a123aa99-a456aa99-a780aa99_png.rf.091f06034fd60e52392bd22e9e5cd623.jpg;########;type1;82,167,405,108;82,167,487,167,487,274,82,274;1;0;roboflow_universe:tatmantech/russian-license-plates-ec7zg@v2 <https://universe.roboflow.com/tatmantech/russian-license-plates-ec7zg>;CC-BY-4.0 (CC BY 4.0);day,glare
images/real/roboflow_universe_tatmantech_russian-license-plates-ec7zg_v2/a123aa99-a456aa99-a780aa99_png.rf.091f06034fd60e52392bd22e9e5cd623.jpg;########;type1;65,382,405,109;65,382,469,382,469,491,65,491;1;0;roboflow_universe:tatmantech/russian-license-plates-ec7zg@v2 <https://universe.roboflow.com/tatmantech/russian-license-plates-ec7zg>;CC-BY-4.0 (CC BY 4.0);day,glare
images/real/roboflow_universe_tatmantech_russian-license-plates-ec7zg_v2/a123aa99-a456aa99-a780aa99_png.rf.091f06034fd60e52392bd22e9e5cd623.jpg;########;type1;74,275,403,107;74,275,477,275,477,382,74,382;1;0;roboflow_universe:tatmantech/russian-license-plates-ec7zg@v2 <https://universe.roboflow.com/tatmantech/russian-license-plates-ec7zg>;CC-BY-4.0 (CC BY 4.0);day,glare
images/real/roboflow_universe_tatmantech_russian-license-plates-ec7zg_v2/a123aa99-a456aa99-a780aa99_png.rf.5e69a4878e93c26d15165be4c05f2e07.jpg;########;type1;126,186,387,81;126,186,514,186,514,266,126,266;1;0;roboflow_universe:tatmantech/russian-license-plates-ec7zg@v2 <https://universe.roboflow.com/tatmantech/russian-license-plates-ec7zg>;CC-BY-4.0 (CC BY 4.0);day,glare
images/real/roboflow_universe_tatmantech_russian-license-plates-ec7zg_v2/a123aa99-a456aa99-a780aa99_png.rf.5e69a4878e93c26d15165be4c05f2e07.jpg;########;type1;126,402,387,82;126,402,514,402,514,483,126,483;1;0;roboflow_universe:tatmantech/russian-license-plates-ec7zg@v2 <https://universe.roboflow.com/tatmantech/russian-license-plates-ec7zg>;CC-BY-4.0 (CC BY 4.0);day,glare
images/real/roboflow_universe_tatmantech_russian-license-plates-ec7zg_v2/a123aa99-a456aa99-a780aa99_png.rf.5e69a4878e93c26d15165be4c05f2e07.jpg;########;type1;127,294,386,80;127,294,513,294,513,374,127,374;1;0;roboflow_universe:tatmantech/russian-license-plates-ec7zg@v2 <https://universe.roboflow.com/tatmantech/russian-license-plates-ec7zg>;CC-BY-4.0 (CC BY 4.0);day,glare
images/real/roboflow_universe_tatmantech_russian-license-plates-ec7zg_v2/a123aa99-a456aa99-a780aa99_png.rf.c44f3600c2ec73ded3b5aa28b24d0a5b.jpg;########;type1;96,85,398,214;96,85,494,85,494,299,96,299;1;0;roboflow_universe:tatmantech/russian-license-plates-ec7zg@v2 <https://universe.roboflow.com/tatmantech/russian-license-plates-ec7zg>;CC-BY-4.0 (CC BY 4.0);day,glare
images/real/roboflow_universe_tatmantech_russian-license-plates-ec7zg_v2/a123aa99-a456aa99-a780aa99_png.rf.c44f3600c2ec73ded3b5aa28b24d0a5b.jpg;########;type1;141,290,398,214;141,290,539,290,539,504,141,504;1;0;roboflow_universe:tatmantech/russian-license-plates-ec7zg@v2 <https://universe.roboflow.com/tatmantech/russian-license-plates-ec7zg>;CC-BY-4.0 (CC BY 4.0);day,glare
images/real/roboflow_universe_tatmantech_russian-license-plates-ec7zg_v2/a123aa99-a456aa99-a780aa99_png.rf.c44f3600c2ec73ded3b5aa28b24d0a5b.jpg;########;type1;119,188,397,212;119,188,516,188,516,400,119,400;1;0;roboflow_universe:tatmantech/russian-license-plates-ec7zg@v2 <https://universe.roboflow.com/tatmantech/russian-license-plates-ec7zg>;CC-BY-4.0 (CC BY 4.0);day,glare
images/real/roboflow_universe_tatmantech_russian-license-plates-ec7zg_v2/a123aa99-a919aa199-a123aa23-a010aa77_png.rf.63336e6b963a2d51e34caebb127d494b.jpg;########;type1;77,10,488,139;77,10,566,10,566,149,77,149;1;0;roboflow_universe:tatmantech/russian-license-plates-ec7zg@v2 <https://universe.roboflow.com/tatmantech/russian-license-plates-ec7zg>;CC-BY-4.0 (CC BY 4.0);day,glare
images/real/roboflow_universe_tatmantech_russian-license-plates-ec7zg_v2/a123aa99-a919aa199-a123aa23-a010aa77_png.rf.63336e6b963a2d51e34caebb127d494b.jpg;########;type1;72,164,493,142;72,164,565,164,565,305,72,305;1;0;roboflow_universe:tatmantech/russian-license-plates-ec7zg@v2 <https://universe.roboflow.com/tatmantech/russian-license-plates-ec7zg>;CC-BY-4.0 (CC BY 4.0);day,glare
images/real/roboflow_universe_tatmantech_russian-license-plates-ec7zg_v2/a123aa99-a919aa199-a123aa23-a010aa77_png.rf.63336e6b963a2d51e34caebb127d494b.jpg;########;type1;73,321,496,138;73,321,569,321,569,460,73,460;1;0;roboflow_universe:tatmantech/russian-license-plates-ec7zg@v2 <https://universe.roboflow.com/tatmantech/russian-license-plates-ec7zg>;CC-BY-4.0 (CC BY 4.0);day,glare
images/real/roboflow_universe_tatmantech_russian-license-plates-ec7zg_v2/a123aa99-a919aa199-a123aa23-a010aa77_png.rf.63336e6b963a2d51e34caebb127d494b.jpg;########;type1;74,476,492,134;74,476,566,476,566,611,74,611;1;0;roboflow_universe:tatmantech/russian-license-plates-ec7zg@v2 <https://universe.roboflow.com/tatmantech/russian-license-plates-ec7zg>;CC-BY-4.0 (CC BY 4.0);day,glare
images/real/roboflow_universe_tatmantech_russian-license-plates-ec7zg_v2/a123aa99-a919aa199-a123aa23-a010aa77_png.rf.7a1b49e621cd0e71fb566d6142ea4f4b.jpg;########;type1;41,0,504,171;41,0,545,0,545,171,41,171;1;0;roboflow_universe:tatmantech/russian-license-plates-ec7zg@v2 <https://universe.roboflow.com/tatmantech/russian-license-plates-ec7zg>;CC-BY-4.0 (CC BY 4.0);day,glare
images/real/roboflow_universe_tatmantech_russian-license-plates-ec7zg_v2/a123aa99-a919aa199-a123aa23-a010aa77_png.rf.7a1b49e621cd0e71fb566d6142ea4f4b.jpg;########;type1;56,29,509,296;56,29,565,29,565,326,56,326;1;0;roboflow_universe:tatmantech/russian-license-plates-ec7zg@v2 <https://universe.roboflow.com/tatmantech/russian-license-plates-ec7zg>;CC-BY-4.0 (CC BY 4.0);day,glare
images/real/roboflow_universe_tatmantech_russian-license-plates-ec7zg_v2/a123aa99-a919aa199-a123aa23-a010aa77_png.rf.7a1b49e621cd0e71fb566d6142ea4f4b.jpg;########;type1;78,181,511,294;78,181,590,181,590,475,78,475;1;0;roboflow_universe:tatmantech/russian-license-plates-ec7zg@v2 <https://universe.roboflow.com/tatmantech/russian-license-plates-ec7zg>;CC-BY-4.0 (CC BY 4.0);day,glare
images/real/roboflow_universe_tatmantech_russian-license-plates-ec7zg_v2/a123aa99-a919aa199-a123aa23-a010aa77_png.rf.7a1b49e621cd0e71fb566d6142ea4f4b.jpg;########;type1;100,333,506,288;100,333,606,333,606,621,100,621;1;0;roboflow_universe:tatmantech/russian-license-plates-ec7zg@v2 <https://universe.roboflow.com/tatmantech/russian-license-plates-ec7zg>;CC-BY-4.0 (CC BY 4.0);day,glare
images/real/roboflow_universe_tatmantech_russian-license-plates-ec7zg_v2/a123aa99-a919aa199-a123aa23-a010aa77_png.rf.c2d1f3f2f094d1fc00a78cfa739f4bfe.jpg;########;type1;0,3,525,295;0,3,525,3,525,299,0,299;1;0;roboflow_universe:tatmantech/russian-license-plates-ec7zg@v2 <https://universe.roboflow.com/tatmantech/russian-license-plates-ec7zg>;CC-BY-4.0 (CC BY 4.0);day,glare
images/real/roboflow_universe_tatmantech_russian-license-plates-ec7zg_v2/a123aa99-a919aa199-a123aa23-a010aa77_png.rf.c2d1f3f2f094d1fc00a78cfa739f4bfe.jpg;########;type1;5,124,539,334;5,124,544,124,544,459,5,459;1;0;roboflow_universe:tatmantech/russian-license-plates-ec7zg@v2 <https://universe.roboflow.com/tatmantech/russian-license-plates-ec7zg>;CC-BY-4.0 (CC BY 4.0);day,glare
images/real/roboflow_universe_tatmantech_russian-license-plates-ec7zg_v2/a123aa99-a919aa199-a123aa23-a010aa77_png.rf.c2d1f3f2f094d1fc00a78cfa739f4bfe.jpg;########;type1;23,284,539,332;23,284,562,284,562,616,23,616;1;0;roboflow_universe:tatmantech/russian-license-plates-ec7zg@v2 <https://universe.roboflow.com/tatmantech/russian-license-plates-ec7zg>;CC-BY-4.0 (CC BY 4.0);day,glare
images/real/roboflow_universe_tatmantech_russian-license-plates-ec7zg_v2/a123aa99-a919aa199-a123aa23-a010aa77_png.rf.c2d1f3f2f094d1fc00a78cfa739f4bfe.jpg;########;type1;41,441,533,199;41,441,574,441,574,640,41,640;1;0;roboflow_universe:tatmantech/russian-license-plates-ec7zg@v2 <https://universe.roboflow.com/tatmantech/russian-license-plates-ec7zg>;CC-BY-4.0 (CC BY 4.0);day,glare
images/real/roboflow_universe_tatmantech_russian-license-plates-ec7zg_v2/a2602hH_png.rf.91376982b67906c7a9ef08a20164e429.jpg;########;type1;53,181,583,242;53,181,636,181,636,423,53,423;1;0;roboflow_universe:tatmantech/russian-license-plates-ec7zg@v2 <https://universe.roboflow.com/tatmantech/russian-license-plates-ec7zg>;CC-BY-4.0 (CC BY 4.0);day,glare
images/real/roboflow_universe_tatmantech_russian-license-plates-ec7zg_v2/a2602hH_png.rf.ae0e232f243b64f21c8d1470e210fcef.jpg;########;type1;40,192,567,232;40,192,606,192,606,423,40,423;1;0;roboflow_universe:tatmantech/russian-license-plates-ec7zg@v2 <https://universe.roboflow.com/tatmantech/russian-license-plates-ec7zg>;CC-BY-4.0 (CC BY 4.0);day
images/real/roboflow_universe_tatmantech_russian-license-plates-ec7zg_v2/a2602hH_png.rf.fa78468c0a428945cf27c15e9f1ccad1.jpg;########;type1;22,23,605,448;22,23,627,23,627,471,22,471;1;0;roboflow_universe:tatmantech/russian-license-plates-ec7zg@v2 <https://universe.roboflow.com/tatmantech/russian-license-plates-ec7zg>;CC-BY-4.0 (CC BY 4.0);night
images/real/roboflow_universe_tatmantech_russian-license-plates-ec7zg_v2/a586ca762-b633xt763_png.rf.0216e97d498e2b39f0115c9b945ea1f9.jpg;########;type1;68,421,72,34;68,421,140,421,140,455,68,455;1;0;roboflow_universe:tatmantech/russian-license-plates-ec7zg@v2 <https://universe.roboflow.com/tatmantech/russian-license-plates-ec7zg>;CC-BY-4.0 (CC BY 4.0);day,glare
images/real/roboflow_universe_tatmantech_russian-license-plates-ec7zg_v2/a586ca762-b633xt763_png.rf.0216e97d498e2b39f0115c9b945ea1f9.jpg;########;type1;509,433,64,30;509,433,573,433,573,463,509,463;1;0;roboflow_universe:tatmantech/russian-license-plates-ec7zg@v2 <https://universe.roboflow.com/tatmantech/russian-license-plates-ec7zg>;CC-BY-4.0 (CC BY 4.0);day,glare
images/real/roboflow_universe_tatmantech_russian-license-plates-ec7zg_v2/a586ca762-b633xt763_png.rf.7684a76a4a11438ddc935bab369a2c57.jpg;########;type1;0,378,64,47;0,378,64,378,64,426,0,426;1;0;roboflow_universe:tatmantech/russian-license-plates-ec7zg@v2 <https://universe.roboflow.com/tatmantech/russian-license-plates-ec7zg>;CC-BY-4.0 (CC BY 4.0);day,glare
images/real/roboflow_universe_tatmantech_russian-license-plates-ec7zg_v2/a586ca762-b633xt763_png.rf.7684a76a4a11438ddc935bab369a2c57.jpg;########;type1;405,426,74,43;405,426,480,426,480,469,405,469;1;0;roboflow_universe:tatmantech/russian-license-plates-ec7zg@v2 <https://universe.roboflow.com/tatmantech/russian-license-plates-ec7zg>;CC-BY-4.0 (CC BY 4.0);day,glare
images/real/roboflow_universe_tatmantech_russian-license-plates-ec7zg_v2/a586ca762-b633xt763_png.rf.9b7e304aece79049bd95b7cda784778f.jpg;########;type1;84,418,77,59;84,418,161,418,161,476,84,476;1;0;roboflow_universe:tatmantech/russian-license-plates-ec7zg@v2 <https://universe.roboflow.com/tatmantech/russian-license-plates-ec7zg>;CC-BY-4.0 (CC BY 4.0);day,glare
images/real/roboflow_universe_tatmantech_russian-license-plates-ec7zg_v2/a586ca762-b633xt763_png.rf.9b7e304aece79049bd95b7cda784778f.jpg;########;type1;522,280,68,53;522,280,590,280,590,333,522,333;1;0;roboflow_universe:tatmantech/russian-license-plates-ec7zg@v2 <https://universe.roboflow.com/tatmantech/russian-license-plates-ec7zg>;CC-BY-4.0 (CC BY 4.0);day,glare
images/real/roboflow_universe_tatmantech_russian-license-plates-ec7zg_v2/a657bc21-y172hb177_png.rf.3caca486133f8d0f5c3690356b364bab.jpg;########;type1;146,373,44,22;146,373,190,373,190,396,146,396;1;0;roboflow_universe:tatmantech/russian-license-plates-ec7zg@v2 <https://universe.roboflow.com/tatmantech/russian-license-plates-ec7zg>;CC-BY-4.0 (CC BY 4.0);day
images/real/roboflow_universe_tatmantech_russian-license-plates-ec7zg_v2/a657bc21-y172hb177_png.rf.3caca486133f8d0f5c3690356b364bab.jpg;########;type1;424,356,47,23;424,356,470,356,470,380,424,380;1;0;roboflow_universe:tatmantech/russian-license-plates-ec7zg@v2 <https://universe.roboflow.com/tatmantech/russian-license-plates-ec7zg>;CC-BY-4.0 (CC BY 4.0);day
images/real/roboflow_universe_tatmantech_russian-license-plates-ec7zg_v2/a657bc21-y172hb177_png.rf.538430835382f1ad27d32fca1b606e68.jpg;########;type1;115,342,49,30;115,342,163,342,163,372,115,372;1;0;roboflow_universe:tatmantech/russian-license-plates-ec7zg@v2 <https://universe.roboflow.com/tatmantech/russian-license-plates-ec7zg>;CC-BY-4.0 (CC BY 4.0);day,glare
images/real/roboflow_universe_tatmantech_russian-license-plates-ec7zg_v2/a657bc21-y172hb177_png.rf.538430835382f1ad27d32fca1b606e68.jpg;########;type1;390,364,52,31;390,364,441,364,441,395,390,395;1;0;roboflow_universe:tatmantech/russian-license-plates-ec7zg@v2 <https://universe.roboflow.com/tatmantech/russian-license-plates-ec7zg>;CC-BY-4.0 (CC BY 4.0);day,glare
images/real/roboflow_universe_tatmantech_russian-license-plates-ec7zg_v2/a657bc21-y172hb177_png.rf.b4a8b3fb58ccae47b0e7a09bb9ffa522.jpg;########;type1;226,366,52,35;226,366,278,366,278,401,226,401;1;0;roboflow_universe:tatmantech/russian-license-plates-ec7zg@v2 <https://universe.roboflow.com/tatmantech/russian-license-plates-ec7zg>;CC-BY-4.0 (CC BY 4.0);day
images/real/roboflow_universe_tatmantech_russian-license-plates-ec7zg_v2/a657bc21-y172hb177_png.rf.b4a8b3fb58ccae47b0e7a09bb9ffa522.jpg;########;type1;487,268,55,37;487,268,542,268,542,305,487,305;1;0;roboflow_universe:tatmantech/russian-license-plates-ec7zg@v2 <https://universe.roboflow.com/tatmantech/russian-license-plates-ec7zg>;CC-BY-4.0 (CC BY 4.0);day
images/real/roboflow_universe_tatmantech_russian-license-plates-ec7zg_v2/a777ax77_png.rf.3a1bf7d760d584471626649f9ebf8ec5.jpg;A777AX77;type1;29,248,580,138;29,248,609,248,609,386,29,386;1;0;roboflow_universe:tatmantech/russian-license-plates-ec7zg@v2 <https://universe.roboflow.com/tatmantech/russian-license-plates-ec7zg>;CC-BY-4.0 (CC BY 4.0);day,glare
images/real/roboflow_universe_tatmantech_russian-license-plates-ec7zg_v2/a777ax77_png.rf.8c769a0b65d7792f97f57c39fbac551c.jpg;A777AX77;type1;48,192,592,229;48,192,640,192,640,421,48,421;1;0;roboflow_universe:tatmantech/russian-license-plates-ec7zg@v2 <https://universe.roboflow.com/tatmantech/russian-license-plates-ec7zg>;CC-BY-4.0 (CC BY 4.0);day
images/real/roboflow_universe_tatmantech_russian-license-plates-ec7zg_v2/a777ax77_png.rf.a3654deddec3818cc39cf8475577adad.jpg;A777AX77;type1;50,235,590,199;50,235,640,235,640,434,50,434;1;0;roboflow_universe:tatmantech/russian-license-plates-ec7zg@v2 <https://universe.roboflow.com/tatmantech/russian-license-plates-ec7zg>;CC-BY-4.0 (CC BY 4.0);day,glare
images/real/roboflow_universe_tatmantech_russian-license-plates-ec7zg_v2/a888aa177_png.rf.4224919d6a4ddae2d0747b379b526777.jpg;A888AA177;type1;42,214,449,334;42,214,491,214,491,548,42,548;1;0;roboflow_universe:tatmantech/russian-license-plates-ec7zg@v2 <https://universe.roboflow.com/tatmantech/russian-license-plates-ec7zg>;CC-BY-4.0 (CC BY 4.0);day,glare
images/real/roboflow_universe_tatmantech_russian-license-plates-ec7zg_v2/a888aa177_png.rf.52c4a3a8a543b920f2dbc87984941ee5.jpg;A888AA177;type1;69,329,400,192;69,329,469,329,469,521,69,521;1;0;roboflow_universe:tatmantech/russian-license-plates-ec7zg@v2 <https://universe.roboflow.com/tatmantech/russian-license-plates-ec7zg>;CC-BY-4.0 (CC BY 4.0);day,glare
images/real/roboflow_universe_tatmantech_russian-license-plates-ec7zg_v2/a888aa177_png.rf.714adf95a5b7fe8ea159a3bf54a5f6a4.jpg;A888AA177;type1;44,242,415,277;44,242,459,242,459,519,44,519;1;0;roboflow_universe:tatmantech/russian-license-plates-ec7zg@v2 <https://universe.roboflow.com/tatmantech/russian-license-plates-ec7zg>;CC-BY-4.0 (CC BY 4.0);night
images/real/roboflow_universe_tatmantech_russian-license-plates-ec7zg_v2/a922ak150_png.rf.5416bf0107e09a81068b9d45ad590726.jpg;A922AK150;type1;119,203,392,212;119,203,510,203,510,416,119,416;1;0;roboflow_universe:tatmantech/russian-license-plates-ec7zg@v2 <https://universe.roboflow.com/tatmantech/russian-license-plates-ec7zg>;CC-BY-4.0 (CC BY 4.0);night
images/real/roboflow_universe_tatmantech_russian-license-plates-ec7zg_v2/a922ak150_png.rf.7cbfee12f836ba17bdd460ea5e5708a7.jpg;A922AK150;type1;94,265,404,255;94,265,499,265,499,520,94,520;1;0;roboflow_universe:tatmantech/russian-license-plates-ec7zg@v2 <https://universe.roboflow.com/tatmantech/russian-license-plates-ec7zg>;CC-BY-4.0 (CC BY 4.0);day
images/real/roboflow_universe_tatmantech_russian-license-plates-ec7zg_v2/a999op761_png.rf.6a796eedf016e3be788136b5af363d6d.jpg;A999OP761;type1;136,415,195,104;136,415,330,415,330,519,136,519;1;0;roboflow_universe:tatmantech/russian-license-plates-ec7zg@v2 <https://universe.roboflow.com/tatmantech/russian-license-plates-ec7zg>;CC-BY-4.0 (CC BY 4.0);day
images/real/roboflow_universe_tatmantech_russian-license-plates-ec7zg_v2/a999op761_png.rf.b853c30bf79886a83b8898aa9d720fa6.jpg;A999OP761;type1;262,379,189,100;262,379,451,379,451,479,262,479;1;0;roboflow_universe:tatmantech/russian-license-plates-ec7zg@v2 <https://universe.roboflow.com/tatmantech/russian-license-plates-ec7zg>;CC-BY-4.0 (CC BY 4.0);day
images/real/roboflow_universe_tatmantech_russian-license-plates-ec7zg_v2/a999op761_png.rf.da58092e0e154a4b09556703f8cbe068.jpg;A999OP761;type1;228,415,174,72;228,415,402,415,402,487,228,487;1;0;roboflow_universe:tatmantech/russian-license-plates-ec7zg@v2 <https://universe.roboflow.com/tatmantech/russian-license-plates-ec7zg>;CC-BY-4.0 (CC BY 4.0);day
images/real/roboflow_universe_tatmantech_russian-license-plates-ec7zg_v2/aa362h77_jpg.rf.89f4bc5448b125f6545921048adad73a.jpg;########;type1b;44,161,426,218;44,161,471,161,471,379,44,379;1;0;roboflow_universe:tatmantech/russian-license-plates-ec7zg@v2 <https://universe.roboflow.com/tatmantech/russian-license-plates-ec7zg>;CC-BY-4.0 (CC BY 4.0);day
images/real/roboflow_universe_tatmantech_russian-license-plates-ec7zg_v2/aa362h77_jpg.rf.c77482cc5bb0d035a69ee494fc241639.jpg;########;type1;122,223,428,274;122,223,550,223,550,497,122,497;1;0;roboflow_universe:tatmantech/russian-license-plates-ec7zg@v2 <https://universe.roboflow.com/tatmantech/russian-license-plates-ec7zg>;CC-BY-4.0 (CC BY 4.0);day,glare
images/real/roboflow_universe_tatmantech_russian-license-plates-ec7zg_v2/aa362h77_jpg.rf.eb9e0343640aa7c24fa398c7cc28f103.jpg;########;type1b;116,256,392,128;116,256,508,256,508,384,116,384;1;0;roboflow_universe:tatmantech/russian-license-plates-ec7zg@v2 <https://universe.roboflow.com/tatmantech/russian-license-plates-ec7zg>;CC-BY-4.0 (CC BY 4.0);day,glare
images/real/roboflow_universe_tatmantech_russian-license-plates-ec7zg_v2/ab865m77_png.rf.95fe0c408af3a2b094927d3203655f5f.jpg;########;type1;0,89,624,551;0,89,624,89,624,640,0,640;1;0;roboflow_universe:tatmantech/russian-license-plates-ec7zg@v2 <https://universe.roboflow.com/tatmantech/russian-license-plates-ec7zg>;CC-BY-4.0 (CC BY 4.0);day
images/real/roboflow_universe_tatmantech_russian-license-plates-ec7zg_v2/ab865m77_png.rf.d2a06ecfb97d3d7b0c5910c78f5ad958.jpg;########;type1;19,139,604,392;19,139,623,139,623,531,19,531;1;0;roboflow_universe:tatmantech/russian-license-plates-ec7zg@v2 <https://universe.roboflow.com/tatmantech/russian-license-plates-ec7zg>;CC-BY-4.0 (CC BY 4.0);day
images/real/roboflow_universe_tatmantech_russian-license-plates-ec7zg_v2/ab865m77_png.rf.ed0b262c9ffe006d8c1a3c0e8cb48a6b.jpg;########;type1;9,60,631,502;9,60,640,60,640,562,9,562;1;0;roboflow_universe:tatmantech/russian-license-plates-ec7zg@v2 <https://universe.roboflow.com/tatmantech/russian-license-plates-ec7zg>;CC-BY-4.0 (CC BY 4.0);day
images/real/roboflow_universe_tatmantech_russian-license-plates-ec7zg_v2/ap65478_png.rf.2fec638d31fb92766ccef181b7b7490d.jpg;########;type1;172,524,76,37;172,524,248,524,248,561,172,561;1;0;roboflow_universe:tatmantech/russian-license-plates-ec7zg@v2 <https://universe.roboflow.com/tatmantech/russian-license-plates-ec7zg>;CC-BY-4.0 (CC BY 4.0);day,glare
images/real/roboflow_universe_tatmantech_russian-license-plates-ec7zg_v2/ap65478_png.rf.4b8f4a4ed4244081413ca44046b5fe88.jpg;########;type1b;145,502,74,26;145,502,220,502,220,528,145,528;1;0;roboflow_universe:tatmantech/russian-license-plates-ec7zg@v2 <https://universe.roboflow.com/tatmantech/russian-license-plates-ec7zg>;CC-BY-4.0 (CC BY 4.0);day,glare
images/real/roboflow_universe_tatmantech_russian-license-plates-ec7zg_v2/ap65478_png.rf.f47ed8ddff5d5fed28a56ae9d86e1241.jpg;########;type1b;86,432,79,53;86,432,165,432,165,485,86,485;1;0;roboflow_universe:tatmantech/russian-license-plates-ec7zg@v2 <https://universe.roboflow.com/tatmantech/russian-license-plates-ec7zg>;CC-BY-4.0 (CC BY 4.0);day
images/real/roboflow_universe_tatmantech_russian-license-plates-ec7zg_v2/ax57555_png.rf.177bcbd7b7f1a996e01e5a96e2504d53.jpg;########;type1;0,236,618,189;0,236,618,236,618,425,0,425;1;0;roboflow_universe:tatmantech/russian-license-plates-ec7zg@v2 <https://universe.roboflow.com/tatmantech/russian-license-plates-ec7zg>;CC-BY-4.0 (CC BY 4.0);day,glare
images/real/roboflow_universe_tatmantech_russian-license-plates-ec7zg_v2/ax57555_png.rf.31efca2ddb870c5dcfb4348892305758.jpg;########;type1;0,173,629,367;0,173,629,173,629,540,0,540;1;0;roboflow_universe:tatmantech/russian-license-plates-ec7zg@v2 <https://universe.roboflow.com/tatmantech/russian-license-plates-ec7zg>;CC-BY-4.0 (CC BY 4.0);day,glare
images/real/roboflow_universe_tatmantech_russian-license-plates-ec7zg_v2/ax57555_png.rf.df107d765bbd72095df2a5e99eedfe2e.jpg;########;type1b;4,247,628,141;4,247,632,247,632,388,4,388;1;0;roboflow_universe:tatmantech/russian-license-plates-ec7zg@v2 <https://universe.roboflow.com/tatmantech/russian-license-plates-ec7zg>;CC-BY-4.0 (CC BY 4.0);day,glare
images/real/roboflow_universe_tatmantech_russian-license-plates-ec7zg_v2/b035kt32_jpg.rf.02ac3d63d2fb548dca160f21b66b202d.jpg;B035KT32;type1;121,310,152,72;121,310,272,310,272,382,121,382;1;0;roboflow_universe:tatmantech/russian-license-plates-ec7zg@v2 <https://universe.roboflow.com/tatmantech/russian-license-plates-ec7zg>;CC-BY-4.0 (CC BY 4.0);day,glare
images/real/roboflow_universe_tatmantech_russian-license-plates-ec7zg_v2/b035kt32_jpg.rf.1d36dd306d4fff2a7b56af50bf2e0e9b.jpg;B035KT32;type1;99,321,158,101;99,321,257,321,257,422,99,422;1;0;roboflow_universe:tatmantech/russian-license-plates-ec7zg@v2 <https://universe.roboflow.com/tatmantech/russian-license-plates-ec7zg>;CC-BY-4.0 (CC BY 4.0);day,glare
images/real/roboflow_universe_tatmantech_russian-license-plates-ec7zg_v2/b035kt32_jpg.rf.8a37fbc7eb022a05a7ca615b788bc583.jpg;B035KT32;type1;83,275,166,96;83,275,248,275,248,371,83,371;1;0;roboflow_universe:tatmantech/russian-license-plates-ec7zg@v2 <https://universe.roboflow.com/tatmantech/russian-license-plates-ec7zg>;CC-BY-4.0 (CC BY 4.0);day
images/real/roboflow_universe_tatmantech_russian-license-plates-ec7zg_v2/b035kt32_png.rf.876e45d9468cea58689c0efbd54d8ffd.jpg;B035KT32;type1;118,300,155,87;118,300,274,300,274,387,118,387;1;0;roboflow_universe:tatmantech/russian-license-plates-ec7zg@v2 <https://universe.roboflow.com/tatmantech/russian-license-plates-ec7zg>;CC-BY-4.0 (CC BY 4.0);day,glare
images/real/roboflow_universe_tatmantech_russian-license-plates-ec7zg_v2/b035kt32_png.rf.ea0d7de589fdb949103eb88641ce0080.jpg;B035KT32;type1;59,284,175,102;59,284,234,284,234,387,59,387;1;0;roboflow_universe:tatmantech/russian-license-plates-ec7zg@v2 <https://universe.roboflow.com/tatmantech/russian-license-plates-ec7zg>;CC-BY-4.0 (CC BY 4.0);day
images/real/roboflow_universe_tatmantech_russian-license-plates-ec7zg_v2/b277334_png.rf.15d7ed21b8fd230b9254a00905467f6e.jpg;########;type1;252,270,181,99;252,270,433,270,433,370,252,370;1;0;roboflow_universe:tatmantech/russian-license-plates-ec7zg@v2 <https://universe.roboflow.com/tatmantech/russian-license-plates-ec7zg>;CC-BY-4.0 (CC BY 4.0);night
images/real/roboflow_universe_tatmantech_russian-license-plates-ec7zg_v2/b277334_png.rf.964519eadc320c944e8c58e3da428555.jpg;########;type1;248,345,177,63;248,345,424,345,424,408,248,408;1;0;roboflow_universe:tatmantech/russian-license-plates-ec7zg@v2 <https://universe.roboflow.com/tatmantech/russian-license-plates-ec7zg>;CC-BY-4.0 (CC BY 4.0);day
images/real/roboflow_universe_tatmantech_russian-license-plates-ec7zg_v2/b277334_png.rf.d10f6b9644f9c68e67a7979d6faddcdc.jpg;########;type1;262,367,195,129;262,367,457,367,457,496,262,496;1;0;roboflow_universe:tatmantech/russian-license-plates-ec7zg@v2 <https://universe.roboflow.com/tatmantech/russian-license-plates-ec7zg>;CC-BY-4.0 (CC BY 4.0);day,glare
images/real/roboflow_universe_tatmantech_russian-license-plates-ec7zg_v2/b3946ac_png.rf.152a1620e7e0f389355735932e9fdcd4.jpg;########;type1;191,321,319,169;191,321,510,321,510,490,191,490;1;0;roboflow_universe:tatmantech/russian-license-plates-ec7zg@v2 <https://universe.roboflow.com/tatmantech/russian-license-plates-ec7zg>;CC-BY-4.0 (CC BY 4.0);day
images/real/roboflow_universe_tatmantech_russian-license-plates-ec7zg_v2/b3946ac_png.rf.be78a80b47098726db03aed42a156733.jpg;########;type1;166,346,300,89;166,346,466,346,466,436,166,436;1;0;roboflow_universe:tatmantech/russian-license-plates-ec7zg@v2 <https://universe.roboflow.com/tatmantech/russian-license-plates-ec7zg>;CC-BY-4.0 (CC BY 4.0);day,glare
images/real/roboflow_universe_tatmantech_russian-license-plates-ec7zg_v2/b3946ac_png.rf.e9b19ce7507385933edfece042dfba75.jpg;########;type1;217,355,331,171;217,355,547,355,547,526,217,526;1;0;roboflow_universe:tatmantech/russian-license-plates-ec7zg@v2 <https://universe.roboflow.com/tatmantech/russian-license-plates-ec7zg>;CC-BY-4.0 (CC BY 4.0);day
images/real/roboflow_universe_tatmantech_russian-license-plates-ec7zg_v2/b798ox178_png.rf.627be77d8833d005fd29dc3ecac99e8b.jpg;B798OX178;type1;112,228,528,349;112,228,640,228,640,577,112,577;1;0;roboflow_universe:tatmantech/russian-license-plates-ec7zg@v2 <https://universe.roboflow.com/tatmantech/russian-license-plates-ec7zg>;CC-BY-4.0 (CC BY 4.0);day
images/real/roboflow_universe_tatmantech_russian-license-plates-ec7zg_v2/b798ox178_png.rf.8717465ad119bf4efb079726df8b2cca.jpg;B798OX178;type1;84,288,493,279;84,288,577,288,577,567,84,567;1;0;roboflow_universe:tatmantech/russian-license-plates-ec7zg@v2 <https://universe.roboflow.com/tatmantech/russian-license-plates-ec7zg>;CC-BY-4.0 (CC BY 4.0);day
images/real/roboflow_universe_tatmantech_russian-license-plates-ec7zg_v2/b798ox178_png.rf.c044b0763defe4c4735331c6eaf0f8ce.jpg;B798OX178;type1;115,162,525,415;115,162,640,162,640,577,115,577;1;0;roboflow_universe:tatmantech/russian-license-plates-ec7zg@v2 <https://universe.roboflow.com/tatmantech/russian-license-plates-ec7zg>;CC-BY-4.0 (CC BY 4.0);night
images/real/roboflow_universe_tatmantech_russian-license-plates-ec7zg_v2/b958ax178-2-_png.rf.0169daba87d1187fcf5e53c083cac61e.jpg;########;type1;234,300,299,131;234,300,534,300,534,431,234,431;1;0;roboflow_universe:tatmantech/russian-license-plates-ec7zg@v2 <https://universe.roboflow.com/tatmantech/russian-license-plates-ec7zg>;CC-BY-4.0 (CC BY 4.0);day
images/real/roboflow_universe_tatmantech_russian-license-plates-ec7zg_v2/b958ax178-2-_png.rf.c5a623ca6b7c56d707003336afe006b1.jpg;########;type1;182,296,273,109;182,296,456,296,456,405,182,405;1;0;roboflow_universe:tatmantech/russian-license-plates-ec7zg@v2 <https://universe.roboflow.com/tatmantech/russian-license-plates-ec7zg>;CC-BY-4.0 (CC BY 4.0);day
images/real/roboflow_universe_tatmantech_russian-license-plates-ec7zg_v2/b958ax178-2-_png.rf.dda0fd192f4f4c0481cc4014591d369c.jpg;########;type1;145,229,302,184;145,229,447,229,447,414,145,414;1;0;roboflow_universe:tatmantech/russian-license-plates-ec7zg@v2 <https://universe.roboflow.com/tatmantech/russian-license-plates-ec7zg>;CC-BY-4.0 (CC BY 4.0);day
images/real/roboflow_universe_tatmantech_russian-license-plates-ec7zg_v2/b958ax178_png.rf.74b2fbeac233b17a21c1f6133c657a94.jpg;B958AX178;type1;0,0,640,640;0,0,640,0,640,640,0,640;1;0;roboflow_universe:tatmantech/russian-license-plates-ec7zg@v2 <https://universe.roboflow.com/tatmantech/russian-license-plates-ec7zg>;CC-BY-4.0 (CC BY 4.0);day,glare
images/real/roboflow_universe_tatmantech_russian-license-plates-ec7zg_v2/b958ax178_png.rf.b8976af8238d8e1a15d38160eda96534.jpg;B958AX178;type1;0,0,640,640;0,0,640,0,640,640,0,640;1;0;roboflow_universe:tatmantech/russian-license-plates-ec7zg@v2 <https://universe.roboflow.com/tatmantech/russian-license-plates-ec7zg>;CC-BY-4.0 (CC BY 4.0);day,glare
images/real/roboflow_universe_tatmantech_russian-license-plates-ec7zg_v2/b958ax178_png.rf.dfe04ad7a9a9640e3819011155391d9d.jpg;B958AX178;type1;0,9,639,622;0,9,639,9,639,631,0,631;1;0;roboflow_universe:tatmantech/russian-license-plates-ec7zg@v2 <https://universe.roboflow.com/tatmantech/russian-license-plates-ec7zg>;CC-BY-4.0 (CC BY 4.0);day
images/real/roboflow_universe_tatmantech_russian-license-plates-ec7zg_v2/b999ek38_png.rf.6503184a2c048ed04cf319ca6d7d4ebc.jpg;B999EK38;type1;272,528,90,41;272,528,361,528,361,568,272,568;1;0;roboflow_universe:tatmantech/russian-license-plates-ec7zg@v2 <https://universe.roboflow.com/tatmantech/russian-license-plates-ec7zg>;CC-BY-4.0 (CC BY 4.0);day
images/real/roboflow_universe_tatmantech_russian-license-plates-ec7zg_v2/b999ek38_png.rf.a246a52edbf44f1569df078071fdad36.jpg;B999EK38;type1;300,497,94,51;300,497,394,497,394,548,300,548;1;0;roboflow_universe:tatmantech/russian-license-plates-ec7zg@v2 <https://universe.roboflow.com/tatmantech/russian-license-plates-ec7zg>;CC-BY-4.0 (CC BY 4.0);day,glare
images/real/roboflow_universe_tatmantech_russian-license-plates-ec7zg_v2/b999ek38_png.rf.a8a89dbaaeaa4492d57b14ea0babc7b2.jpg;B999EK38;type1;316,521,97,48;316,521,413,521,413,569,316,569;1;0;roboflow_universe:tatmantech/russian-license-plates-ec7zg@v2 <https://universe.roboflow.com/tatmantech/russian-license-plates-ec7zg>;CC-BY-4.0 (CC BY 4.0);day,glare
images/real/roboflow_universe_tatmantech_russian-license-plates-ec7zg_v2/bo36963_png.rf.30ee7e4a065adcd9d1bab87bcab6fdf4.jpg;########;type1b;70,260,496,140;70,260,567,260,567,400,70,400;1;0;roboflow_universe:tatmantech/russian-license-plates-ec7zg@v2 <https://universe.roboflow.com/tatmantech/russian-license-plates-ec7zg>;CC-BY-4.0 (CC BY 4.0);day
images/real/roboflow_universe_tatmantech_russian-license-plates-ec7zg_v2/bo36963_png.rf.a1f5cdbad4a9da8f2b903459a9fa8d58.jpg;########;type1;102,247,530,198;102,247,633,247,633,444,102,444;1;0;roboflow_universe:tatmantech/russian-license-plates-ec7zg@v2 <https://universe.roboflow.com/tatmantech/russian-license-plates-ec7zg>;CC-BY-4.0 (CC BY 4.0);day,glare
images/real/roboflow_universe_tatmantech_russian-license-plates-ec7zg_v2/bo36963_png.rf.ccdccc0bfe6b17c4faa284e5ca5a89ae.jpg;########;type1;83,196,528,235;83,196,611,196,611,431,83,431;1;0;roboflow_universe:tatmantech/russian-license-plates-ec7zg@v2 <https://universe.roboflow.com/tatmantech/russian-license-plates-ec7zg>;CC-BY-4.0 (CC BY 4.0);day
images/real/roboflow_universe_tatmantech_russian-license-plates-ec7zg_v2/c043hb78_png.rf.475ef2a365404c94b0e58c85fcee1a99.jpg;C043HB78;type1;2,9,636,618;2,9,638,9,638,628,2,628;1;0;roboflow_universe:tatmantech/russian-license-plates-ec7zg@v2 <https://universe.roboflow.com/tatmantech/russian-license-plates-ec7zg>;CC-BY-4.0 (CC BY 4.0);day
images/real/roboflow_universe_tatmantech_russian-license-plates-ec7zg_v2/c043hb78_png.rf.4a85b9995e70e1a1eb8ee719f26766ca.jpg;C043HB78;type1;0,3,640,637;0,3,640,3,640,640,0,640;1;0;roboflow_universe:tatmantech/russian-license-plates-ec7zg@v2 <https://universe.roboflow.com/tatmantech/russian-license-plates-ec7zg>;CC-BY-4.0 (CC BY 4.0);day,glare
images/real/roboflow_universe_tatmantech_russian-license-plates-ec7zg_v2/c043hb78_png.rf.89de9ec8d488ad2255cdc1f59d192076.jpg;C043HB78;type1;0,0,640,640;0,0,640,0,640,640,0,640;1;0;roboflow_universe:tatmantech/russian-license-plates-ec7zg@v2 <https://universe.roboflow.com/tatmantech/russian-license-plates-ec7zg>;CC-BY-4.0 (CC BY 4.0);day
images/real/roboflow_universe_tatmantech_russian-license-plates-ec7zg_v2/c150_png.rf.107a20fdb28541fc9b35c50b81356531.jpg;########;type1;59,285,506,272;59,285,566,285,566,557,59,557;1;0;roboflow_universe:tatmantech/russian-license-plates-ec7zg@v2 <https://universe.roboflow.com/tatmantech/russian-license-plates-ec7zg>;CC-BY-4.0 (CC BY 4.0);day
images/real/roboflow_universe_tatmantech_russian-license-plates-ec7zg_v2/c150_png.rf.5d3c4118d1563cc859d2ae2c6010f548.jpg;########;type1;29,263,533,324;29,263,563,263,563,587,29,587;1;0;roboflow_universe:tatmantech/russian-license-plates-ec7zg@v2 <https://universe.roboflow.com/tatmantech/russian-license-plates-ec7zg>;CC-BY-4.0 (CC BY 4.0);day
images/real/roboflow_universe_tatmantech_russian-license-plates-ec7zg_v2/c150_png.rf.6b25d64dad49564c822c97a4ff7274e4.jpg;########;type1;33,216,532,358;33,216,564,216,564,574,33,574;1;0;roboflow_universe:tatmantech/russian-license-plates-ec7zg@v2 <https://universe.roboflow.com/tatmantech/russian-license-plates-ec7zg>;CC-BY-4.0 (CC BY 4.0);day
images/real/roboflow_universe_tatmantech_russian-license-plates-ec7zg_v2/c830my51_jpg.rf.8963f5916c85e5f39da2055b22ecf4d3.jpg;C830MY51;type1;265,239,186,120;265,239,451,239,451,359,265,359;1;0;roboflow_universe:tatmantech/russian-license-plates-ec7zg@v2 <https://universe.roboflow.com/tatmantech/russian-license-plates-ec7zg>;CC-BY-4.0 (CC BY 4.0);day
images/real/roboflow_universe_tatmantech_russian-license-plates-ec7zg_v2/c830my51_jpg.rf.a7f673c0368bdfe66460cca5287e76a1.jpg;C830MY51;type1;359,289,177,103;359,289,536,289,536,392,359,392;1;0;roboflow_universe:tatmantech/russian-license-plates-ec7zg@v2 <https://universe.roboflow.com/tatmantech/russian-license-plates-ec7zg>;CC-BY-4.0 (CC BY 4.0);day,glare
images/real/roboflow_universe_tatmantech_russian-license-plates-ec7zg_v2/c830my51_jpg.rf.fb2688c477d4537b347cbfc3a344aa63.jpg;C830MY51;type1;344,301,159,62;344,301,504,301,504,364,344,364;1;0;roboflow_universe:tatmantech/russian-license-plates-ec7zg@v2 <https://universe.roboflow.com/tatmantech/russian-license-plates-ec7zg>;CC-BY-4.0 (CC BY 4.0);day,glare
images/real/roboflow_universe_tatmantech_russian-license-plates-ec7zg_v2/c830my51_png.rf.6d70f3eb61b5099ce677785ca91baff7.jpg;C830MY51;type1;287,285,177,84;287,285,464,285,464,369,287,369;1;0;roboflow_universe:tatmantech/russian-license-plates-ec7zg@v2 <https://universe.roboflow.com/tatmantech/russian-license-plates-ec7zg>;CC-BY-4.0 (CC BY 4.0);day,glare
images/real/roboflow_universe_tatmantech_russian-license-plates-ec7zg_v2/cc97-ak177_png.rf.14f916504dfc21dadf37802974557675.jpg;########;type1;0,355,479,285;0,355,479,355,479,640,0,640;1;0;roboflow_universe:tatmantech/russian-license-plates-ec7zg@v2 <https://universe.roboflow.com/tatmantech/russian-license-plates-ec7zg>;CC-BY-4.0 (CC BY 4.0);day,glare
images/real/roboflow_universe_tatmantech_russian-license-plates-ec7zg_v2/cc97-ak177_png.rf.14f916504dfc21dadf37802974557675.jpg;########;type1;0,57,582,311;0,57,582,57,582,369,0,369;1;0;roboflow_universe:tatmantech/russian-license-plates-ec7zg@v2 <https://universe.roboflow.com/tatmantech/russian-license-plates-ec7zg>;CC-BY-4.0 (CC BY 4.0);day,glare
images/real/roboflow_universe_tatmantech_russian-license-plates-ec7zg_v2/cc97-ak177_png.rf.9f0af7379edd91d0bbfb9c4a0f41b2a0.jpg;########;type1;0,366,500,246;0,366,500,366,500,612,0,612;1;0;roboflow_universe:tatmantech/russian-license-plates-ec7zg@v2 <https://universe.roboflow.com/tatmantech/russian-license-plates-ec7zg>;CC-BY-4.0 (CC BY 4.0);day,glare
images/real/roboflow_universe_tatmantech_russian-license-plates-ec7zg_v2/cc97-ak177_png.rf.9f0af7379edd91d0bbfb9c4a0f41b2a0.jpg;########;type1;0,68,576,178;0,68,576,68,576,246,0,246;1;0;roboflow_universe:tatmantech/russian-license-plates-ec7zg@v2 <https://universe.roboflow.com/tatmantech/russian-license-plates-ec7zg>;CC-BY-4.0 (CC BY 4.0);day,glare
images/real/roboflow_universe_tatmantech_russian-license-plates-ec7zg_v2/cc97-ak177_png.rf.e49dfcb5802b7fc86c349f395910515d.jpg;########;type1;4,332,501,286;4,332,505,332,505,618,4,618;1;0;roboflow_universe:tatmantech/russian-license-plates-ec7zg@v2 <https://universe.roboflow.com/tatmantech/russian-license-plates-ec7zg>;CC-BY-4.0 (CC BY 4.0);day,glare
images/real/roboflow_universe_tatmantech_russian-license-plates-ec7zg_v2/cc97-ak177_png.rf.e49dfcb5802b7fc86c349f395910515d.jpg;########;type1;3,30,584,225;3,30,587,30,587,255,3,255;1;0;roboflow_universe:tatmantech/russian-license-plates-ec7zg@v2 <https://universe.roboflow.com/tatmantech/russian-license-plates-ec7zg>;CC-BY-4.0 (CC BY 4.0);day,glare
images/real/roboflow_universe_tatmantech_russian-license-plates-ec7zg_v2/ckp197_png.rf.1f29c7cc6a3498cbd50d233f10760219.jpg;########;type1;433,450,86,47;433,450,519,450,519,497,433,497;1;0;roboflow_universe:tatmantech/russian-license-plates-ec7zg@v2 <https://universe.roboflow.com/tatmantech/russian-license-plates-ec7zg>;CC-BY-4.0 (CC BY 4.0);night
images/real/roboflow_universe_tatmantech_russian-license-plates-ec7zg_v2/ckp197_png.rf.5f2fcab4195b0f3800df36f96166dd67.jpg;########;type1;425,416,95,59;425,416,520,416,520,474,425,474;1;0;roboflow_universe:tatmantech/russian-license-plates-ec7zg@v2 <https://universe.roboflow.com/tatmantech/russian-license-plates-ec7zg>;CC-BY-4.0 (CC BY 4.0);day,glare
images/real/roboflow_universe_tatmantech_russian-license-plates-ec7zg_v2/ckp197_png.rf.750b2ccfaeb9de729d4a22653cb28d36.jpg;########;type1;403,443,91,50;403,443,495,443,495,493,403,493;1;0;roboflow_universe:tatmantech/russian-license-plates-ec7zg@v2 <https://universe.roboflow.com/tatmantech/russian-license-plates-ec7zg>;CC-BY-4.0 (CC BY 4.0);night
images/real/roboflow_universe_tatmantech_russian-license-plates-ec7zg_v2/e677ac178_png.rf.51bb3c8cb293c93c82e7e29cbece7114.jpg;E677AC178;type1;0,4,639,628;0,4,639,4,639,632,0,632;1;0;roboflow_universe:tatmantech/russian-license-plates-ec7zg@v2 <https://universe.roboflow.com/tatmantech/russian-license-plates-ec7zg>;CC-BY-4.0 (CC BY 4.0);day,glare
images/real/roboflow_universe_tatmantech_russian-license-plates-ec7zg_v2/e677ac178_png.rf.7775289d7ce30b3f071a24dbeb9f2666.jpg;E677AC178;type1;0,0,640,640;0,0,640,0,640,640,0,640;1;0;roboflow_universe:tatmantech/russian-license-plates-ec7zg@v2 <https://universe.roboflow.com/tatmantech/russian-license-plates-ec7zg>;CC-BY-4.0 (CC BY 4.0);day
images/real/roboflow_universe_tatmantech_russian-license-plates-ec7zg_v2/e677ac178_png.rf.9ea2923fc3d77dfd41592b55c60e1952.jpg;E677AC178;type1;0,0,640,640;0,0,640,0,640,640,0,640;1;0;roboflow_universe:tatmantech/russian-license-plates-ec7zg@v2 <https://universe.roboflow.com/tatmantech/russian-license-plates-ec7zg>;CC-BY-4.0 (CC BY 4.0);day
images/real/roboflow_universe_tatmantech_russian-license-plates-ec7zg_v2/e871ce86_png.rf.423443f147a15d4599c21d54870c7ae9.jpg;E871CE86;type1;184,404,253,169;184,404,437,404,437,573,184,573;1;0;roboflow_universe:tatmantech/russian-license-plates-ec7zg@v2 <https://universe.roboflow.com/tatmantech/russian-license-plates-ec7zg>;CC-BY-4.0 (CC BY 4.0);day,glare
images/real/roboflow_universe_tatmantech_russian-license-plates-ec7zg_v2/e871ce86_png.rf.58f9740f1eababd82a137fd26c8d9eb2.jpg;E871CE86;type1;196,398,232,94;196,398,428,398,428,492,196,492;1;0;roboflow_universe:tatmantech/russian-license-plates-ec7zg@v2 <https://universe.roboflow.com/tatmantech/russian-license-plates-ec7zg>;CC-BY-4.0 (CC BY 4.0);day,glare
images/real/roboflow_universe_tatmantech_russian-license-plates-ec7zg_v2/e871ce86_png.rf.a9866a2510f272b8e8394ab0e6795bc3.jpg;E871CE86;type1;230,314,266,169;230,314,496,314,496,483,230,483;1;0;roboflow_universe:tatmantech/russian-license-plates-ec7zg@v2 <https://universe.roboflow.com/tatmantech/russian-license-plates-ec7zg>;CC-BY-4.0 (CC BY 4.0);day,glare
images/real/roboflow_universe_tatmantech_russian-license-plates-ec7zg_v2/e964ok197_png.rf.4e8cf246b3f49d0cb5fda5914af58456.jpg;E964OK197;type1;0,0,640,640;0,0,640,0,640,640,0,640;1;0;roboflow_universe:tatmantech/russian-license-plates-ec7zg@v2 <https://universe.roboflow.com/tatmantech/russian-license-plates-ec7zg>;CC-BY-4.0 (CC BY 4.0);day,glare
images/real/roboflow_universe_tatmantech_russian-license-plates-ec7zg_v2/e964ok197_png.rf.945b65c4701176007f469bc18c7b7a11.jpg;E964OK197;type1;0,0,640,640;0,0,640,0,640,640,0,640;1;0;roboflow_universe:tatmantech/russian-license-plates-ec7zg@v2 <https://universe.roboflow.com/tatmantech/russian-license-plates-ec7zg>;CC-BY-4.0 (CC BY 4.0);day,glare
images/real/roboflow_universe_tatmantech_russian-license-plates-ec7zg_v2/e964ok197_png.rf.9849924df9b2caf8d79aa8d5e8adf04a.jpg;E964OK197;type1;1,7,636,618;1,7,637,7,637,624,1,624;1;0;roboflow_universe:tatmantech/russian-license-plates-ec7zg@v2 <https://universe.roboflow.com/tatmantech/russian-license-plates-ec7zg>;CC-BY-4.0 (CC BY 4.0);day
images/real/roboflow_universe_tatmantech_russian-license-plates-ec7zg_v2/ekx199_png.rf.342b91b399f79d8fffc2ef257856ca0a.jpg;########;type1;342,412,136,98;342,412,478,412,478,510,342,510;1;0;roboflow_universe:tatmantech/russian-license-plates-ec7zg@v2 <https://universe.roboflow.com/tatmantech/russian-license-plates-ec7zg>;CC-BY-4.0 (CC BY 4.0);night
images/real/roboflow_universe_tatmantech_russian-license-plates-ec7zg_v2/ekx199_png.rf.7f42034bdf2e67e83f8f4ae90a0f1ca0.jpg;########;type1;340,401,124,54;340,401,464,401,464,455,340,455;1;0;roboflow_universe:tatmantech/russian-license-plates-ec7zg@v2 <https://universe.roboflow.com/tatmantech/russian-license-plates-ec7zg>;CC-BY-4.0 (CC BY 4.0);night
images/real/roboflow_universe_tatmantech_russian-license-plates-ec7zg_v2/ekx199_png.rf.e3dd7a216408f3f916a25599c0a397b0.jpg;########;type1;299,466,131,88;299,466,430,466,430,554,299,554;1;0;roboflow_universe:tatmantech/russian-license-plates-ec7zg@v2 <https://universe.roboflow.com/tatmantech/russian-license-plates-ec7zg>;CC-BY-4.0 (CC BY 4.0);night
images/real/roboflow_universe_tatmantech_russian-license-plates-ec7zg_v2/h334aa53_png.rf.464f5be60af60e89d451ed75b191a128.jpg;H334AA53;type1;165,249,265,156;165,249,430,249,430,404,165,404;1;0;roboflow_universe:tatmantech/russian-license-plates-ec7zg@v2 <https://universe.roboflow.com/tatmantech/russian-license-plates-ec7zg>;CC-BY-4.0 (CC BY 4.0);day
images/real/roboflow_universe_tatmantech_russian-license-plates-ec7zg_v2/h334aa53_png.rf.7e868c8ccdb1a80ef95dc5d366a3d6e6.jpg;H334AA53;type1;196,256,261,178;196,256,457,256,457,434,196,434;1;0;roboflow_universe:tatmantech/russian-license-plates-ec7zg@v2 <https://universe.roboflow.com/tatmantech/russian-license-plates-ec7zg>;CC-BY-4.0 (CC BY 4.0);day
images/real/roboflow_universe_tatmantech_russian-license-plates-ec7zg_v2/h334aa53_png.rf.dd84019226e0daad492c6fb97db5861c.jpg;H334AA53;type1;193,252,248,78;193,252,442,252,442,330,193,330;1;0;roboflow_universe:tatmantech/russian-license-plates-ec7zg@v2 <https://universe.roboflow.com/tatmantech/russian-license-plates-ec7zg>;CC-BY-4.0 (CC BY 4.0);day,glare
images/real/roboflow_universe_tatmantech_russian-license-plates-ec7zg_v2/h544bm12_png.rf.419a77139c4bc2dc86391ba45fb68ab1.jpg;H544BM12;type1;8,194,608,182;8,194,616,194,616,376,8,376;1;0;roboflow_universe:tatmantech/russian-license-plates-ec7zg@v2 <https://universe.roboflow.com/tatmantech/russian-license-plates-ec7zg>;CC-BY-4.0 (CC BY 4.0);day
images/real/roboflow_universe_tatmantech_russian-license-plates-ec7zg_v2/h544bm12_png.rf.a7fb36ae0d1ff33cda2f72a031b543d0.jpg;H544BM12;type1;0,115,629,311;0,115,629,115,629,426,0,426;1;0;roboflow_universe:tatmantech/russian-license-plates-ec7zg@v2 <https://universe.roboflow.com/tatmantech/russian-license-plates-ec7zg>;CC-BY-4.0 (CC BY 4.0);day
images/real/roboflow_universe_tatmantech_russian-license-plates-ec7zg_v2/h544bm12_png.rf.de7fa72d3a0259a931bade7acb59fb4e.jpg;H544BM12;type1;15,194,614,235;15,194,630,194,630,429,15,429;1;0;roboflow_universe:tatmantech/russian-license-plates-ec7zg@v2 <https://universe.roboflow.com/tatmantech/russian-license-plates-ec7zg>;CC-BY-4.0 (CC BY 4.0);day
images/real/roboflow_universe_tatmantech_russian-license-plates-ec7zg_v2/h558ky799-h605ky799_png.rf.77b7fa75b0db50edbe9bf346d486dd7e.jpg;########;type1;527,500,108,88;527,500,635,500,635,587,527,587;1;0;roboflow_universe:tatmantech/russian-license-plates-ec7zg@v2 <https://universe.roboflow.com/tatmantech/russian-license-plates-ec7zg>;CC-BY-4.0 (CC BY 4.0);day,glare
images/real/roboflow_universe_tatmantech_russian-license-plates-ec7zg_v2/h558ky799-h605ky799_png.rf.77b7fa75b0db50edbe9bf346d486dd7e.jpg;########;type1;198,441,100,70;198,441,297,441,297,510,198,510;1;0;roboflow_universe:tatmantech/russian-license-plates-ec7zg@v2 <https://universe.roboflow.com/tatmantech/russian-license-plates-ec7zg>;CC-BY-4.0 (CC BY 4.0);day,glare
images/real/roboflow_universe_tatmantech_russian-license-plates-ec7zg_v2/h558ky799-h605ky799_png.rf.bf9b55d9706a255553c31deeb9fe9050.jpg;########;type1;528,498,103,78;528,498,631,498,631,576,528,576;1;0;roboflow_universe:tatmantech/russian-license-plates-ec7zg@v2 <https://universe.roboflow.com/tatmantech/russian-license-plates-ec7zg>;CC-BY-4.0 (CC BY 4.0);night
images/real/roboflow_universe_tatmantech_russian-license-plates-ec7zg_v2/h558ky799-h605ky799_png.rf.bf9b55d9706a255553c31deeb9fe9050.jpg;########;type1;194,427,97,60;194,427,291,427,291,487,194,487;1;0;roboflow_universe:tatmantech/russian-license-plates-ec7zg@v2 <https://universe.roboflow.com/tatmantech/russian-license-plates-ec7zg>;CC-BY-4.0 (CC BY 4.0);night
images/real/roboflow_universe_tatmantech_russian-license-plates-ec7zg_v2/h558ky799-h605ky799_png.rf.d5730561c81cd3537f6c36da90ad6a45.jpg;########;type1;443,447,88,58;443,447,531,447,531,505,443,505;1;0;roboflow_universe:tatmantech/russian-license-plates-ec7zg@v2 <https://universe.roboflow.com/tatmantech/russian-license-plates-ec7zg>;CC-BY-4.0 (CC BY 4.0);day
images/real/roboflow_universe_tatmantech_russian-license-plates-ec7zg_v2/h558ky799-h605ky799_png.rf.d5730561c81cd3537f6c36da90ad6a45.jpg;########;type1;116,402,86,41;116,402,202,402,202,442,116,442;1;0;roboflow_universe:tatmantech/russian-license-plates-ec7zg@v2 <https://universe.roboflow.com/tatmantech/russian-license-plates-ec7zg>;CC-BY-4.0 (CC BY 4.0);day
images/real/roboflow_universe_tatmantech_russian-license-plates-ec7zg_v2/h848bb125_png.rf.4f267c54b18238d6af267961560f4dfe.jpg;H848BB125;type1;14,54,626,576;14,54,640,54,640,630,14,630;1;0;roboflow_universe:tatmantech/russian-license-plates-ec7zg@v2 <https://universe.roboflow.com/tatmantech/russian-license-plates-ec7zg>;CC-BY-4.0 (CC BY 4.0);day,glare
images/real/roboflow_universe_tatmantech_russian-license-plates-ec7zg_v2/h848bb125_png.rf.6feeaa3b3ae491ef070b86b1ee6bea93.jpg;H848BB125;type1;23,74,608,438;23,74,631,74,631,512,23,512;1;0;roboflow_universe:tatmantech/russian-license-plates-ec7zg@v2 <https://universe.roboflow.com/tatmantech/russian-license-plates-ec7zg>;CC-BY-4.0 (CC BY 4.0);day
images/real/roboflow_universe_tatmantech_russian-license-plates-ec7zg_v2/h848bb125_png.rf.940db70b152d98778eaeffeb0dafa4be.jpg;H848BB125;type1;7,0,633,542;7,0,640,0,640,542,7,542;1;0;roboflow_universe:tatmantech/russian-license-plates-ec7zg@v2 <https://universe.roboflow.com/tatmantech/russian-license-plates-ec7zg>;CC-BY-4.0 (CC BY 4.0);day
images/real/roboflow_universe_tatmantech_russian-license-plates-ec7zg_v2/h924em178_png.rf.396d3ae72f4ad3263ab9b733333cd16b.jpg;H924EM178;type1;84,248,466,155;84,248,550,248,550,404,84,404;1;0;roboflow_universe:tatmantech/russian-license-plates-ec7zg@v2 <https://universe.roboflow.com/tatmantech/russian-license-plates-ec7zg>;CC-BY-4.0 (CC BY 4.0);day
images/real/roboflow_universe_tatmantech_russian-license-plates-ec7zg_v2/h924em178_png.rf.4acb8736bf9ac147c6aa96d1741621a5.jpg;H924EM178;type1;30,216,498,201;30,216,528,216,528,417,30,417;1;0;roboflow_universe:tatmantech/russian-license-plates-ec7zg@v2 <https://universe.roboflow.com/tatmantech/russian-license-plates-ec7zg>;CC-BY-4.0 (CC BY 4.0);night
images/real/roboflow_universe_tatmantech_russian-license-plates-ec7zg_v2/h924em178_png.rf.d5b17d55031daad6e19060f409f886a4.jpg;H924EM178;type1;104,237,491,185;104,237,595,237,595,422,104,422;1;0;roboflow_universe:tatmantech/russian-license-plates-ec7zg@v2 <https://universe.roboflow.com/tatmantech/russian-license-plates-ec7zg>;CC-BY-4.0 (CC BY 4.0);day,glare
images/real/roboflow_universe_tatmantech_russian-license-plates-ec7zg_v2/image_0_png.rf.683b001bc3c4d981322154ea220e8e9b.jpg;########;type1;18,161,622,455;18,161,640,161,640,616,18,616;1;0;roboflow_universe:tatmantech/russian-license-plates-ec7zg@v2 <https://universe.roboflow.com/tatmantech/russian-license-plates-ec7zg>;CC-BY-4.0 (CC BY 4.0);day
images/real/roboflow_universe_tatmantech_russian-license-plates-ec7zg_v2/image_0_png.rf.702eb0e17973b9ee0f55a8aa82aaa0b0.jpg;########;type1;0,217,550,246;0,217,550,217,550,462,0,462;1;0;roboflow_universe:tatmantech/russian-license-plates-ec7zg@v2 <https://universe.roboflow.com/tatmantech/russian-license-plates-ec7zg>;CC-BY-4.0 (CC BY 4.0);day
images/real/roboflow_universe_tatmantech_russian-license-plates-ec7zg_v2/image_1133_png.rf.02a92d998eb2419ca861609166463900.jpg;########;type1;0,0,640,640;0,0,640,0,640,640,0,640;1;0;roboflow_universe:tatmantech/russian-license-plates-ec7zg@v2 <https://universe.roboflow.com/tatmantech/russian-license-plates-ec7zg>;CC-BY-4.0 (CC BY 4.0);day,glare
images/real/roboflow_universe_tatmantech_russian-license-plates-ec7zg_v2/image_1133_png.rf.16b593965d650410f6d23855f5258793.jpg;########;type1;1,2,638,482;1,2,639,2,639,483,1,483;1;0;roboflow_universe:tatmantech/russian-license-plates-ec7zg@v2 <https://universe.roboflow.com/tatmantech/russian-license-plates-ec7zg>;CC-BY-4.0 (CC BY 4.0);day,glare
images/real/roboflow_universe_tatmantech_russian-license-plates-ec7zg_v2/image_1133_png.rf.91327b50e9789e9495f69e7dd4fc847c.jpg;########;type1;0,0,640,621;0,0,640,0,640,621,0,621;1;0;roboflow_universe:tatmantech/russian-license-plates-ec7zg@v2 <https://universe.roboflow.com/tatmantech/russian-license-plates-ec7zg>;CC-BY-4.0 (CC BY 4.0);day
images/real/roboflow_universe_tatmantech_russian-license-plates-ec7zg_v2/image_1151_png.rf.47a6ed44db336cf330c4fad5652decdd.jpg;########;type1;0,0,640,639;0,0,640,0,640,639,0,639;1;0;roboflow_universe:tatmantech/russian-license-plates-ec7zg@v2 <https://universe.roboflow.com/tatmantech/russian-license-plates-ec7zg>;CC-BY-4.0 (CC BY 4.0);day,glare
images/real/roboflow_universe_tatmantech_russian-license-plates-ec7zg_v2/image_1151_png.rf.8dd9f68a25313cc29b64b39821e68154.jpg;########;type1;1,7,638,478;1,7,639,7,639,485,1,485;1;0;roboflow_universe:tatmantech/russian-license-plates-ec7zg@v2 <https://universe.roboflow.com/tatmantech/russian-license-plates-ec7zg>;CC-BY-4.0 (CC BY 4.0);day,glare
images/real/roboflow_universe_tatmantech_russian-license-plates-ec7zg_v2/image_1151_png.rf.8f7b61ba54cd1b126e185b19f042e527.jpg;########;type1;2,7,638,482;2,7,640,7,640,489,2,489;1;0;roboflow_universe:tatmantech/russian-license-plates-ec7zg@v2 <https://universe.roboflow.com/tatmantech/russian-license-plates-ec7zg>;CC-BY-4.0 (CC BY 4.0);day
images/real/roboflow_universe_tatmantech_russian-license-plates-ec7zg_v2/image_1353_png.rf.46a1fe46dc2de5cd24416056689bd8c1.jpg;########;type1;337,307,102,73;337,307,439,307,439,380,337,380;1;0;roboflow_universe:tatmantech/russian-license-plates-ec7zg@v2 <https://universe.roboflow.com/tatmantech/russian-license-plates-ec7zg>;CC-BY-4.0 (CC BY 4.0);night
images/real/roboflow_universe_tatmantech_russian-license-plates-ec7zg_v2/image_1353_png.rf.c05d96317fb0bf282b0259b841777f95.jpg;########;type1;406,342,87,54;406,342,492,342,492,396,406,396;1;0;roboflow_universe:tatmantech/russian-license-plates-ec7zg@v2 <https://universe.roboflow.com/tatmantech/russian-license-plates-ec7zg>;CC-BY-4.0 (CC BY 4.0);day
images/real/roboflow_universe_tatmantech_russian-license-plates-ec7zg_v2/image_1353_png.rf.f9428ae758f00d8177583daed4e4347d.jpg;########;type1;401,298,93,67;401,298,494,298,494,365,401,365;1;0;roboflow_universe:tatmantech/russian-license-plates-ec7zg@v2 <https://universe.roboflow.com/tatmantech/russian-license-plates-ec7zg>;CC-BY-4.0 (CC BY 4.0);night
images/real/roboflow_universe_tatmantech_russian-license-plates-ec7zg_v2/image_233_png.rf.7bc07fcddaa55fe6c5e977edd59cc123.jpg;########;type1;459,282,84,48;459,282,543,282,543,330,459,330;1;0;roboflow_universe:tatmantech/russian-license-plates-ec7zg@v2 <https://universe.roboflow.com/tatmantech/russian-license-plates-ec7zg>;CC-BY-4.0 (CC BY 4.0);day,glare
images/real/roboflow_universe_tatmantech_russian-license-plates-ec7zg_v2/image_233_png.rf.b18dbdc5381ec3d6cd28c37a792c2872.jpg;########;type1;430,371,79,30;430,371,510,371,510,402,430,402;1;0;roboflow_universe:tatmantech/russian-license-plates-ec7zg@v2 <https://universe.roboflow.com/tatmantech/russian-license-plates-ec7zg>;CC-BY-4.0 (CC BY 4.0);day,glare
images/real/roboflow_universe_tatmantech_russian-license-plates-ec7zg_v2/image_233_png.rf.dd17663bdbd92e3b74b0b3789d0199e7.jpg;########;type1;477,438,84,47;477,438,561,438,561,485,477,485;1;0;roboflow_universe:tatmantech/russian-license-plates-ec7zg@v2 <https://universe.roboflow.com/tatmantech/russian-license-plates-ec7zg>;CC-BY-4.0 (CC BY 4.0);day,glare
images/real/roboflow_universe_tatmantech_russian-license-plates-ec7zg_v2/image_243_png.rf.34457c76f3d1b73bb496ca12262480a5.jpg;########;type1;110,481,50,42;110,481,160,481,160,523,110,523;1;0;roboflow_universe:tatmantech/russian-license-plates-ec7zg@v2 <https://universe.roboflow.com/tatmantech/russian-license-plates-ec7zg>;CC-BY-4.0 (CC BY 4.0);day,glare
images/real/roboflow_universe_tatmantech_russian-license-plates-ec7zg_v2/image_243_png.rf.348b54d5c0b0a2af05125815952e7b5a.jpg;########;type1;44,368,53,35;44,368,97,368,97,403,44,403;1;0;roboflow_universe:tatmantech/russian-license-plates-ec7zg@v2 <https://universe.roboflow.com/tatmantech/russian-license-plates-ec7zg>;CC-BY-4.0 (CC BY 4.0);day
images/real/roboflow_universe_tatmantech_russian-license-plates-ec7zg_v2/image_243_png.rf.6c6b42e2513018c33106e91209eaab25.jpg;########;type1;116,424,44,24;116,424,160,424,160,448,116,448;1;0;roboflow_universe:tatmantech/russian-license-plates-ec7zg@v2 <https://universe.roboflow.com/tatmantech/russian-license-plates-ec7zg>;CC-BY-4.0 (CC BY 4.0);day
images/real/roboflow_universe_tatmantech_russian-license-plates-ec7zg_v2/image_245_png.rf.287a85ba8abd724c2fac89866c3243ec.jpg;########;type1;97,326,85,75;97,326,182,326,182,401,97,401;1;0;roboflow_universe:tatmantech/russian-license-plates-ec7zg@v2 <https://universe.roboflow.com/tatmantech/russian-license-plates-ec7zg>;CC-BY-4.0 (CC BY 4.0);day
images/real/roboflow_universe_tatmantech_russian-license-plates-ec7zg_v2/image_245_png.rf.6b78c5b9258004f0312c3a88a1f26759.jpg;########;type1;113,381,77,59;113,381,190,381,190,440,113,440;1;0;roboflow_universe:tatmantech/russian-license-plates-ec7zg@v2 <https://universe.roboflow.com/tatmantech/russian-license-plates-ec7zg>;CC-BY-4.0 (CC BY 4.0);day,glare
images/real/roboflow_universe_tatmantech_russian-license-plates-ec7zg_v2/image_245_png.rf.be3a6a1ecb2f8dc9f1f32f0d94795b55.jpg;########;type1;82,402,66,53;82,402,148,402,148,456,82,456;1;0;roboflow_universe:tatmantech/russian-license-plates-ec7zg@v2 <https://universe.roboflow.com/tatmantech/russian-license-plates-ec7zg>;CC-BY-4.0 (CC BY 4.0);day
images/real/roboflow_universe_tatmantech_russian-license-plates-ec7zg_v2/image_26_png.rf.628d477a192595fc26545eb9c6837ebe.jpg;########;type1;36,209,497,236;36,209,533,209,533,445,36,445;1;0;roboflow_universe:tatmantech/russian-license-plates-ec7zg@v2 <https://universe.roboflow.com/tatmantech/russian-license-plates-ec7zg>;CC-BY-4.0 (CC BY 4.0);day
images/real/roboflow_universe_tatmantech_russian-license-plates-ec7zg_v2/image_26_png.rf.bc33a717df8d9a6bde0c753b8726d060.jpg;########;type1;17,110,525,353;17,110,542,110,542,462,17,462;1;0;roboflow_universe:tatmantech/russian-license-plates-ec7zg@v2 <https://universe.roboflow.com/tatmantech/russian-license-plates-ec7zg>;CC-BY-4.0 (CC BY 4.0);day,glare
images/real/roboflow_universe_tatmantech_russian-license-plates-ec7zg_v2/image_26_png.rf.ee7f9b9e459e18653a33a8e9b6473c89.jpg;########;type1;95,227,454,192;95,227,549,227,549,419,95,419;1;0;roboflow_universe:tatmantech/russian-license-plates-ec7zg@v2 <https://universe.roboflow.com/tatmantech/russian-license-plates-ec7zg>;CC-BY-4.0 (CC BY 4.0);day
images/real/roboflow_universe_tatmantech_russian-license-plates-ec7zg_v2/k060be46_png.rf.2a0ac384f2d222a695ac46bb3caf4124.jpg;K060BE46;type1;0,211,554,429;0,211,554,211,554,640,0,640;1;0;roboflow_universe:tatmantech/russian-license-plates-ec7zg@v2 <https://universe.roboflow.com/tatmantech/russian-license-plates-ec7zg>;CC-BY-4.0 (CC BY 4.0);day
images/real/roboflow_universe_tatmantech_russian-license-plates-ec7zg_v2/k060be46_png.rf.32558cee9721a08ca5746bfa6291bc70.jpg;K060BE46;type1;38,250,597,292;38,250,635,250,635,542,38,542;1;0;roboflow_universe:tatmantech/russian-license-plates-ec7zg@v2 <https://universe.roboflow.com/tatmantech/russian-license-plates-ec7zg>;CC-BY-4.0 (CC BY 4.0);day
images/real/roboflow_universe_tatmantech_russian-license-plates-ec7zg_v2/k060be46_png.rf.e2ed7bd3fab5c387ecb3ab4a27004c3d.jpg;K060BE46;type1;1,266,552,195;1,266,552,266,552,462,1,462;1;0;roboflow_universe:tatmantech/russian-license-plates-ec7zg@v2 <https://universe.roboflow.com/tatmantech/russian-license-plates-ec7zg>;CC-BY-4.0 (CC BY 4.0);day,glare
images/real/roboflow_universe_tatmantech_russian-license-plates-ec7zg_v2/k643et10_png.rf.43bcde82c11159d9fdca22990802dc9e.jpg;K643ET10;type1;0,297,96,88;0,297,96,297,96,385,0,385;1;0;roboflow_universe:tatmantech/russian-license-plates-ec7zg@v2 <https://universe.roboflow.com/tatmantech/russian-license-plates-ec7zg>;CC-BY-4.0 (CC BY 4.0);day
images/real/roboflow_universe_tatmantech_russian-license-plates-ec7zg_v2/k643et10_png.rf.7b4c0cda87ddccb99a4942fd82b43d9c.jpg;K643ET10;type1;36,371,83,62;36,371,118,371,118,433,36,433;1;0;roboflow_universe:tatmantech/russian-license-plates-ec7zg@v2 <https://universe.roboflow.com/tatmantech/russian-license-plates-ec7zg>;CC-BY-4.0 (CC BY 4.0);day
images/real/roboflow_universe_tatmantech_russian-license-plates-ec7zg_v2/k643et10_png.rf.c762030e65a7897881fc5ceec59b4107.jpg;K643ET10;type1;60,364,91,82;60,364,151,364,151,446,60,446;1;0;roboflow_universe:tatmantech/russian-license-plates-ec7zg@v2 <https://universe.roboflow.com/tatmantech/russian-license-plates-ec7zg>;CC-BY-4.0 (CC BY 4.0);day,glare
images/real/roboflow_universe_tatmantech_russian-license-plates-ec7zg_v2/legend_png.rf.570a74bad9a107925520fb1a27c85246.jpg;########;type1;53,94,367,210;53,94,420,94,420,304,53,304;1;0;roboflow_universe:tatmantech/russian-license-plates-ec7zg@v2 <https://universe.roboflow.com/tatmantech/russian-license-plates-ec7zg>;CC-BY-4.0 (CC BY 4.0);day
images/real/roboflow_universe_tatmantech_russian-license-plates-ec7zg_v2/legend_png.rf.570a74bad9a107925520fb1a27c85246.jpg;########;type1;27,204,368,209;27,204,395,204,395,414,27,414;1;0;roboflow_universe:tatmantech/russian-license-plates-ec7zg@v2 <https://universe.roboflow.com/tatmantech/russian-license-plates-ec7zg>;CC-BY-4.0 (CC BY 4.0);day
images/real/roboflow_universe_tatmantech_russian-license-plates-ec7zg_v2/legend_png.rf.570a74bad9a107925520fb1a27c85246.jpg;########;type1;15,280,370,213;15,280,385,280,385,493,15,493;1;0;roboflow_universe:tatmantech/russian-license-plates-ec7zg@v2 <https://universe.roboflow.com/tatmantech/russian-license-plates-ec7zg>;CC-BY-4.0 (CC BY 4.0);day
images/real/roboflow_universe_tatmantech_russian-license-plates-ec7zg_v2/legend_png.rf.570a74bad9a107925520fb1a27c85246.jpg;########;type1;19,361,350,206;19,361,369,361,369,567,19,567;1;0;roboflow_universe:tatmantech/russian-license-plates-ec7zg@v2 <https://universe.roboflow.com/tatmantech/russian-license-plates-ec7zg>;CC-BY-4.0 (CC BY 4.0);day
images/real/roboflow_universe_tatmantech_russian-license-plates-ec7zg_v2/legend_png.rf.570a74bad9a107925520fb1a27c85246.jpg;########;type1;23,437,334,203;23,437,357,437,357,640,23,640;1;0;roboflow_universe:tatmantech/russian-license-plates-ec7zg@v2 <https://universe.roboflow.com/tatmantech/russian-license-plates-ec7zg>;CC-BY-4.0 (CC BY 4.0);day
images/real/roboflow_universe_tatmantech_russian-license-plates-ec7zg_v2/legend_png.rf.570a74bad9a107925520fb1a27c85246.jpg;########;type1;415,196,225,213;415,196,640,196,640,409,415,409;1;0;roboflow_universe:tatmantech/russian-license-plates-ec7zg@v2 <https://universe.roboflow.com/tatmantech/russian-license-plates-ec7zg>;CC-BY-4.0 (CC BY 4.0);day
images/real/roboflow_universe_tatmantech_russian-license-plates-ec7zg_v2/legend_png.rf.cde3ba3a9d3f8ece8f3525a00fd4f30d.jpg;########;type1;18,150,352,69;18,150,370,150,370,218,18,218;1;0;roboflow_universe:tatmantech/russian-license-plates-ec7zg@v2 <https://universe.roboflow.com/tatmantech/russian-license-plates-ec7zg>;CC-BY-4.0 (CC BY 4.0);day,glare
images/real/roboflow_universe_tatmantech_russian-license-plates-ec7zg_v2/legend_png.rf.cde3ba3a9d3f8ece8f3525a00fd4f30d.jpg;########;type1b;13,270,354,68;13,270,366,270,366,338,13,338;1;0;roboflow_universe:tatmantech/russian-license-plates-ec7zg@v2 <https://universe.roboflow.com/tatmantech/russian-license-plates-ec7zg>;CC-BY-4.0 (CC BY 4.0);day,glare
images/real/roboflow_universe_tatmantech_russian-license-plates-ec7zg_v2/legend_png.rf.cde3ba3a9d3f8ece8f3525a00fd4f30d.jpg;########;type1;16,349,355,70;16,349,370,349,370,420,16,420;1;0;roboflow_universe:tatmantech/russian-license-plates-ec7zg@v2 <https://universe.roboflow.com/tatmantech/russian-license-plates-ec7zg>;CC-BY-4.0 (CC BY 4.0);day,glare
images/real/roboflow_universe_tatmantech_russian-license-plates-ec7zg_v2/legend_png.rf.cde3ba3a9d3f8ece8f3525a00fd4f30d.jpg;########;type1;14,433,356,68;14,433,369,433,369,501,14,501;1;0;roboflow_universe:tatmantech/russian-license-plates-ec7zg@v2 <https://universe.roboflow.com/tatmantech/russian-license-plates-ec7zg>;CC-BY-4.0 (CC BY 4.0);day,glare
images/real/roboflow_universe_tatmantech_russian-license-plates-ec7zg_v2/legend_png.rf.cde3ba3a9d3f8ece8f3525a00fd4f30d.jpg;########;type1;14,511,356,68;14,511,370,511,370,580,14,580;1;0;roboflow_universe:tatmantech/russian-license-plates-ec7zg@v2 <https://universe.roboflow.com/tatmantech/russian-license-plates-ec7zg>;CC-BY-4.0 (CC BY 4.0);day,glare
images/real/roboflow_universe_tatmantech_russian-license-plates-ec7zg_v2/legend_png.rf.cde3ba3a9d3f8ece8f3525a00fd4f30d.jpg;########;type1;391,102,202,131;391,102,593,102,593,234,391,234;1;0;roboflow_universe:tatmantech/russian-license-plates-ec7zg@v2 <https://universe.roboflow.com/tatmantech/russian-license-plates-ec7zg>;CC-BY-4.0 (CC BY 4.0);day,glare
images/real/roboflow_universe_tatmantech_russian-license-plates-ec7zg_v2/legend_png.rf.f50182510cf90d18e9a9161a06973938.jpg;########;type1;57,76,377,154;57,76,434,76,434,230,57,230;1;0;roboflow_universe:tatmantech/russian-license-plates-ec7zg@v2 <https://universe.roboflow.com/tatmantech/russian-license-plates-ec7zg>;CC-BY-4.0 (CC BY 4.0);day,glare
images/real/roboflow_universe_tatmantech_russian-license-plates-ec7zg_v2/legend_png.rf.f50182510cf90d18e9a9161a06973938.jpg;########;type1;43,193,378,153;43,193,421,193,421,346,43,346;1;0;roboflow_universe:tatmantech/russian-license-plates-ec7zg@v2 <https://universe.roboflow.com/tatmantech/russian-license-plates-ec7zg>;CC-BY-4.0 (CC BY 4.0);day,glare
images/real/roboflow_universe_tatmantech_russian-license-plates-ec7zg_v2/legend_png.rf.f50182510cf90d18e9a9161a06973938.jpg;########;type1;38,272,380,156;38,272,419,272,419,428,38,428;1;0;roboflow_universe:tatmantech/russian-license-plates-ec7zg@v2 <https://universe.roboflow.com/tatmantech/russian-license-plates-ec7zg>;CC-BY-4.0 (CC BY 4.0);day,glare
images/real/roboflow_universe_tatmantech_russian-license-plates-ec7zg_v2/legend_png.rf.f50182510cf90d18e9a9161a06973938.jpg;########;type1;47,355,362,152;47,355,409,355,409,507,47,507;1;0;roboflow_universe:tatmantech/russian-license-plates-ec7zg@v2 <https://universe.roboflow.com/tatmantech/russian-license-plates-ec7zg>;CC-BY-4.0 (CC BY 4.0);day,glare
images/real/roboflow_universe_tatmantech_russian-license-plates-ec7zg_v2/legend_png.rf.f50182510cf90d18e9a9161a06973938.jpg;########;type1;57,432,347,152;57,432,404,432,404,584,57,584;1;0;roboflow_universe:tatmantech/russian-license-plates-ec7zg@v2 <https://universe.roboflow.com/tatmantech/russian-license-plates-ec7zg>;CC-BY-4.0 (CC BY 4.0);day,glare
images/real/roboflow_universe_tatmantech_russian-license-plates-ec7zg_v2/legend_png.rf.f50182510cf90d18e9a9161a06973938.jpg;########;type1;424,100,216,178;424,100,640,100,640,278,424,278;1;0;roboflow_universe:tatmantech/russian-license-plates-ec7zg@v2 <https://universe.roboflow.com/tatmantech/russian-license-plates-ec7zg>;CC-BY-4.0 (CC BY 4.0);day,glare
images/real/roboflow_universe_tatmantech_russian-license-plates-ec7zg_v2/m157op10_png.rf.bdfa0e85ac521bc1c8ac23fb0442b83a.jpg;M157OP10;type1;154,404,198,95;154,404,352,404,352,499,154,499;1;0;roboflow_universe:tatmantech/russian-license-plates-ec7zg@v2 <https://universe.roboflow.com/tatmantech/russian-license-plates-ec7zg>;CC-BY-4.0 (CC BY 4.0);day
images/real/roboflow_universe_tatmantech_russian-license-plates-ec7zg_v2/m157op10_png.rf.f93029706fab4721b70c7d5a733efb4e.jpg;M157OP10;type1;152,421,190,68;152,421,342,421,342,489,152,489;1;0;roboflow_universe:tatmantech/russian-license-plates-ec7zg@v2 <https://universe.roboflow.com/tatmantech/russian-license-plates-ec7zg>;CC-BY-4.0 (CC BY 4.0);day,glare
images/real/roboflow_universe_tatmantech_russian-license-plates-ec7zg_v2/m157op10_png.rf.fb5867ef0d1fe93e11b01a1f5078e65b.jpg;M157OP10;type1;78,351,205,116;78,351,284,351,284,467,78,467;1;0;roboflow_universe:tatmantech/russian-license-plates-ec7zg@v2 <https://universe.roboflow.com/tatmantech/russian-license-plates-ec7zg>;CC-BY-4.0 (CC BY 4.0);day
images/real/roboflow_universe_tatmantech_russian-license-plates-ec7zg_v2/m247ae77_png.rf.70881b27ee22ed50374d4527d5f82924.jpg;M247AE77;type1;1,0,639,613;1,0,640,0,640,613,1,613;1;0;roboflow_universe:tatmantech/russian-license-plates-ec7zg@v2 <https://universe.roboflow.com/tatmantech/russian-license-plates-ec7zg>;CC-BY-4.0 (CC BY 4.0);day,glare
images/real/roboflow_universe_tatmantech_russian-license-plates-ec7zg_v2/m247ae77_png.rf.749529f6cb318012984b8403ba0014e5.jpg;M247AE77;type1;0,0,634,591;0,0,634,0,634,591,0,591;1;0;roboflow_universe:tatmantech/russian-license-plates-ec7zg@v2 <https://universe.roboflow.com/tatmantech/russian-license-plates-ec7zg>;CC-BY-4.0 (CC BY 4.0);day,glare
images/real/roboflow_universe_tatmantech_russian-license-plates-ec7zg_v2/m247ae77_png.rf.caf7450d46421bcbd18c342f15166a77.jpg;M247AE77;type1;4,39,634,548;4,39,638,39,638,586,4,586;1;0;roboflow_universe:tatmantech/russian-license-plates-ec7zg@v2 <https://universe.roboflow.com/tatmantech/russian-license-plates-ec7zg>;CC-BY-4.0 (CC BY 4.0);day,glare
images/real/roboflow_universe_tatmantech_russian-license-plates-ec7zg_v2/m441et51_jpg.rf.5c7a9d4726fa31db6f8788472a4ef697.jpg;M441ET51;type1;526,414,114,117;526,414,640,414,640,531,526,531;1;0;roboflow_universe:tatmantech/russian-license-plates-ec7zg@v2 <https://universe.roboflow.com/tatmantech/russian-license-plates-ec7zg>;CC-BY-4.0 (CC BY 4.0);night
images/real/roboflow_universe_tatmantech_russian-license-plates-ec7zg_v2/m441et51_jpg.rf.bcc520c840adfe96456b061a716b22ca.jpg;M441ET51;type1;446,443,125,104;446,443,571,443,571,548,446,548;1;0;roboflow_universe:tatmantech/russian-license-plates-ec7zg@v2 <https://universe.roboflow.com/tatmantech/russian-license-plates-ec7zg>;CC-BY-4.0 (CC BY 4.0);day,glare
images/real/roboflow_universe_tatmantech_russian-license-plates-ec7zg_v2/m976mm34_png.rf.5b508f0ece55eaac232e81fd702e4301.jpg;M976MM34;type1;87,252,504,358;87,252,591,252,591,610,87,610;1;0;roboflow_universe:tatmantech/russian-license-plates-ec7zg@v2 <https://universe.roboflow.com/tatmantech/russian-license-plates-ec7zg>;CC-BY-4.0 (CC BY 4.0);day,glare
images/real/roboflow_universe_tatmantech_russian-license-plates-ec7zg_v2/m976mm34_png.rf.c433978bf24e8f1d3ef99cc9005b3c47.jpg;M976MM34;type1;92,141,527,463;92,141,619,141,619,604,92,604;1;0;roboflow_universe:tatmantech/russian-license-plates-ec7zg@v2 <https://universe.roboflow.com/tatmantech/russian-license-plates-ec7zg>;CC-BY-4.0 (CC BY 4.0);day,glare
images/real/roboflow_universe_tatmantech_russian-license-plates-ec7zg_v2/m976mm34_png.rf.c748d3964c4ef87310598589ccc5460a.jpg;M976MM34;type1;95,254,523,386;95,254,617,254,617,640,95,640;1;0;roboflow_universe:tatmantech/russian-license-plates-ec7zg@v2 <https://universe.roboflow.com/tatmantech/russian-license-plates-ec7zg>;CC-BY-4.0 (CC BY 4.0);day
images/real/roboflow_universe_tatmantech_russian-license-plates-ec7zg_v2/mh777ah11_png.rf.51d284ffa30ac165f645daa9c173c7a0.jpg;########;type1;113,413,94,74;113,413,207,413,207,487,113,487;1;0;roboflow_universe:tatmantech/russian-license-plates-ec7zg@v2 <https://universe.roboflow.com/tatmantech/russian-license-plates-ec7zg>;CC-BY-4.0 (CC BY 4.0);night
images/real/roboflow_universe_tatmantech_russian-license-plates-ec7zg_v2/mh777ah11_png.rf.5db25c43208ec21dd84c975433b3c6cb.jpg;########;type1;271,487,106,80;271,487,377,487,377,568,271,568;1;0;roboflow_universe:tatmantech/russian-license-plates-ec7zg@v2 <https://universe.roboflow.com/tatmantech/russian-license-plates-ec7zg>;CC-BY-4.0 (CC BY 4.0);day
images/real/roboflow_universe_tatmantech_russian-license-plates-ec7zg_v2/mh777ah11_png.rf.ac6cea1015b11d0cfaea1b30173a78ea.jpg;########;type1;158,458,83,54;158,458,242,458,242,512,158,512;1;0;roboflow_universe:tatmantech/russian-license-plates-ec7zg@v2 <https://universe.roboflow.com/tatmantech/russian-license-plates-ec7zg>;CC-BY-4.0 (CC BY 4.0);day
images/real/roboflow_universe_tatmantech_russian-license-plates-ec7zg_v2/mix_8_png.rf.766a0b37b9fbbba68abdbbf96e781618.jpg;########;type1;235,207,182,373;235,207,417,207,417,580,235,580;1;0;roboflow_universe:tatmantech/russian-license-plates-ec7zg@v2 <https://universe.roboflow.com/tatmantech/russian-license-plates-ec7zg>;CC-BY-4.0 (CC BY 4.0);day
images/real/roboflow_universe_tatmantech_russian-license-plates-ec7zg_v2/mix_8_png.rf.766a0b37b9fbbba68abdbbf96e781618.jpg;########;type1;105,283,165,357;105,283,270,283,270,640,105,640;1;0;roboflow_universe:tatmantech/russian-license-plates-ec7zg@v2 <https://universe.roboflow.com/tatmantech/russian-license-plates-ec7zg>;CC-BY-4.0 (CC BY 4.0);day
images/real/roboflow_universe_tatmantech_russian-license-plates-ec7zg_v2/mix_8_png.rf.766a0b37b9fbbba68abdbbf96e781618.jpg;########;type1;454,206,166,377;454,206,620,206,620,583,454,583;1;0;roboflow_universe:tatmantech/russian-license-plates-ec7zg@v2 <https://universe.roboflow.com/tatmantech/russian-license-plates-ec7zg>;CC-BY-4.0 (CC BY 4.0);day
images/real/roboflow_universe_tatmantech_russian-license-plates-ec7zg_v2/mix_8_png.rf.766a0b37b9fbbba68abdbbf96e781618.jpg;########;type1;148,251,169,358;148,251,317,251,317,609,148,609;1;0;roboflow_universe:tatmantech/russian-license-plates-ec7zg@v2 <https://universe.roboflow.com/tatmantech/russian-license-plates-ec7zg>;CC-BY-4.0 (CC BY 4.0);day
images/real/roboflow_universe_tatmantech_russian-license-plates-ec7zg_v2/mix_8_png.rf.766a0b37b9fbbba68abdbbf96e781618.jpg;########;type1;385,243,169,367;385,243,555,243,555,610,385,610;1;0;roboflow_universe:tatmantech/russian-license-plates-ec7zg@v2 <https://universe.roboflow.com/tatmantech/russian-license-plates-ec7zg>;CC-BY-4.0 (CC BY 4.0);day
images/real/roboflow_universe_tatmantech_russian-license-plates-ec7zg_v2/mix_8_png.rf.766a0b37b9fbbba68abdbbf96e781618.jpg;########;type1;27,278,200,357;27,278,228,278,228,634,27,634;1;0;roboflow_universe:tatmantech/russian-license-plates-ec7zg@v2 <https://universe.roboflow.com/tatmantech/russian-license-plates-ec7zg>;CC-BY-4.0 (CC BY 4.0);day
images/real/roboflow_universe_tatmantech_russian-license-plates-ec7zg_v2/mix_8_png.rf.766a0b37b9fbbba68abdbbf96e781618.jpg;########;type1;325,259,141,366;325,259,466,259,466,625,325,625;1;0;roboflow_universe:tatmantech/russian-license-plates-ec7zg@v2 <https://universe.roboflow.com/tatmantech/russian-license-plates-ec7zg>;CC-BY-4.0 (CC BY 4.0);day
images/real/roboflow_universe_tatmantech_russian-license-plates-ec7zg_v2/mix_8_png.rf.766a0b37b9fbbba68abdbbf96e781618.jpg;########;type1;16,316,113,290;16,316,129,316,129,606,16,606;1;0;roboflow_universe:tatmantech/russian-license-plates-ec7zg@v2 <https://universe.roboflow.com/tatmantech/russian-license-plates-ec7zg>;CC-BY-4.0 (CC BY 4.0);day
images/real/roboflow_universe_tatmantech_russian-license-plates-ec7zg_v2/mix_8_png.rf.766a0b37b9fbbba68abdbbf96e781618.jpg;########;type1;0,338,51,158;0,338,51,338,51,496,0,496;1;0;roboflow_universe:tatmantech/russian-license-plates-ec7zg@v2 <https://universe.roboflow.com/tatmantech/russian-license-plates-ec7zg>;CC-BY-4.0 (CC BY 4.0);day
images/real/roboflow_universe_tatmantech_russian-license-plates-ec7zg_v2/mix_8_png.rf.766a0b37b9fbbba68abdbbf96e781618.jpg;########;type1;9,433,78,145;9,433,88,433,88,578,9,578;1;0;roboflow_universe:tatmantech/russian-license-plates-ec7zg@v2 <https://universe.roboflow.com/tatmantech/russian-license-plates-ec7zg>;CC-BY-4.0 (CC BY 4.0);day
images/real/roboflow_universe_tatmantech_russian-license-plates-ec7zg_v2/mix_8_png.rf.766a0b37b9fbbba68abdbbf96e781618.jpg;########;type1;0,329,14,100;0,329,14,329,14,429,0,429;1;0;roboflow_universe:tatmantech/russian-license-plates-ec7zg@v2 <https://universe.roboflow.com/tatmantech/russian-license-plates-ec7zg>;CC-BY-4.0 (CC BY 4.0);day
images/real/roboflow_universe_tatmantech_russian-license-plates-ec7zg_v2/mix_8_png.rf.a1679f03a8a2f93899c96054a0492a93.jpg;########;type1;320,156,183,385;320,156,503,156,503,541,320,541;1;0;roboflow_universe:tatmantech/russian-license-plates-ec7zg@v2 <https://universe.roboflow.com/tatmantech/russian-license-plates-ec7zg>;CC-BY-4.0 (CC BY 4.0);day
images/real/roboflow_universe_tatmantech_russian-license-plates-ec7zg_v2/mix_8_png.rf.a1679f03a8a2f93899c96054a0492a93.jpg;########;type1;188,216,167,381;188,216,356,216,356,597,188,597;1;0;roboflow_universe:tatmantech/russian-license-plates-ec7zg@v2 <https://universe.roboflow.com/tatmantech/russian-license-plates-ec7zg>;CC-BY-4.0 (CC BY 4.0);day
images/real/roboflow_universe_tatmantech_russian-license-plates-ec7zg_v2/mix_8_png.rf.a1679f03a8a2f93899c96054a0492a93.jpg;########;type1;541,182,99,389;541,182,640,182,640,570,541,570;1;0;roboflow_universe:tatmantech/russian-license-plates-ec7zg@v2 <https://universe.roboflow.com/tatmantech/russian-license-plates-ec7zg>;CC-BY-4.0 (CC BY 4.0);day
images/real/roboflow_universe_tatmantech_russian-license-plates-ec7zg_v2/mix_8_png.rf.a1679f03a8a2f93899c96054a0492a93.jpg;########;type1;232,189,171,370;232,189,403,189,403,559,232,559;1;0;roboflow_universe:tatmantech/russian-license-plates-ec7zg@v2 <https://universe.roboflow.com/tatmantech/russian-license-plates-ec7zg>;CC-BY-4.0 (CC BY 4.0);day
images/real/roboflow_universe_tatmantech_russian-license-plates-ec7zg_v2/mix_8_png.rf.a1679f03a8a2f93899c96054a0492a93.jpg;########;type1;470,209,170,371;470,209,640,209,640,581,470,581;1;0;roboflow_universe:tatmantech/russian-license-plates-ec7zg@v2 <https://universe.roboflow.com/tatmantech/russian-license-plates-ec7zg>;CC-BY-4.0 (CC BY 4.0);day
images/real/roboflow_universe_tatmantech_russian-license-plates-ec7zg_v2/mix_8_png.rf.a1679f03a8a2f93899c96054a0492a93.jpg;########;type1;110,203,202,370;110,203,312,203,312,573,110,573;1;0;roboflow_universe:tatmantech/russian-license-plates-ec7zg@v2 <https://universe.roboflow.com/tatmantech/russian-license-plates-ec7zg>;CC-BY-4.0 (CC BY 4.0);day
images/real/roboflow_universe_tatmantech_russian-license-plates-ec7zg_v2/mix_8_png.rf.a1679f03a8a2f93899c96054a0492a93.jpg;########;type1;410,218,142,371;410,218,552,218,552,589,410,589;1;0;roboflow_universe:tatmantech/russian-license-plates-ec7zg@v2 <https://universe.roboflow.com/tatmantech/russian-license-plates-ec7zg>;CC-BY-4.0 (CC BY 4.0);day
images/real/roboflow_universe_tatmantech_russian-license-plates-ec7zg_v2/mix_8_png.rf.a1679f03a8a2f93899c96054a0492a93.jpg;########;type1;98,236,114,299;98,236,212,236,212,535,98,535;1;0;roboflow_universe:tatmantech/russian-license-plates-ec7zg@v2 <https://universe.roboflow.com/tatmantech/russian-license-plates-ec7zg>;CC-BY-4.0 (CC BY 4.0);day
images/real/roboflow_universe_tatmantech_russian-license-plates-ec7zg_v2/mix_8_png.rf.a1679f03a8a2f93899c96054a0492a93.jpg;########;type1;44,250,90,163;44,250,134,250,134,413,44,413;1;0;roboflow_universe:tatmantech/russian-license-plates-ec7zg@v2 <https://universe.roboflow.com/tatmantech/russian-license-plates-ec7zg>;CC-BY-4.0 (CC BY 4.0);day
images/real/roboflow_universe_tatmantech_russian-license-plates-ec7zg_v2/mix_8_png.rf.a1679f03a8a2f93899c96054a0492a93.jpg;########;type1;91,353,79,150;91,353,170,353,170,502,91,502;1;0;roboflow_universe:tatmantech/russian-license-plates-ec7zg@v2 <https://universe.roboflow.com/tatmantech/russian-license-plates-ec7zg>;CC-BY-4.0 (CC BY 4.0);day
images/real/roboflow_universe_tatmantech_russian-license-plates-ec7zg_v2/mix_8_png.rf.a1679f03a8a2f93899c96054a0492a93.jpg;########;type1;42,240,57,104;42,240,99,240,99,344,42,344;1;0;roboflow_universe:tatmantech/russian-license-plates-ec7zg@v2 <https://universe.roboflow.com/tatmantech/russian-license-plates-ec7zg>;CC-BY-4.0 (CC BY 4.0);day
images/real/roboflow_universe_tatmantech_russian-license-plates-ec7zg_v2/mix_8_png.rf.f540b449d6569211ef8943a2a63bbc69.jpg;########;type1;310,213,83,362;310,213,394,213,394,574,310,574;1;0;roboflow_universe:tatmantech/russian-license-plates-ec7zg@v2 <https://universe.roboflow.com/tatmantech/russian-license-plates-ec7zg>;CC-BY-4.0 (CC BY 4.0);day,glare
images/real/roboflow_universe_tatmantech_russian-license-plates-ec7zg_v2/mix_8_png.rf.f540b449d6569211ef8943a2a63bbc69.jpg;########;type1;177,266,68,360;177,266,244,266,244,627,177,627;1;0;roboflow_universe:tatmantech/russian-license-plates-ec7zg@v2 <https://universe.roboflow.com/tatmantech/russian-license-plates-ec7zg>;CC-BY-4.0 (CC BY 4.0);day,glare
images/real/roboflow_universe_tatmantech_russian-license-plates-ec7zg_v2/mix_8_png.rf.f540b449d6569211ef8943a2a63bbc69.jpg;########;type1b;528,245,72,368;528,245,600,245,600,613,528,613;1;0;roboflow_universe:tatmantech/russian-license-plates-ec7zg@v2 <https://universe.roboflow.com/tatmantech/russian-license-plates-ec7zg>;CC-BY-4.0 (CC BY 4.0);day,glare
images/real/roboflow_universe_tatmantech_russian-license-plates-ec7zg_v2/mix_8_png.rf.f540b449d6569211ef8943a2a63bbc69.jpg;########;type1b;220,242,75,348;220,242,295,242,295,590,220,590;1;0;roboflow_universe:tatmantech/russian-license-plates-ec7zg@v2 <https://universe.roboflow.com/tatmantech/russian-license-plates-ec7zg>;CC-BY-4.0 (CC BY 4.0);day,glare
images/real/roboflow_universe_tatmantech_russian-license-plates-ec7zg_v2/mix_8_png.rf.f540b449d6569211ef8943a2a63bbc69.jpg;########;type1;456,270,72,358;456,270,528,270,528,628,456,628;1;0;roboflow_universe:tatmantech/russian-license-plates-ec7zg@v2 <https://universe.roboflow.com/tatmantech/russian-license-plates-ec7zg>;CC-BY-4.0 (CC BY 4.0);day,glare
images/real/roboflow_universe_tatmantech_russian-license-plates-ec7zg_v2/mix_8_png.rf.f540b449d6569211ef8943a2a63bbc69.jpg;########;type1;98,255,107,340;98,255,205,255,205,596,98,596;1;0;roboflow_universe:tatmantech/russian-license-plates-ec7zg@v2 <https://universe.roboflow.com/tatmantech/russian-license-plates-ec7zg>;CC-BY-4.0 (CC BY 4.0);day,glare
images/real/roboflow_universe_tatmantech_russian-license-plates-ec7zg_v2/mix_8_png.rf.f540b449d6569211ef8943a2a63bbc69.jpg;########;type1;396,272,43,362;396,272,439,272,439,635,396,635;1;0;roboflow_universe:tatmantech/russian-license-plates-ec7zg@v2 <https://universe.roboflow.com/tatmantech/russian-license-plates-ec7zg>;CC-BY-4.0 (CC BY 4.0);day,glare
images/real/roboflow_universe_tatmantech_russian-license-plates-ec7zg_v2/mix_8_png.rf.f540b449d6569211ef8943a2a63bbc69.jpg;########;type1;80,278,35,288;80,278,114,278,114,566,80,566;1;0;roboflow_universe:tatmantech/russian-license-plates-ec7zg@v2 <https://universe.roboflow.com/tatmantech/russian-license-plates-ec7zg>;CC-BY-4.0 (CC BY 4.0);day,glare
images/real/roboflow_universe_tatmantech_russian-license-plates-ec7zg_v2/mix_8_png.rf.f540b449d6569211ef8943a2a63bbc69.jpg;########;type1;0,293,60,148;0,293,60,293,60,441,0,441;1;0;roboflow_universe:tatmantech/russian-license-plates-ec7zg@v2 <https://universe.roboflow.com/tatmantech/russian-license-plates-ec7zg>;CC-BY-4.0 (CC BY 4.0);day,glare
images/real/roboflow_universe_tatmantech_russian-license-plates-ec7zg_v2/mix_8_png.rf.f540b449d6569211ef8943a2a63bbc69.jpg;########;type1;50,393,40,139;50,393,90,393,90,532,50,532;1;0;roboflow_universe:tatmantech/russian-license-plates-ec7zg@v2 <https://universe.roboflow.com/tatmantech/russian-license-plates-ec7zg>;CC-BY-4.0 (CC BY 4.0);day,glare
images/real/roboflow_universe_tatmantech_russian-license-plates-ec7zg_v2/mix_8_png.rf.f540b449d6569211ef8943a2a63bbc69.jpg;########;type1;0,279,34,94;0,279,34,279,34,374,0,374;1;0;roboflow_universe:tatmantech/russian-license-plates-ec7zg@v2 <https://universe.roboflow.com/tatmantech/russian-license-plates-ec7zg>;CC-BY-4.0 (CC BY 4.0);day,glare
images/real/roboflow_universe_tatmantech_russian-license-plates-ec7zg_v2/mix_9_png.rf.bd94d5e172ebe72c846279ee353fad13.jpg;########;type1;260,137,161,400;260,137,422,137,422,537,260,537;1;0;roboflow_universe:tatmantech/russian-license-plates-ec7zg@v2 <https://universe.roboflow.com/tatmantech/russian-license-plates-ec7zg>;CC-BY-4.0 (CC BY 4.0);day
images/real/roboflow_universe_tatmantech_russian-license-plates-ec7zg_v2/mix_9_png.rf.bd94d5e172ebe72c846279ee353fad13.jpg;########;type1;120,192,144,393;120,192,264,192,264,584,120,584;1;0;roboflow_universe:tatmantech/russian-license-plates-ec7zg@v2 <https://universe.roboflow.com/tatmantech/russian-license-plates-ec7zg>;CC-BY-4.0 (CC BY 4.0);day
images/real/roboflow_universe_tatmantech_russian-license-plates-ec7zg_v2/mix_9_png.rf.bd94d5e172ebe72c846279ee353fad13.jpg;########;type1;169,167,150,383;169,167,319,167,319,549,169,549;1;0;roboflow_universe:tatmantech/russian-license-plates-ec7zg@v2 <https://universe.roboflow.com/tatmantech/russian-license-plates-ec7zg>;CC-BY-4.0 (CC BY 4.0);day
images/real/roboflow_universe_tatmantech_russian-license-plates-ec7zg_v2/mix_9_png.rf.bd94d5e172ebe72c846279ee353fad13.jpg;########;type1;465,178,151,378;465,178,616,178,616,556,465,556;1;0;roboflow_universe:tatmantech/russian-license-plates-ec7zg@v2 <https://universe.roboflow.com/tatmantech/russian-license-plates-ec7zg>;CC-BY-4.0 (CC BY 4.0);day
images/real/roboflow_universe_tatmantech_russian-license-plates-ec7zg_v2/mix_9_png.rf.bd94d5e172ebe72c846279ee353fad13.jpg;########;type1;48,170,179,388;48,170,228,170,228,558,48,558;1;0;roboflow_universe:tatmantech/russian-license-plates-ec7zg@v2 <https://universe.roboflow.com/tatmantech/russian-license-plates-ec7zg>;CC-BY-4.0 (CC BY 4.0);day
images/real/roboflow_universe_tatmantech_russian-license-plates-ec7zg_v2/mix_9_png.rf.bd94d5e172ebe72c846279ee353fad13.jpg;########;type1;392,202,149,367;392,202,541,202,541,569,392,569;1;0;roboflow_universe:tatmantech/russian-license-plates-ec7zg@v2 <https://universe.roboflow.com/tatmantech/russian-license-plates-ec7zg>;CC-BY-4.0 (CC BY 4.0);day
images/real/roboflow_universe_tatmantech_russian-license-plates-ec7zg_v2/mix_9_png.rf.bd94d5e172ebe72c846279ee353fad13.jpg;########;type1;29,189,117,328;29,189,146,189,146,517,29,517;1;0;roboflow_universe:tatmantech/russian-license-plates-ec7zg@v2 <https://universe.roboflow.com/tatmantech/russian-license-plates-ec7zg>;CC-BY-4.0 (CC BY 4.0);day
images/real/roboflow_universe_tatmantech_russian-license-plates-ec7zg_v2/mix_9_png.rf.bd94d5e172ebe72c846279ee353fad13.jpg;########;type1;325,199,133,383;325,199,458,199,458,581,325,581;1;0;roboflow_universe:tatmantech/russian-license-plates-ec7zg@v2 <https://universe.roboflow.com/tatmantech/russian-license-plates-ec7zg>;CC-BY-4.0 (CC BY 4.0);day
images/real/roboflow_universe_tatmantech_russian-license-plates-ec7zg_v2/mix_9_png.rf.bd94d5e172ebe72c846279ee353fad13.jpg;########;type1;3,215,108,266;3,215,111,215,111,481,3,481;1;0;roboflow_universe:tatmantech/russian-license-plates-ec7zg@v2 <https://universe.roboflow.com/tatmantech/russian-license-plates-ec7zg>;CC-BY-4.0 (CC BY 4.0);day
images/real/roboflow_universe_tatmantech_russian-license-plates-ec7zg_v2/mix_9_png.rf.bd94d5e172ebe72c846279ee353fad13.jpg;########;type1;3,209,77,175;3,209,79,209,79,384,3,384;1;0;roboflow_universe:tatmantech/russian-license-plates-ec7zg@v2 <https://universe.roboflow.com/tatmantech/russian-license-plates-ec7zg>;CC-BY-4.0 (CC BY 4.0);day
images/real/roboflow_universe_tatmantech_russian-license-plates-ec7zg_v2/mix_9_png.rf.bd94d5e172ebe72c846279ee353fad13.jpg;########;type1;3,217,45,103;3,217,48,217,48,320,3,320;1;0;roboflow_universe:tatmantech/russian-license-plates-ec7zg@v2 <https://universe.roboflow.com/tatmantech/russian-license-plates-ec7zg>;CC-BY-4.0 (CC BY 4.0);day
images/real/roboflow_universe_tatmantech_russian-license-plates-ec7zg_v2/mix_9_png.rf.d687ea6373950105217d435450bc7b24.jpg;########;type1;295,181,149,377;295,181,444,181,444,558,295,558;1;0;roboflow_universe:tatmantech/russian-license-plates-ec7zg@v2 <https://universe.roboflow.com/tatmantech/russian-license-plates-ec7zg>;CC-BY-4.0 (CC BY 4.0);day
images/real/roboflow_universe_tatmantech_russian-license-plates-ec7zg_v2/mix_9_png.rf.d687ea6373950105217d435450bc7b24.jpg;########;type1;173,267,133,365;173,267,306,267,306,632,173,632;1;0;roboflow_universe:tatmantech/russian-license-plates-ec7zg@v2 <https://universe.roboflow.com/tatmantech/russian-license-plates-ec7zg>;CC-BY-4.0 (CC BY 4.0);day
images/real/roboflow_universe_tatmantech_russian-license-plates-ec7zg_v2/mix_9_png.rf.d687ea6373950105217d435450bc7b24.jpg;########;type1;211,232,138,362;211,232,350,232,350,594,211,594;1;0;roboflow_universe:tatmantech/russian-license-plates-ec7zg@v2 <https://universe.roboflow.com/tatmantech/russian-license-plates-ec7zg>;CC-BY-4.0 (CC BY 4.0);day
images/real/roboflow_universe_tatmantech_russian-license-plates-ec7zg_v2/mix_9_png.rf.d687ea6373950105217d435450bc7b24.jpg;########;type1;514,167,126,383;514,167,640,167,640,550,514,550;1;0;roboflow_universe:tatmantech/russian-license-plates-ec7zg@v2 <https://universe.roboflow.com/tatmantech/russian-license-plates-ec7zg>;CC-BY-4.0 (CC BY 4.0);day
images/real/roboflow_universe_tatmantech_russian-license-plates-ec7zg_v2/mix_9_png.rf.d687ea6373950105217d435450bc7b24.jpg;########;type1;94,264,168,362;94,264,262,264,262,626,94,626;1;0;roboflow_universe:tatmantech/russian-license-plates-ec7zg@v2 <https://universe.roboflow.com/tatmantech/russian-license-plates-ec7zg>;CC-BY-4.0 (CC BY 4.0);day
images/real/roboflow_universe_tatmantech_russian-license-plates-ec7zg_v2/mix_9_png.rf.d687ea6373950105217d435450bc7b24.jpg;########;type1;448,208,137,371;448,208,585,208,585,579,448,579;1;0;roboflow_universe:tatmantech/russian-license-plates-ec7zg@v2 <https://universe.roboflow.com/tatmantech/russian-license-plates-ec7zg>;CC-BY-4.0 (CC BY 4.0);day
images/real/roboflow_universe_tatmantech_russian-license-plates-ec7zg_v2/mix_9_png.rf.d687ea6373950105217d435450bc7b24.jpg;########;type1;70,291,107,313;70,291,177,291,177,604,70,604;1;0;roboflow_universe:tatmantech/russian-license-plates-ec7zg@v2 <https://universe.roboflow.com/tatmantech/russian-license-plates-ec7zg>;CC-BY-4.0 (CC BY 4.0);day
images/real/roboflow_universe_tatmantech_russian-license-plates-ec7zg_v2/mix_9_png.rf.d687ea6373950105217d435450bc7b24.jpg;########;type1;383,222,120,382;383,222,503,222,503,604,383,604;1;0;roboflow_universe:tatmantech/russian-license-plates-ec7zg@v2 <https://universe.roboflow.com/tatmantech/russian-license-plates-ec7zg>;CC-BY-4.0 (CC BY 4.0);day
images/real/roboflow_universe_tatmantech_russian-license-plates-ec7zg_v2/mix_9_png.rf.d687ea6373950105217d435450bc7b24.jpg;########;type1;5,333,138,252;5,333,143,333,143,585,5,585;1;0;roboflow_universe:tatmantech/russian-license-plates-ec7zg@v2 <https://universe.roboflow.com/tatmantech/russian-license-plates-ec7zg>;CC-BY-4.0 (CC BY 4.0);day
images/real/roboflow_universe_tatmantech_russian-license-plates-ec7zg_v2/mix_9_png.rf.d687ea6373950105217d435450bc7b24.jpg;########;type1;4,330,89,164;4,330,93,330,93,494,4,494;1;0;roboflow_universe:tatmantech/russian-license-plates-ec7zg@v2 <https://universe.roboflow.com/tatmantech/russian-license-plates-ec7zg>;CC-BY-4.0 (CC BY 4.0);day
images/real/roboflow_universe_tatmantech_russian-license-plates-ec7zg_v2/mix_9_png.rf.d687ea6373950105217d435450bc7b24.jpg;########;type1;5,339,47,97;5,339,52,339,52,436,5,436;1;0;roboflow_universe:tatmantech/russian-license-plates-ec7zg@v2 <https://universe.roboflow.com/tatmantech/russian-license-plates-ec7zg>;CC-BY-4.0 (CC BY 4.0);day
images/real/roboflow_universe_tatmantech_russian-license-plates-ec7zg_v2/mixed_1_png.rf.2e6be56ca1dc05645675866d5693d9db.jpg;########;type1;15,19,259,236;15,19,275,19,275,255,15,255;1;0;roboflow_universe:tatmantech/russian-license-plates-ec7zg@v2 <https://universe.roboflow.com/tatmantech/russian-license-plates-ec7zg>;CC-BY-4.0 (CC BY 4.0);day
images/real/roboflow_universe_tatmantech_russian-license-plates-ec7zg_v2/mixed_1_png.rf.2e6be56ca1dc05645675866d5693d9db.jpg;########;type1;333,0,286,206;333,0,619,0,619,206,333,206;1;0;roboflow_universe:tatmantech/russian-license-plates-ec7zg@v2 <https://universe.roboflow.com/tatmantech/russian-license-plates-ec7zg>;CC-BY-4.0 (CC BY 4.0);day
images/real/roboflow_universe_tatmantech_russian-license-plates-ec7zg_v2/mixed_1_png.rf.2e6be56ca1dc05645675866d5693d9db.jpg;########;type1;344,190,291,237;344,190,635,190,635,427,344,427;1;0;roboflow_universe:tatmantech/russian-license-plates-ec7zg@v2 <https://universe.roboflow.com/tatmantech/russian-license-plates-ec7zg>;CC-BY-4.0 (CC BY 4.0);day
images/real/roboflow_universe_tatmantech_russian-license-plates-ec7zg_v2/mixed_1_png.rf.89efcbe7c5d8dc7d16311144a638d235.jpg;########;type1;32,0,286,239;32,0,318,0,318,239,32,239;1;0;roboflow_universe:tatmantech/russian-license-plates-ec7zg@v2 <https://universe.roboflow.com/tatmantech/russian-license-plates-ec7zg>;CC-BY-4.0 (CC BY 4.0);day
images/real/roboflow_universe_tatmantech_russian-license-plates-ec7zg_v2/mixed_1_png.rf.89efcbe7c5d8dc7d16311144a638d235.jpg;########;type1;352,0,288,213;352,0,640,0,640,213,352,213;1;0;roboflow_universe:tatmantech/russian-license-plates-ec7zg@v2 <https://universe.roboflow.com/tatmantech/russian-license-plates-ec7zg>;CC-BY-4.0 (CC BY 4.0);day
images/real/roboflow_universe_tatmantech_russian-license-plates-ec7zg_v2/mixed_1_png.rf.89efcbe7c5d8dc7d16311144a638d235.jpg;########;type1;360,180,280,257;360,180,640,180,640,437,360,437;1;0;roboflow_universe:tatmantech/russian-license-plates-ec7zg@v2 <https://universe.roboflow.com/tatmantech/russian-license-plates-ec7zg>;CC-BY-4.0 (CC BY 4.0);day
images/real/roboflow_universe_tatmantech_russian-license-plates-ec7zg_v2/mixed_1_png.rf.a36b20e774d10db19a7d16512b000a65.jpg;########;type1;23,46,244,200;23,46,267,46,267,246,23,246;1;0;roboflow_universe:tatmantech/russian-license-plates-ec7zg@v2 <https://universe.roboflow.com/tatmantech/russian-license-plates-ec7zg>;CC-BY-4.0 (CC BY 4.0);day,glare
images/real/roboflow_universe_tatmantech_russian-license-plates-ec7zg_v2/mixed_1_png.rf.a36b20e774d10db19a7d16512b000a65.jpg;########;type1;340,50,271,194;340,50,612,50,612,243,340,243;1;0;roboflow_universe:tatmantech/russian-license-plates-ec7zg@v2 <https://universe.roboflow.com/tatmantech/russian-license-plates-ec7zg>;CC-BY-4.0 (CC BY 4.0);day,glare
images/real/roboflow_universe_tatmantech_russian-license-plates-ec7zg_v2/mixed_1_png.rf.a36b20e774d10db19a7d16512b000a65.jpg;########;type1;335,268,276,196;335,268,611,268,611,464,335,464;1;0;roboflow_universe:tatmantech/russian-license-plates-ec7zg@v2 <https://universe.roboflow.com/tatmantech/russian-license-plates-ec7zg>;CC-BY-4.0 (CC BY 4.0);day,glare
images/real/roboflow_universe_tatmantech_russian-license-plates-ec7zg_v2/mixed_3_png.rf.6ac404cd9995f53d64ce8cc2abd28f95.jpg;########;type1;0,0,640,640;0,0,640,0,640,640,0,640;1;0;roboflow_universe:tatmantech/russian-license-plates-ec7zg@v2 <https://universe.roboflow.com/tatmantech/russian-license-plates-ec7zg>;CC-BY-4.0 (CC BY 4.0);day,glare
images/real/roboflow_universe_tatmantech_russian-license-plates-ec7zg_v2/mixed_3_png.rf.6ac404cd9995f53d64ce8cc2abd28f95.jpg;########;type1;281,0,283,23;281,0,564,0,564,23,281,23;1;0;roboflow_universe:tatmantech/russian-license-plates-ec7zg@v2 <https://universe.roboflow.com/tatmantech/russian-license-plates-ec7zg>;CC-BY-4.0 (CC BY 4.0);day,glare
images/real/roboflow_universe_tatmantech_russian-license-plates-ec7zg_v2/mixed_3_png.rf.6ac404cd9995f53d64ce8cc2abd28f95.jpg;########;type1;281,0,281,105;281,0,562,0,562,105,281,105;1;0;roboflow_universe:tatmantech/russian-license-plates-ec7zg@v2 <https://universe.roboflow.com/tatmantech/russian-license-plates-ec7zg>;CC-BY-4.0 (CC BY 4.0);day,glare
images/real/roboflow_universe_tatmantech_russian-license-plates-ec7zg_v2/mixed_3_png.rf.6ac404cd9995f53d64ce8cc2abd28f95.jpg;########;type1;284,56,290,123;284,56,574,56,574,179,284,179;1;0;roboflow_universe:tatmantech/russian-license-plates-ec7zg@v2 <https://universe.roboflow.com/tatmantech/russian-license-plates-ec7zg>;CC-BY-4.0 (CC BY 4.0);day,glare
images/real/roboflow_universe_tatmantech_russian-license-plates-ec7zg_v2/mixed_3_png.rf.6ac404cd9995f53d64ce8cc2abd28f95.jpg;########;type1;288,132,288,117;288,132,576,132,576,249,288,249;1;0;roboflow_universe:tatmantech/russian-license-plates-ec7zg@v2 <https://universe.roboflow.com/tatmantech/russian-license-plates-ec7zg>;CC-BY-4.0 (CC BY 4.0);day,glare
images/real/roboflow_universe_tatmantech_russian-license-plates-ec7zg_v2/mixed_3_png.rf.6ac404cd9995f53d64ce8cc2abd28f95.jpg;########;type1;0,0,254,111;0,0,254,0,254,111,0,111;1;0;roboflow_universe:tatmantech/russian-license-plates-ec7zg@v2 <https://universe.roboflow.com/tatmantech/russian-license-plates-ec7zg>;CC-BY-4.0 (CC BY 4.0);day,glare
images/real/roboflow_universe_tatmantech_russian-license-plates-ec7zg_v2/mixed_3_png.rf.6ac404cd9995f53d64ce8cc2abd28f95.jpg;########;type1;0,66,268,116;0,66,268,66,268,182,0,182;1;0;roboflow_universe:tatmantech/russian-license-plates-ec7zg@v2 <https://universe.roboflow.com/tatmantech/russian-license-plates-ec7zg>;CC-BY-4.0 (CC BY 4.0);day,glare
images/real/roboflow_universe_tatmantech_russian-license-plates-ec7zg_v2/mixed_3_png.rf.6ac404cd9995f53d64ce8cc2abd28f95.jpg;########;type1;0,135,271,124;0,135,271,135,271,259,0,259;1;0;roboflow_universe:tatmantech/russian-license-plates-ec7zg@v2 <https://universe.roboflow.com/tatmantech/russian-license-plates-ec7zg>;CC-BY-4.0 (CC BY 4.0);day,glare
images/real/roboflow_universe_tatmantech_russian-license-plates-ec7zg_v2/mixed_3_png.rf.6ac404cd9995f53d64ce8cc2abd28f95.jpg;########;type1;0,220,268,120;0,220,268,220,268,340,0,340;1;0;roboflow_universe:tatmantech/russian-license-plates-ec7zg@v2 <https://universe.roboflow.com/tatmantech/russian-license-plates-ec7zg>;CC-BY-4.0 (CC BY 4.0);day,glare
images/real/roboflow_universe_tatmantech_russian-license-plates-ec7zg_v2/mixed_3_png.rf.6ac404cd9995f53d64ce8cc2abd28f95.jpg;########;type1;0,300,269,117;0,300,269,300,269,417,0,417;1;0;roboflow_universe:tatmantech/russian-license-plates-ec7zg@v2 <https://universe.roboflow.com/tatmantech/russian-license-plates-ec7zg>;CC-BY-4.0 (CC BY 4.0);day,glare
images/real/roboflow_universe_tatmantech_russian-license-plates-ec7zg_v2/mixed_3_png.rf.6ac404cd9995f53d64ce8cc2abd28f95.jpg;########;type1;340,221,190,133;340,221,530,221,530,353,340,353;1;0;roboflow_universe:tatmantech/russian-license-plates-ec7zg@v2 <https://universe.roboflow.com/tatmantech/russian-license-plates-ec7zg>;CC-BY-4.0 (CC BY 4.0);day,glare
images/real/roboflow_universe_tatmantech_russian-license-plates-ec7zg_v2/mixed_3_png.rf.6ac404cd9995f53d64ce8cc2abd28f95.jpg;########;type1;0,405,278,118;0,405,278,405,278,523,0,523;1;0;roboflow_universe:tatmantech/russian-license-plates-ec7zg@v2 <https://universe.roboflow.com/tatmantech/russian-license-plates-ec7zg>;CC-BY-4.0 (CC BY 4.0);day,glare
images/real/roboflow_universe_tatmantech_russian-license-plates-ec7zg_v2/mixed_3_png.rf.6ac404cd9995f53d64ce8cc2abd28f95.jpg;########;type1;297,321,288,117;297,321,585,321,585,438,297,438;1;0;roboflow_universe:tatmantech/russian-license-plates-ec7zg@v2 <https://universe.roboflow.com/tatmantech/russian-license-plates-ec7zg>;CC-BY-4.0 (CC BY 4.0);day,glare
images/real/roboflow_universe_tatmantech_russian-license-plates-ec7zg_v2/mixed_3_png.rf.6ac404cd9995f53d64ce8cc2abd28f95.jpg;########;type1;0,481,279,120;0,481,279,481,279,601,0,601;1;0;roboflow_universe:tatmantech/russian-license-plates-ec7zg@v2 <https://universe.roboflow.com/tatmantech/russian-license-plates-ec7zg>;CC-BY-4.0 (CC BY 4.0);day,glare
images/real/roboflow_universe_tatmantech_russian-license-plates-ec7zg_v2/mixed_3_png.rf.6ac404cd9995f53d64ce8cc2abd28f95.jpg;########;type1;291,399,288,124;291,399,579,399,579,523,291,523;1;0;roboflow_universe:tatmantech/russian-license-plates-ec7zg@v2 <https://universe.roboflow.com/tatmantech/russian-license-plates-ec7zg>;CC-BY-4.0 (CC BY 4.0);day,glare
images/real/roboflow_universe_tatmantech_russian-license-plates-ec7zg_v2/mixed_3_png.rf.a816e1d17457c692de97fa22dab0523c.jpg;########;type1;0,0,640,640;0,0,640,0,640,640,0,640;1;0;roboflow_universe:tatmantech/russian-license-plates-ec7zg@v2 <https://universe.roboflow.com/tatmantech/russian-license-plates-ec7zg>;CC-BY-4.0 (CC BY 4.0);day,glare
images/real/roboflow_universe_tatmantech_russian-license-plates-ec7zg_v2/mixed_3_png.rf.a816e1d17457c692de97fa22dab0523c.jpg;########;type1;383,83,255,139;383,83,638,83,638,222,383,222;1;0;roboflow_universe:tatmantech/russian-license-plates-ec7zg@v2 <https://universe.roboflow.com/tatmantech/russian-license-plates-ec7zg>;CC-BY-4.0 (CC BY 4.0);day,glare
images/real/roboflow_universe_tatmantech_russian-license-plates-ec7zg_v2/mixed_3_png.rf.a816e1d17457c692de97fa22dab0523c.jpg;########;type1;355,159,276,143;355,159,630,159,630,302,355,302;1;0;roboflow_universe:tatmantech/russian-license-plates-ec7zg@v2 <https://universe.roboflow.com/tatmantech/russian-license-plates-ec7zg>;CC-BY-4.0 (CC BY 4.0);day,glare
images/real/roboflow_universe_tatmantech_russian-license-plates-ec7zg_v2/mixed_3_png.rf.a816e1d17457c692de97fa22dab0523c.jpg;########;type1;332,228,288,150;332,228,621,228,621,378,332,378;1;0;roboflow_universe:tatmantech/russian-license-plates-ec7zg@v2 <https://universe.roboflow.com/tatmantech/russian-license-plates-ec7zg>;CC-BY-4.0 (CC BY 4.0);day,glare
images/real/roboflow_universe_tatmantech_russian-license-plates-ec7zg_v2/mixed_3_png.rf.a816e1d17457c692de97fa22dab0523c.jpg;########;type1;309,303,287,144;309,303,596,303,596,446,309,446;1;0;roboflow_universe:tatmantech/russian-license-plates-ec7zg@v2 <https://universe.roboflow.com/tatmantech/russian-license-plates-ec7zg>;CC-BY-4.0 (CC BY 4.0);day,glare
images/real/roboflow_universe_tatmantech_russian-license-plates-ec7zg_v2/mixed_3_png.rf.a816e1d17457c692de97fa22dab0523c.jpg;########;type1;101,16,266,104;101,16,367,16,367,120,101,120;1;0;roboflow_universe:tatmantech/russian-license-plates-ec7zg@v2 <https://universe.roboflow.com/tatmantech/russian-license-plates-ec7zg>;CC-BY-4.0 (CC BY 4.0);day,glare
images/real/roboflow_universe_tatmantech_russian-license-plates-ec7zg_v2/mixed_3_png.rf.a816e1d17457c692de97fa22dab0523c.jpg;########;type1;65,46,293,143;65,46,358,46,358,190,65,190;1;0;roboflow_universe:tatmantech/russian-license-plates-ec7zg@v2 <https://universe.roboflow.com/tatmantech/russian-license-plates-ec7zg>;CC-BY-4.0 (CC BY 4.0);day,glare
images/real/roboflow_universe_tatmantech_russian-license-plates-ec7zg_v2/mixed_3_png.rf.a816e1d17457c692de97fa22dab0523c.jpg;########;type1;44,114,290,150;44,114,334,114,334,264,44,264;1;0;roboflow_universe:tatmantech/russian-license-plates-ec7zg@v2 <https://universe.roboflow.com/tatmantech/russian-license-plates-ec7zg>;CC-BY-4.0 (CC BY 4.0);day,glare
images/real/roboflow_universe_tatmantech_russian-license-plates-ec7zg_v2/mixed_3_png.rf.a816e1d17457c692de97fa22dab0523c.jpg;########;type1;17,195,285,146;17,195,302,195,302,341,17,341;1;0;roboflow_universe:tatmantech/russian-license-plates-ec7zg@v2 <https://universe.roboflow.com/tatmantech/russian-license-plates-ec7zg>;CC-BY-4.0 (CC BY 4.0);day,glare
images/real/roboflow_universe_tatmantech_russian-license-plates-ec7zg_v2/mixed_3_png.rf.a816e1d17457c692de97fa22dab0523c.jpg;########;type1;0,273,275,143;0,273,275,273,275,416,0,416;1;0;roboflow_universe:tatmantech/russian-license-plates-ec7zg@v2 <https://universe.roboflow.com/tatmantech/russian-license-plates-ec7zg>;CC-BY-4.0 (CC BY 4.0);day,glare
images/real/roboflow_universe_tatmantech_russian-license-plates-ec7zg_v2/mixed_3_png.rf.a816e1d17457c692de97fa22dab0523c.jpg;########;type1;326,394,191,148;326,394,517,394,517,542,326,542;1;0;roboflow_universe:tatmantech/russian-license-plates-ec7zg@v2 <https://universe.roboflow.com/tatmantech/russian-license-plates-ec7zg>;CC-BY-4.0 (CC BY 4.0);day,glare
images/real/roboflow_universe_tatmantech_russian-license-plates-ec7zg_v2/mixed_3_png.rf.a816e1d17457c692de97fa22dab0523c.jpg;########;type1;0,377,246,144;0,377,246,377,246,521,0,521;1;0;roboflow_universe:tatmantech/russian-license-plates-ec7zg@v2 <https://universe.roboflow.com/tatmantech/russian-license-plates-ec7zg>;CC-BY-4.0 (CC BY 4.0);day,glare
images/real/roboflow_universe_tatmantech_russian-license-plates-ec7zg_v2/mixed_3_png.rf.a816e1d17457c692de97fa22dab0523c.jpg;########;type1;251,488,286,143;251,488,537,488,537,632,251,632;1;0;roboflow_universe:tatmantech/russian-license-plates-ec7zg@v2 <https://universe.roboflow.com/tatmantech/russian-license-plates-ec7zg>;CC-BY-4.0 (CC BY 4.0);day,glare
images/real/roboflow_universe_tatmantech_russian-license-plates-ec7zg_v2/mixed_3_png.rf.a816e1d17457c692de97fa22dab0523c.jpg;########;type1;0,453,220,143;0,453,220,453,220,596,0,596;1;0;roboflow_universe:tatmantech/russian-license-plates-ec7zg@v2 <https://universe.roboflow.com/tatmantech/russian-license-plates-ec7zg>;CC-BY-4.0 (CC BY 4.0);day,glare
images/real/roboflow_universe_tatmantech_russian-license-plates-ec7zg_v2/mixed_3_png.rf.a816e1d17457c692de97fa22dab0523c.jpg;########;type1;217,560,290,80;217,560,507,560,507,640,217,640;1;0;roboflow_universe:tatmantech/russian-license-plates-ec7zg@v2 <https://universe.roboflow.com/tatmantech/russian-license-plates-ec7zg>;CC-BY-4.0 (CC BY 4.0);day,glare
images/real/roboflow_universe_tatmantech_russian-license-plates-ec7zg_v2/mixed_3_png.rf.ed7d1018f0f14278afc41d87f1d62edd.jpg;########;type1;1,1,636,635;1,1,637,1,637,636,1,636;1;0;roboflow_universe:tatmantech/russian-license-plates-ec7zg@v2 <https://universe.roboflow.com/tatmantech/russian-license-plates-ec7zg>;CC-BY-4.0 (CC BY 4.0);day,glare
images/real/roboflow_universe_tatmantech_russian-license-plates-ec7zg_v2/mixed_3_png.rf.ed7d1018f0f14278afc41d87f1d62edd.jpg;########;type1;336,14,272,43;336,14,609,14,609,56,336,56;1;0;roboflow_universe:tatmantech/russian-license-plates-ec7zg@v2 <https://universe.roboflow.com/tatmantech/russian-license-plates-ec7zg>;CC-BY-4.0 (CC BY 4.0);day,glare
images/real/roboflow_universe_tatmantech_russian-license-plates-ec7zg_v2/mixed_3_png.rf.ed7d1018f0f14278afc41d87f1d62edd.jpg;########;type1;334,95,266,45;334,95,601,95,601,140,334,140;1;0;roboflow_universe:tatmantech/russian-license-plates-ec7zg@v2 <https://universe.roboflow.com/tatmantech/russian-license-plates-ec7zg>;CC-BY-4.0 (CC BY 4.0);day,glare
images/real/roboflow_universe_tatmantech_russian-license-plates-ec7zg_v2/mixed_3_png.rf.ed7d1018f0f14278afc41d87f1d62edd.jpg;########;type1;336,168,274,48;336,168,610,168,610,217,336,217;1;0;roboflow_universe:tatmantech/russian-license-plates-ec7zg@v2 <https://universe.roboflow.com/tatmantech/russian-license-plates-ec7zg>;CC-BY-4.0 (CC BY 4.0);day,glare
images/real/roboflow_universe_tatmantech_russian-license-plates-ec7zg_v2/mixed_3_png.rf.ed7d1018f0f14278afc41d87f1d62edd.jpg;########;type1;336,247,274,42;336,247,610,247,610,289,336,289;1;0;roboflow_universe:tatmantech/russian-license-plates-ec7zg@v2 <https://universe.roboflow.com/tatmantech/russian-license-plates-ec7zg>;CC-BY-4.0 (CC BY 4.0);day,glare
images/real/roboflow_universe_tatmantech_russian-license-plates-ec7zg_v2/mixed_3_png.rf.ed7d1018f0f14278afc41d87f1d62edd.jpg;########;type1;43,7,254,58;43,7,296,7,296,65,43,65;1;0;roboflow_universe:tatmantech/russian-license-plates-ec7zg@v2 <https://universe.roboflow.com/tatmantech/russian-license-plates-ec7zg>;CC-BY-4.0 (CC BY 4.0);day,glare
images/real/roboflow_universe_tatmantech_russian-license-plates-ec7zg_v2/mixed_3_png.rf.ed7d1018f0f14278afc41d87f1d62edd.jpg;########;type1;29,95,282,40;29,95,310,95,310,134,29,134;1;0;roboflow_universe:tatmantech/russian-license-plates-ec7zg@v2 <https://universe.roboflow.com/tatmantech/russian-license-plates-ec7zg>;CC-BY-4.0 (CC BY 4.0);day,glare
images/real/roboflow_universe_tatmantech_russian-license-plates-ec7zg_v2/mixed_3_png.rf.ed7d1018f0f14278afc41d87f1d62edd.jpg;########;type1;32,166,276,48;32,166,309,166,309,214,32,214;1;0;roboflow_universe:tatmantech/russian-license-plates-ec7zg@v2 <https://universe.roboflow.com/tatmantech/russian-license-plates-ec7zg>;CC-BY-4.0 (CC BY 4.0);day,glare
images/real/roboflow_universe_tatmantech_russian-license-plates-ec7zg_v2/mixed_3_png.rf.ed7d1018f0f14278afc41d87f1d62edd.jpg;########;type1;32,251,272,46;32,251,304,251,304,298,32,298;1;0;roboflow_universe:tatmantech/russian-license-plates-ec7zg@v2 <https://universe.roboflow.com/tatmantech/russian-license-plates-ec7zg>;CC-BY-4.0 (CC BY 4.0);day,glare
images/real/roboflow_universe_tatmantech_russian-license-plates-ec7zg_v2/mixed_3_png.rf.ed7d1018f0f14278afc41d87f1d62edd.jpg;########;type1;34,334,268,44;34,334,303,334,303,378,34,378;1;0;roboflow_universe:tatmantech/russian-license-plates-ec7zg@v2 <https://universe.roboflow.com/tatmantech/russian-license-plates-ec7zg>;CC-BY-4.0 (CC BY 4.0);day,glare
images/real/roboflow_universe_tatmantech_russian-license-plates-ec7zg_v2/mixed_3_png.rf.ed7d1018f0f14278afc41d87f1d62edd.jpg;########;type1;391,324,164,87;391,324,556,324,556,411,391,411;1;0;roboflow_universe:tatmantech/russian-license-plates-ec7zg@v2 <https://universe.roboflow.com/tatmantech/russian-license-plates-ec7zg>;CC-BY-4.0 (CC BY 4.0);day,glare
images/real/roboflow_universe_tatmantech_russian-license-plates-ec7zg_v2/mixed_3_png.rf.ed7d1018f0f14278afc41d87f1d62edd.jpg;########;type1;32,444,276,42;32,444,309,444,309,486,32,486;1;0;roboflow_universe:tatmantech/russian-license-plates-ec7zg@v2 <https://universe.roboflow.com/tatmantech/russian-license-plates-ec7zg>;CC-BY-4.0 (CC BY 4.0);day,glare
images/real/roboflow_universe_tatmantech_russian-license-plates-ec7zg_v2/mixed_3_png.rf.ed7d1018f0f14278afc41d87f1d62edd.jpg;########;type1;340,443,274,42;340,443,613,443,613,485,340,485;1;0;roboflow_universe:tatmantech/russian-license-plates-ec7zg@v2 <https://universe.roboflow.com/tatmantech/russian-license-plates-ec7zg>;CC-BY-4.0 (CC BY 4.0);day,glare
images/real/roboflow_universe_tatmantech_russian-license-plates-ec7zg_v2/mixed_3_png.rf.ed7d1018f0f14278afc41d87f1d62edd.jpg;########;type1b;32,523,275,44;32,523,308,523,308,567,32,567;1;0;roboflow_universe:tatmantech/russian-license-plates-ec7zg@v2 <https://universe.roboflow.com/tatmantech/russian-license-plates-ec7zg>;CC-BY-4.0 (CC BY 4.0);day,glare
images/real/roboflow_universe_tatmantech_russian-license-plates-ec7zg_v2/mixed_3_png.rf.ed7d1018f0f14278afc41d87f1d62edd.jpg;########;type1;332,522,276,50;332,522,608,522,608,571,332,571;1;0;roboflow_universe:tatmantech/russian-license-plates-ec7zg@v2 <https://universe.roboflow.com/tatmantech/russian-license-plates-ec7zg>;CC-BY-4.0 (CC BY 4.0);day,glare
images/real/roboflow_universe_tatmantech_russian-license-plates-ec7zg_v2/mixed_4_png.rf.5643479f74f56b3a8660eea8a8685f1a.jpg;########;type1;33,87,511,255;33,87,544,87,544,342,33,342;1;0;roboflow_universe:tatmantech/russian-license-plates-ec7zg@v2 <https://universe.roboflow.com/tatmantech/russian-license-plates-ec7zg>;CC-BY-4.0 (CC BY 4.0);day,glare
images/real/roboflow_universe_tatmantech_russian-license-plates-ec7zg_v2/mixed_4_png.rf.5643479f74f56b3a8660eea8a8685f1a.jpg;########;type1;43,207,508,251;43,207,551,207,551,458,43,458;1;0;roboflow_universe:tatmantech/russian-license-plates-ec7zg@v2 <https://universe.roboflow.com/tatmantech/russian-license-plates-ec7zg>;CC-BY-4.0 (CC BY 4.0);day,glare
images/real/roboflow_universe_tatmantech_russian-license-plates-ec7zg_v2/mixed_4_png.rf.5643479f74f56b3a8660eea8a8685f1a.jpg;########;type1;55,323,505,244;55,323,560,323,560,568,55,568;1;0;roboflow_universe:tatmantech/russian-license-plates-ec7zg@v2 <https://universe.roboflow.com/tatmantech/russian-license-plates-ec7zg>;CC-BY-4.0 (CC BY 4.0);day,glare
images/real/roboflow_universe_tatmantech_russian-license-plates-ec7zg_v2/mixed_4_png.rf.5643479f74f56b3a8660eea8a8685f1a.jpg;########;type1;73,437,501,203;73,437,574,437,574,640,73,640;1;0;roboflow_universe:tatmantech/russian-license-plates-ec7zg@v2 <https://universe.roboflow.com/tatmantech/russian-license-plates-ec7zg>;CC-BY-4.0 (CC BY 4.0);day,glare
images/real/roboflow_universe_tatmantech_russian-license-plates-ec7zg_v2/mixed_4_png.rf.752890d06c8b4368bf195f081ca2943a.jpg;########;type1;77,115,491,100;77,115,568,115,568,216,77,216;1;0;roboflow_universe:tatmantech/russian-license-plates-ec7zg@v2 <https://universe.roboflow.com/tatmantech/russian-license-plates-ec7zg>;CC-BY-4.0 (CC BY 4.0);day,glare
images/real/roboflow_universe_tatmantech_russian-license-plates-ec7zg_v2/mixed_4_png.rf.752890d06c8b4368bf195f081ca2943a.jpg;########;type1;74,234,489,96;74,234,564,234,564,330,74,330;1;0;roboflow_universe:tatmantech/russian-license-plates-ec7zg@v2 <https://universe.roboflow.com/tatmantech/russian-license-plates-ec7zg>;CC-BY-4.0 (CC BY 4.0);day,glare
images/real/roboflow_universe_tatmantech_russian-license-plates-ec7zg_v2/mixed_4_png.rf.752890d06c8b4368bf195f081ca2943a.jpg;########;type1;76,348,486,92;76,348,562,348,562,439,76,439;1;0;roboflow_universe:tatmantech/russian-license-plates-ec7zg@v2 <https://universe.roboflow.com/tatmantech/russian-license-plates-ec7zg>;CC-BY-4.0 (CC BY 4.0);day,glare
images/real/roboflow_universe_tatmantech_russian-license-plates-ec7zg_v2/mixed_4_png.rf.752890d06c8b4368bf195f081ca2943a.jpg;########;type1;82,460,482,96;82,460,564,460,564,556,82,556;1;0;roboflow_universe:tatmantech/russian-license-plates-ec7zg@v2 <https://universe.roboflow.com/tatmantech/russian-license-plates-ec7zg>;CC-BY-4.0 (CC BY 4.0);day,glare
images/real/roboflow_universe_tatmantech_russian-license-plates-ec7zg_v2/mixed_4_png.rf.fb68408686c85c1c414a52290dbfa5e8.jpg;########;type1;46,77,526,163;46,77,572,77,572,240,46,240;1;0;roboflow_universe:tatmantech/russian-license-plates-ec7zg@v2 <https://universe.roboflow.com/tatmantech/russian-license-plates-ec7zg>;CC-BY-4.0 (CC BY 4.0);day
images/real/roboflow_universe_tatmantech_russian-license-plates-ec7zg_v2/mixed_4_png.rf.fb68408686c85c1c414a52290dbfa5e8.jpg;########;type1;12,195,522,159;12,195,534,195,534,354,12,354;1;0;roboflow_universe:tatmantech/russian-license-plates-ec7zg@v2 <https://universe.roboflow.com/tatmantech/russian-license-plates-ec7zg>;CC-BY-4.0 (CC BY 4.0);day
images/real/roboflow_universe_tatmantech_russian-license-plates-ec7zg_v2/mixed_4_png.rf.fb68408686c85c1c414a52290dbfa5e8.jpg;########;type1;0,309,501,153;0,309,501,309,501,462,0,462;1;0;roboflow_universe:tatmantech/russian-license-plates-ec7zg@v2 <https://universe.roboflow.com/tatmantech/russian-license-plates-ec7zg>;CC-BY-4.0 (CC BY 4.0);day
images/real/roboflow_universe_tatmantech_russian-license-plates-ec7zg_v2/mixed_4_png.rf.fb68408686c85c1c414a52290dbfa5e8.jpg;########;type1;0,422,471,156;0,422,471,422,471,579,0,579;1;0;roboflow_universe:tatmantech/russian-license-plates-ec7zg@v2 <https://universe.roboflow.com/tatmantech/russian-license-plates-ec7zg>;CC-BY-4.0 (CC BY 4.0);day
images/real/roboflow_universe_tatmantech_russian-license-plates-ec7zg_v2/mmh88-94_front_jpg.rf.85927b422ee3b40ac2311bb59ca7f163.jpg;########;type1;289,251,188,164;289,251,478,251,478,415,289,415;1;0;roboflow_universe:tatmantech/russian-license-plates-ec7zg@v2 <https://universe.roboflow.com/tatmantech/russian-license-plates-ec7zg>;CC-BY-4.0 (CC BY 4.0);day,glare
images/real/roboflow_universe_tatmantech_russian-license-plates-ec7zg_v2/mmh88-94_front_jpg.rf.c41cc3a75dd9344f6956f6d68b050d87.jpg;########;type1;192,265,191,182;192,265,383,265,383,446,192,446;1;0;roboflow_universe:tatmantech/russian-license-plates-ec7zg@v2 <https://universe.roboflow.com/tatmantech/russian-license-plates-ec7zg>;CC-BY-4.0 (CC BY 4.0);day
images/real/roboflow_universe_tatmantech_russian-license-plates-ec7zg_v2/mmh88-94_front_jpg.rf.f96e1a220e2e95b52d34c0e79b2852c5.jpg;########;type1;256,249,153,150;256,249,409,249,409,399,256,399;1;0;roboflow_universe:tatmantech/russian-license-plates-ec7zg@v2 <https://universe.roboflow.com/tatmantech/russian-license-plates-ec7zg>;CC-BY-4.0 (CC BY 4.0);day
images/real/roboflow_universe_tatmantech_russian-license-plates-ec7zg_v2/mmh88-94_front_png.rf.94d8afa77139928d1e9bee3c53708c2e.jpg;########;type1;244,216,157,162;244,216,402,216,402,378,244,378;1;0;roboflow_universe:tatmantech/russian-license-plates-ec7zg@v2 <https://universe.roboflow.com/tatmantech/russian-license-plates-ec7zg>;CC-BY-4.0 (CC BY 4.0);night
images/real/roboflow_universe_tatmantech_russian-license-plates-ec7zg_v2/mmh88-94_front_png.rf.ff9445bfb6ccc5b3bdd8b2b645eeedd3.jpg;########;type1;268,205,201,191;268,205,469,205,469,395,268,395;1;0;roboflow_universe:tatmantech/russian-license-plates-ec7zg@v2 <https://universe.roboflow.com/tatmantech/russian-license-plates-ec7zg>;CC-BY-4.0 (CC BY 4.0);day,glare
images/real/roboflow_universe_tatmantech_russian-license-plates-ec7zg_v2/mmh88-94_rear_png.rf.67ce092bb8373b69c47daab7e7115996.jpg;########;type1;171,186,232,254;171,186,403,186,403,439,171,439;1;0;roboflow_universe:tatmantech/russian-license-plates-ec7zg@v2 <https://universe.roboflow.com/tatmantech/russian-license-plates-ec7zg>;CC-BY-4.0 (CC BY 4.0);day,glare
images/real/roboflow_universe_tatmantech_russian-license-plates-ec7zg_v2/mmh88-94_rear_png.rf.71721781e3b2d9d9541617f58e55761e.jpg;########;type1;83,147,305,291;83,147,388,147,388,438,83,438;1;0;roboflow_universe:tatmantech/russian-license-plates-ec7zg@v2 <https://universe.roboflow.com/tatmantech/russian-license-plates-ec7zg>;CC-BY-4.0 (CC BY 4.0);night
images/real/roboflow_universe_tatmantech_russian-license-plates-ec7zg_v2/mmh88-94_rear_png.rf.8adf2b378529b59f2b9762a1768b3ad6.jpg;########;type1;140,180,274,291;140,180,414,180,414,471,140,471;1;0;roboflow_universe:tatmantech/russian-license-plates-ec7zg@v2 <https://universe.roboflow.com/tatmantech/russian-license-plates-ec7zg>;CC-BY-4.0 (CC BY 4.0);night,glare
images/real/roboflow_universe_tatmantech_russian-license-plates-ec7zg_v2/o000oo000_png.rf.6b68176cdeb275b85d8a25251ae9df47.jpg;########;type1;24,69,567,363;24,69,591,69,591,432,24,432;1;0;roboflow_universe:tatmantech/russian-license-plates-ec7zg@v2 <https://universe.roboflow.com/tatmantech/russian-license-plates-ec7zg>;CC-BY-4.0 (CC BY 4.0);day,glare
images/real/roboflow_universe_tatmantech_russian-license-plates-ec7zg_v2/o000oo000_png.rf.6b68176cdeb275b85d8a25251ae9df47.jpg;########;type1;68,272,567,363;68,272,635,272,635,635,68,635;1;0;roboflow_universe:tatmantech/russian-license-plates-ec7zg@v2 <https://universe.roboflow.com/tatmantech/russian-license-plates-ec7zg>;CC-BY-4.0 (CC BY 4.0);day,glare
images/real/roboflow_universe_tatmantech_russian-license-plates-ec7zg_v2/o000oo000_png.rf.6be700784576033db432203a263fb503.jpg;########;type1;54,108,533,172;54,108,587,108,587,280,54,280;1;0;roboflow_universe:tatmantech/russian-license-plates-ec7zg@v2 <https://universe.roboflow.com/tatmantech/russian-license-plates-ec7zg>;CC-BY-4.0 (CC BY 4.0);day,glare
images/real/roboflow_universe_tatmantech_russian-license-plates-ec7zg_v2/o000oo000_png.rf.6be700784576033db432203a263fb503.jpg;########;type1;54,308,533,172;54,308,587,308,587,480,54,480;1;0;roboflow_universe:tatmantech/russian-license-plates-ec7zg@v2 <https://universe.roboflow.com/tatmantech/russian-license-plates-ec7zg>;CC-BY-4.0 (CC BY 4.0);day,glare
images/real/roboflow_universe_tatmantech_russian-license-plates-ec7zg_v2/o000oo000_png.rf.84c762c3b2ce688d95eaa31312c55299.jpg;########;type1;54,93,541,190;54,93,595,93,595,284,54,284;1;0;roboflow_universe:tatmantech/russian-license-plates-ec7zg@v2 <https://universe.roboflow.com/tatmantech/russian-license-plates-ec7zg>;CC-BY-4.0 (CC BY 4.0);day
images/real/roboflow_universe_tatmantech_russian-license-plates-ec7zg_v2/o000oo000_png.rf.84c762c3b2ce688d95eaa31312c55299.jpg;########;type1;63,293,541,190;63,293,604,293,604,483,63,483;1;0;roboflow_universe:tatmantech/russian-license-plates-ec7zg@v2 <https://universe.roboflow.com/tatmantech/russian-license-plates-ec7zg>;CC-BY-4.0 (CC BY 4.0);day
images/real/roboflow_universe_tatmantech_russian-license-plates-ec7zg_v2/o004oc777_jpg.rf.1665184041e93cc20e991300bf2c42cc.jpg;O004OC777;type1;385,263,183,110;385,263,568,263,568,373,385,373;1;0;roboflow_universe:tatmantech/russian-license-plates-ec7zg@v2 <https://universe.roboflow.com/tatmantech/russian-license-plates-ec7zg>;CC-BY-4.0 (CC BY 4.0);night
images/real/roboflow_universe_tatmantech_russian-license-plates-ec7zg_v2/o004oc777_jpg.rf.b640ee90e6559b0695a4557bf7d1456a.jpg;O004OC777;type1;358,283,161,74;358,283,520,283,520,357,358,357;1;0;roboflow_universe:tatmantech/russian-license-plates-ec7zg@v2 <https://universe.roboflow.com/tatmantech/russian-license-plates-ec7zg>;CC-BY-4.0 (CC BY 4.0);day,glare
images/real/roboflow_universe_tatmantech_russian-license-plates-ec7zg_v2/o004oc777_jpg.rf.f18eae0b197a4784b84f5f61890c2f15.jpg;O004OC777;type1;408,187,178,108;408,187,585,187,585,295,408,295;1;0;roboflow_universe:tatmantech/russian-license-plates-ec7zg@v2 <https://universe.roboflow.com/tatmantech/russian-license-plates-ec7zg>;CC-BY-4.0 (CC BY 4.0);day
images/real/roboflow_universe_tatmantech_russian-license-plates-ec7zg_v2/o004oc777_png.rf.5f22d6a9fca1e179c0d7cc1328274d66.jpg;O004OC777;type1;285,269,191,116;285,269,477,269,477,385,285,385;1;0;roboflow_universe:tatmantech/russian-license-plates-ec7zg@v2 <https://universe.roboflow.com/tatmantech/russian-license-plates-ec7zg>;CC-BY-4.0 (CC BY 4.0);day
images/real/roboflow_universe_tatmantech_russian-license-plates-ec7zg_v2/o004oc777_png.rf.62a9235ae0f6b20543a04de5443d2e03.jpg;O004OC777;type1;340,143,177,142;340,143,517,143,517,285,340,285;1;0;roboflow_universe:tatmantech/russian-license-plates-ec7zg@v2 <https://universe.roboflow.com/tatmantech/russian-license-plates-ec7zg>;CC-BY-4.0 (CC BY 4.0);night
images/real/roboflow_universe_tatmantech_russian-license-plates-ec7zg_v2/o025ex142_png.rf.44a9bec136e9fed673d9eb1af60c21bf.jpg;O025EX142;type1;157,163,424,263;157,163,581,163,581,426,157,426;1;0;roboflow_universe:tatmantech/russian-license-plates-ec7zg@v2 <https://universe.roboflow.com/tatmantech/russian-license-plates-ec7zg>;CC-BY-4.0 (CC BY 4.0);day,glare
images/real/roboflow_universe_tatmantech_russian-license-plates-ec7zg_v2/o025ex142_png.rf.e5acf71ec0c02b6ed249f24b64d5d475.jpg;O025EX142;type1;152,270,393,148;152,270,545,270,545,418,152,418;1;0;roboflow_universe:tatmantech/russian-license-plates-ec7zg@v2 <https://universe.roboflow.com/tatmantech/russian-license-plates-ec7zg>;CC-BY-4.0 (CC BY 4.0);day
images/real/roboflow_universe_tatmantech_russian-license-plates-ec7zg_v2/o025ex142_png.rf.eb92e2d73bfc2e61fe2bd9681fb2f911.jpg;O025EX142;type1;160,244,423,232;160,244,583,244,583,475,160,475;1;0;roboflow_universe:tatmantech/russian-license-plates-ec7zg@v2 <https://universe.roboflow.com/tatmantech/russian-license-plates-ec7zg>;CC-BY-4.0 (CC BY 4.0);day,glare
images/real/roboflow_universe_tatmantech_russian-license-plates-ec7zg_v2/o077oo777-a777ab777_png.rf.268c13742e428dc3e47dc4d166903d89.jpg;########;type1;69,13,570,326;69,13,640,13,640,339,69,339;1;0;roboflow_universe:tatmantech/russian-license-plates-ec7zg@v2 <https://universe.roboflow.com/tatmantech/russian-license-plates-ec7zg>;CC-BY-4.0 (CC BY 4.0);day,glare
images/real/roboflow_universe_tatmantech_russian-license-plates-ec7zg_v2/o077oo777-a777ab777_png.rf.268c13742e428dc3e47dc4d166903d89.jpg;########;type1;0,162,598,341;0,162,598,162,598,503,0,503;1;0;roboflow_universe:tatmantech/russian-license-plates-ec7zg@v2 <https://universe.roboflow.com/tatmantech/russian-license-plates-ec7zg>;CC-BY-4.0 (CC BY 4.0);day,glare
images/real/roboflow_universe_tatmantech_russian-license-plates-ec7zg_v2/o077oo777-a777ab777_png.rf.268c13742e428dc3e47dc4d166903d89.jpg;########;type1;0,328,554,312;0,328,554,328,554,640,0,640;1;0;roboflow_universe:tatmantech/russian-license-plates-ec7zg@v2 <https://universe.roboflow.com/tatmantech/russian-license-plates-ec7zg>;CC-BY-4.0 (CC BY 4.0);day,glare
images/real/roboflow_universe_tatmantech_russian-license-plates-ec7zg_v2/o077oo777-a777ab777_png.rf.33dc1d739da3c0436ef6a45338d9c666.jpg;########;type1;9,0,583,251;9,0,591,0,591,251,9,251;1;0;roboflow_universe:tatmantech/russian-license-plates-ec7zg@v2 <https://universe.roboflow.com/tatmantech/russian-license-plates-ec7zg>;CC-BY-4.0 (CC BY 4.0);day,glare
images/real/roboflow_universe_tatmantech_russian-license-plates-ec7zg_v2/o077oo777-a777ab777_png.rf.33dc1d739da3c0436ef6a45338d9c666.jpg;########;type1;0,88,590,337;0,88,590,88,590,425,0,425;1;0;roboflow_universe:tatmantech/russian-license-plates-ec7zg@v2 <https://universe.roboflow.com/tatmantech/russian-license-plates-ec7zg>;CC-BY-4.0 (CC BY 4.0);day,glare
images/real/roboflow_universe_tatmantech_russian-license-plates-ec7zg_v2/o077oo777-a777ab777_png.rf.33dc1d739da3c0436ef6a45338d9c666.jpg;########;type1;1,254,611,352;1,254,613,254,613,606,1,606;1;0;roboflow_universe:tatmantech/russian-license-plates-ec7zg@v2 <https://universe.roboflow.com/tatmantech/russian-license-plates-ec7zg>;CC-BY-4.0 (CC BY 4.0);day,glare
images/real/roboflow_universe_tatmantech_russian-license-plates-ec7zg_v2/o077oo777-a777ab777_png.rf.cc49793d602422f6cfcac8584a17b490.jpg;########;type1;61,62,548,157;61,62,610,62,610,218,61,218;1;0;roboflow_universe:tatmantech/russian-license-plates-ec7zg@v2 <https://universe.roboflow.com/tatmantech/russian-license-plates-ec7zg>;CC-BY-4.0 (CC BY 4.0);day
images/real/roboflow_universe_tatmantech_russian-license-plates-ec7zg_v2/o077oo777-a777ab777_png.rf.cc49793d602422f6cfcac8584a17b490.jpg;########;type1;42,225,555,168;42,225,596,225,596,392,42,392;1;0;roboflow_universe:tatmantech/russian-license-plates-ec7zg@v2 <https://universe.roboflow.com/tatmantech/russian-license-plates-ec7zg>;CC-BY-4.0 (CC BY 4.0);day
images/real/roboflow_universe_tatmantech_russian-license-plates-ec7zg_v2/o077oo777-a777ab777_png.rf.cc49793d602422f6cfcac8584a17b490.jpg;########;type1;34,400,576,177;34,400,610,400,610,577,34,577;1;0;roboflow_universe:tatmantech/russian-license-plates-ec7zg@v2 <https://universe.roboflow.com/tatmantech/russian-license-plates-ec7zg>;CC-BY-4.0 (CC BY 4.0);day
images/real/roboflow_universe_tatmantech_russian-license-plates-ec7zg_v2/o160at12_png.rf.2a0edf8366638e3c8ff493a89d69c8e2.jpg;O160AT12;type1;28,178,612,211;28,178,640,178,640,389,28,389;1;0;roboflow_universe:tatmantech/russian-license-plates-ec7zg@v2 <https://universe.roboflow.com/tatmantech/russian-license-plates-ec7zg>;CC-BY-4.0 (CC BY 4.0);day
images/real/roboflow_universe_tatmantech_russian-license-plates-ec7zg_v2/o160at12_png.rf.316b1a37e81dd9f03c2e2d334ecd5a8f.jpg;O160AT12;type1;0,146,615,254;0,146,615,146,615,399,0,399;1;0;roboflow_universe:tatmantech/russian-license-plates-ec7zg@v2 <https://universe.roboflow.com/tatmantech/russian-license-plates-ec7zg>;CC-BY-4.0 (CC BY 4.0);day
images/real/roboflow_universe_tatmantech_russian-license-plates-ec7zg_v2/o160at12_png.rf.48df736665e37594163ed4940ceb4fd2.jpg;O160AT12;type1;26,212,610,179;26,212,635,212,635,390,26,390;1;0;roboflow_universe:tatmantech/russian-license-plates-ec7zg@v2 <https://universe.roboflow.com/tatmantech/russian-license-plates-ec7zg>;CC-BY-4.0 (CC BY 4.0);day
images/real/roboflow_universe_tatmantech_russian-license-plates-ec7zg_v2/o333oh39_png.rf.5722955e3814f685678b55b938489d63.jpg;O333OH39;type1;0,86,593,345;0,86,593,86,593,432,0,432;1;0;roboflow_universe:tatmantech/russian-license-plates-ec7zg@v2 <https://universe.roboflow.com/tatmantech/russian-license-plates-ec7zg>;CC-BY-4.0 (CC BY 4.0);night
images/real/roboflow_universe_tatmantech_russian-license-plates-ec7zg_v2/o333oh39_png.rf.926d9206617b7261d8261deec5d85486.jpg;O333OH39;type1;52,108,581,310;52,108,632,108,632,418,52,418;1;0;roboflow_universe:tatmantech/russian-license-plates-ec7zg@v2 <https://universe.roboflow.com/tatmantech/russian-license-plates-ec7zg>;CC-BY-4.0 (CC BY 4.0);day,glare
images/real/roboflow_universe_tatmantech_russian-license-plates-ec7zg_v2/o390pk70_jpg.rf.b938ecb6219e2415c146926f43f2f8a2.jpg;O390PK70;type1;415,344,174,106;415,344,590,344,590,450,415,450;1;0;roboflow_universe:tatmantech/russian-license-plates-ec7zg@v2 <https://universe.roboflow.com/tatmantech/russian-license-plates-ec7zg>;CC-BY-4.0 (CC BY 4.0);night
images/real/roboflow_universe_tatmantech_russian-license-plates-ec7zg_v2/o390pk70_jpg.rf.c95e03ae18c1c08e980ddf7045b71757.jpg;O390PK70;type1;280,329,172,99;280,329,452,329,452,428,280,428;1;0;roboflow_universe:tatmantech/russian-license-plates-ec7zg@v2 <https://universe.roboflow.com/tatmantech/russian-license-plates-ec7zg>;CC-BY-4.0 (CC BY 4.0);day,glare
images/real/roboflow_universe_tatmantech_russian-license-plates-ec7zg_v2/o627oo98_png.rf.059b9dbc019d5d14999fe478ab44570b.jpg;O627OO98;type1;190,298,270,131;190,298,460,298,460,430,190,430;1;0;roboflow_universe:tatmantech/russian-license-plates-ec7zg@v2 <https://universe.roboflow.com/tatmantech/russian-license-plates-ec7zg>;CC-BY-4.0 (CC BY 4.0);day
images/real/roboflow_universe_tatmantech_russian-license-plates-ec7zg_v2/o627oo98_png.rf.b940b55b000405017dbfd4283e66d46c.jpg;O627OO98;type1;126,292,311,226;126,292,436,292,436,517,126,517;1;0;roboflow_universe:tatmantech/russian-license-plates-ec7zg@v2 <https://universe.roboflow.com/tatmantech/russian-license-plates-ec7zg>;CC-BY-4.0 (CC BY 4.0);night
images/real/roboflow_universe_tatmantech_russian-license-plates-ec7zg_v2/o627oo98_png.rf.e9d6d690761fe2bab7e0f26f836e339c.jpg;O627OO98;type1;138,185,314,238;138,185,452,185,452,423,138,423;1;0;roboflow_universe:tatmantech/russian-license-plates-ec7zg@v2 <https://universe.roboflow.com/tatmantech/russian-license-plates-ec7zg>;CC-BY-4.0 (CC BY 4.0);night
images/real/roboflow_universe_tatmantech_russian-license-plates-ec7zg_v2/p001am77_jpg.rf.1c3eb11c78d4709bc8215ed6969eec94.jpg;P001AM77;type1;231,445,180,100;231,445,412,445,412,545,231,545;1;0;roboflow_universe:tatmantech/russian-license-plates-ec7zg@v2 <https://universe.roboflow.com/tatmantech/russian-license-plates-ec7zg>;CC-BY-4.0 (CC BY 4.0);day,glare
images/real/roboflow_universe_tatmantech_russian-license-plates-ec7zg_v2/p001am77_jpg.rf.701dc03f05199597905dd7b881322116.jpg;P001AM77;type1;334,442,159,66;334,442,493,442,493,508,334,508;1;0;roboflow_universe:tatmantech/russian-license-plates-ec7zg@v2 <https://universe.roboflow.com/tatmantech/russian-license-plates-ec7zg>;CC-BY-4.0 (CC BY 4.0);day
images/real/roboflow_universe_tatmantech_russian-license-plates-ec7zg_v2/p001am77_jpg.rf.f9456631c6cad862063c947d9fdd71bb.jpg;P001AM77;type1;420,385,184,104;420,385,604,385,604,488,420,488;1;0;roboflow_universe:tatmantech/russian-license-plates-ec7zg@v2 <https://universe.roboflow.com/tatmantech/russian-license-plates-ec7zg>;CC-BY-4.0 (CC BY 4.0);day,glare
images/real/roboflow_universe_tatmantech_russian-license-plates-ec7zg_v2/p001am77_png.rf.69335800289424a12933ac6b4032b5a9.jpg;P001AM77;type1;363,364,169,107;363,364,532,364,532,471,363,471;1;0;roboflow_universe:tatmantech/russian-license-plates-ec7zg@v2 <https://universe.roboflow.com/tatmantech/russian-license-plates-ec7zg>;CC-BY-4.0 (CC BY 4.0);day,glare
images/real/roboflow_universe_tatmantech_russian-license-plates-ec7zg_v2/p001am77_png.rf.eed8a37747b25487c0eed10c8b12729e.jpg;P001AM77;type1;353,492,179,121;353,492,532,492,532,613,353,613;1;0;roboflow_universe:tatmantech/russian-license-plates-ec7zg@v2 <https://universe.roboflow.com/tatmantech/russian-license-plates-ec7zg>;CC-BY-4.0 (CC BY 4.0);night
images/real/roboflow_universe_tatmantech_russian-license-plates-ec7zg_v2/p52ko761_png.rf.4b5edcddeeba7d7f240994865750e1bc.jpg;########;type1;230,430,73,49;230,430,303,430,303,479,230,479;1;0;roboflow_universe:tatmantech/russian-license-plates-ec7zg@v2 <https://universe.roboflow.com/tatmantech/russian-license-plates-ec7zg>;CC-BY-4.0 (CC BY 4.0);day
images/real/roboflow_universe_tatmantech_russian-license-plates-ec7zg_v2/p52ko761_png.rf.7405a3f7b756834e4adffef015acde35.jpg;########;type1;227,494,73,53;227,494,300,494,300,547,227,547;1;0;roboflow_universe:tatmantech/russian-license-plates-ec7zg@v2 <https://universe.roboflow.com/tatmantech/russian-license-plates-ec7zg>;CC-BY-4.0 (CC BY 4.0);day,glare
images/real/roboflow_universe_tatmantech_russian-license-plates-ec7zg_v2/p52ko761_png.rf.e161d8097408a13a3c798a8743e5b181.jpg;########;type1;220,476,66,32;220,476,287,476,287,508,220,508;1;0;roboflow_universe:tatmantech/russian-license-plates-ec7zg@v2 <https://universe.roboflow.com/tatmantech/russian-license-plates-ec7zg>;CC-BY-4.0 (CC BY 4.0);day,glare
images/real/roboflow_universe_tatmantech_russian-license-plates-ec7zg_v2/p689bh43_png.rf.011ceaa5e520243765352b81711157b6.jpg;P689BH43;type1;133,471,131,75;133,471,263,471,263,546,133,546;1;0;roboflow_universe:tatmantech/russian-license-plates-ec7zg@v2 <https://universe.roboflow.com/tatmantech/russian-license-plates-ec7zg>;CC-BY-4.0 (CC BY 4.0);day,glare
images/real/roboflow_universe_tatmantech_russian-license-plates-ec7zg_v2/p689bh43_png.rf.8081ca91d996658b1683d47eb2b756f6.jpg;P689BH43;type1;137,427,144,103;137,427,282,427,282,530,137,530;1;0;roboflow_universe:tatmantech/russian-license-plates-ec7zg@v2 <https://universe.roboflow.com/tatmantech/russian-license-plates-ec7zg>;CC-BY-4.0 (CC BY 4.0);night
images/real/roboflow_universe_tatmantech_russian-license-plates-ec7zg_v2/p777pp197_png.rf.125655e5309f77796355c602b36038e2.jpg;########;type1;29,75,573,294;29,75,602,75,602,368,29,368;1;0;roboflow_universe:tatmantech/russian-license-plates-ec7zg@v2 <https://universe.roboflow.com/tatmantech/russian-license-plates-ec7zg>;CC-BY-4.0 (CC BY 4.0);day,glare
images/real/roboflow_universe_tatmantech_russian-license-plates-ec7zg_v2/p777pp197_png.rf.125655e5309f77796355c602b36038e2.jpg;########;type1;15,294,624,294;15,294,639,294,639,587,15,587;1;0;roboflow_universe:tatmantech/russian-license-plates-ec7zg@v2 <https://universe.roboflow.com/tatmantech/russian-license-plates-ec7zg>;CC-BY-4.0 (CC BY 4.0);day,glare
images/real/roboflow_universe_tatmantech_russian-license-plates-ec7zg_v2/p777pp197_png.rf.1f1f2de21a9640a65c29ee1ba4c5275c.jpg;########;type1;0,0,603,403;0,0,603,0,603,403,0,403;1;0;roboflow_universe:tatmantech/russian-license-plates-ec7zg@v2 <https://universe.roboflow.com/tatmantech/russian-license-plates-ec7zg>;CC-BY-4.0 (CC BY 4.0);day,glare
images/real/roboflow_universe_tatmantech_russian-license-plates-ec7zg_v2/p777pp197_png.rf.1f1f2de21a9640a65c29ee1ba4c5275c.jpg;########;type1;0,131,627,489;0,131,627,131,627,619,0,619;1;0;roboflow_universe:tatmantech/russian-license-plates-ec7zg@v2 <https://universe.roboflow.com/tatmantech/russian-license-plates-ec7zg>;CC-BY-4.0 (CC BY 4.0);day,glare
images/real/roboflow_universe_tatmantech_russian-license-plates-ec7zg_v2/p777pp197_png.rf.4707672271a32a34d749148723f8969c.jpg;########;type1;0,0,613,383;0,0,613,0,613,383,0,383;1;0;roboflow_universe:tatmantech/russian-license-plates-ec7zg@v2 <https://universe.roboflow.com/tatmantech/russian-license-plates-ec7zg>;CC-BY-4.0 (CC BY 4.0);night
images/real/roboflow_universe_tatmantech_russian-license-plates-ec7zg_v2/p777pp197_png.rf.4707672271a32a34d749148723f8969c.jpg;########;type1;0,159,612,449;0,159,612,159,612,608,0,608;1;0;roboflow_universe:tatmantech/russian-license-plates-ec7zg@v2 <https://universe.roboflow.com/tatmantech/russian-license-plates-ec7zg>;CC-BY-4.0 (CC BY 4.0);night
images/real/roboflow_universe_tatmantech_russian-license-plates-ec7zg_v2/p9800mt_jpg.rf.351292386d381e92461195fb4042d60d.jpg;########;type1;102,266,422,156;102,266,525,266,525,423,102,423;1;0;roboflow_universe:tatmantech/russian-license-plates-ec7zg@v2 <https://universe.roboflow.com/tatmantech/russian-license-plates-ec7zg>;CC-BY-4.0 (CC BY 4.0);day
images/real/roboflow_universe_tatmantech_russian-license-plates-ec7zg_v2/p9800mt_jpg.rf.996634ca93a7be90d09a191f153656e2.jpg;########;type1;15,153,479,284;15,153,494,153,494,437,15,437;1;0;roboflow_universe:tatmantech/russian-license-plates-ec7zg@v2 <https://universe.roboflow.com/tatmantech/russian-license-plates-ec7zg>;CC-BY-4.0 (CC BY 4.0);night
images/real/roboflow_universe_tatmantech_russian-license-plates-ec7zg_v2/p9800mt_jpg.rf.ad677cf823bc0b2b8cdb7677403b44bc.jpg;########;type1;102,240,461,304;102,240,564,240,564,544,102,544;1;0;roboflow_universe:tatmantech/russian-license-plates-ec7zg@v2 <https://universe.roboflow.com/tatmantech/russian-license-plates-ec7zg>;CC-BY-4.0 (CC BY 4.0);night
images/real/roboflow_universe_tatmantech_russian-license-plates-ec7zg_v2/p9800mt_png.rf.694f61e69f5944f93e899cf80d5a9cb9.jpg;########;type1;120,208,495,264;120,208,615,208,615,472,120,472;1;0;roboflow_universe:tatmantech/russian-license-plates-ec7zg@v2 <https://universe.roboflow.com/tatmantech/russian-license-plates-ec7zg>;CC-BY-4.0 (CC BY 4.0);night
images/real/roboflow_universe_tatmantech_russian-license-plates-ec7zg_v2/p9800mt_png.rf.76889a3914a3add0c36b6d6c273bb493.jpg;########;type1;97,229,450,224;97,229,546,229,546,453,97,453;1;0;roboflow_universe:tatmantech/russian-license-plates-ec7zg@v2 <https://universe.roboflow.com/tatmantech/russian-license-plates-ec7zg>;CC-BY-4.0 (CC BY 4.0);day,glare
images/real/roboflow_universe_tatmantech_russian-license-plates-ec7zg_v2/pbx2384_png.rf.10af89b5d0a1a01596e660258bf07e3e.jpg;########;type1;12,0,628,394;12,0,640,0,640,394,12,394;1;0;roboflow_universe:tatmantech/russian-license-plates-ec7zg@v2 <https://universe.roboflow.com/tatmantech/russian-license-plates-ec7zg>;CC-BY-4.0 (CC BY 4.0);day,glare
images/real/roboflow_universe_tatmantech_russian-license-plates-ec7zg_v2/pbx2384_png.rf.755e7955222cfd27981e62f8730f1595.jpg;########;type1;6,23,624,288;6,23,629,23,629,310,6,310;1;0;roboflow_universe:tatmantech/russian-license-plates-ec7zg@v2 <https://universe.roboflow.com/tatmantech/russian-license-plates-ec7zg>;CC-BY-4.0 (CC BY 4.0);day,glare
images/real/roboflow_universe_tatmantech_russian-license-plates-ec7zg_v2/pbx2384_png.rf.ca2a3bbb5e6c68fa7f6fce1d3262d81c.jpg;########;type1;19,1,621,408;19,1,640,1,640,409,19,409;1;0;roboflow_universe:tatmantech/russian-license-plates-ec7zg@v2 <https://universe.roboflow.com/tatmantech/russian-license-plates-ec7zg>;CC-BY-4.0 (CC BY 4.0);day,glare
images/real/roboflow_universe_tatmantech_russian-license-plates-ec7zg_v2/rus_2_png.rf.12327181f711de903f021f0bc9435cab.jpg;########;type1;0,0,638,592;0,0,638,0,638,592,0,592;1;0;roboflow_universe:tatmantech/russian-license-plates-ec7zg@v2 <https://universe.roboflow.com/tatmantech/russian-license-plates-ec7zg>;CC-BY-4.0 (CC BY 4.0);day,glare
images/real/roboflow_universe_tatmantech_russian-license-plates-ec7zg_v2/rus_2_png.rf.a0c24f670b8ef50af9e860b8232ace6a.jpg;########;type1;0,0,640,640;0,0,640,0,640,640,0,640;1;0;roboflow_universe:tatmantech/russian-license-plates-ec7zg@v2 <https://universe.roboflow.com/tatmantech/russian-license-plates-ec7zg>;CC-BY-4.0 (CC BY 4.0);day,glare
images/real/roboflow_universe_tatmantech_russian-license-plates-ec7zg_v2/rus_2_png.rf.b9decd8a676fb71ef2085a46ad49ebd4.jpg;########;type1;0,0,640,640;0,0,640,0,640,640,0,640;1;0;roboflow_universe:tatmantech/russian-license-plates-ec7zg@v2 <https://universe.roboflow.com/tatmantech/russian-license-plates-ec7zg>;CC-BY-4.0 (CC BY 4.0);day,glare
images/real/roboflow_universe_tatmantech_russian-license-plates-ec7zg_v2/rus_3_png.rf.369a729530c5f85a9b752de9cfc43168.jpg;########;type1;0,0,640,640;0,0,640,0,640,640,0,640;1;0;roboflow_universe:tatmantech/russian-license-plates-ec7zg@v2 <https://universe.roboflow.com/tatmantech/russian-license-plates-ec7zg>;CC-BY-4.0 (CC BY 4.0);day
images/real/roboflow_universe_tatmantech_russian-license-plates-ec7zg_v2/rus_3_png.rf.409979693193ae8036b360f01062e650.jpg;########;type1;0,0,638,592;0,0,638,0,638,592,0,592;1;0;roboflow_universe:tatmantech/russian-license-plates-ec7zg@v2 <https://universe.roboflow.com/tatmantech/russian-license-plates-ec7zg>;CC-BY-4.0 (CC BY 4.0);day,glare
images/real/roboflow_universe_tatmantech_russian-license-plates-ec7zg_v2/rus_3_png.rf.f677586a8ba369c35bad6e8523c3f02f.jpg;########;type1;0,0,640,640;0,0,640,0,640,640,0,640;1;0;roboflow_universe:tatmantech/russian-license-plates-ec7zg@v2 <https://universe.roboflow.com/tatmantech/russian-license-plates-ec7zg>;CC-BY-4.0 (CC BY 4.0);day
images/real/roboflow_universe_tatmantech_russian-license-plates-ec7zg_v2/rus_4_png.rf.3322aeb99d7e7f5656b4fcd0f3c61e67.jpg;########;type1;0,0,638,592;0,0,638,0,638,592,0,592;1;0;roboflow_universe:tatmantech/russian-license-plates-ec7zg@v2 <https://universe.roboflow.com/tatmantech/russian-license-plates-ec7zg>;CC-BY-4.0 (CC BY 4.0);day,glare
images/real/roboflow_universe_tatmantech_russian-license-plates-ec7zg_v2/rus_4_png.rf.ac01e5c97d65c5336de75af4d91383f9.jpg;########;type1;0,0,640,638;0,0,640,0,640,638,0,638;1;0;roboflow_universe:tatmantech/russian-license-plates-ec7zg@v2 <https://universe.roboflow.com/tatmantech/russian-license-plates-ec7zg>;CC-BY-4.0 (CC BY 4.0);day
images/real/roboflow_universe_tatmantech_russian-license-plates-ec7zg_v2/rus_4_png.rf.cf5dc588fdd02447be31132eaa9a6bf0.jpg;########;type1;0,0,640,640;0,0,640,0,640,640,0,640;1;0;roboflow_universe:tatmantech/russian-license-plates-ec7zg@v2 <https://universe.roboflow.com/tatmantech/russian-license-plates-ec7zg>;CC-BY-4.0 (CC BY 4.0);day
images/real/roboflow_universe_tatmantech_russian-license-plates-ec7zg_v2/russia78-y199ya69_png.rf.1f4d32cf3c23ba187367e9044c17b6eb.jpg;########;type1;49,76,585,221;49,76,634,76,634,297,49,297;1;0;roboflow_universe:tatmantech/russian-license-plates-ec7zg@v2 <https://universe.roboflow.com/tatmantech/russian-license-plates-ec7zg>;CC-BY-4.0 (CC BY 4.0);day,glare
images/real/roboflow_universe_tatmantech_russian-license-plates-ec7zg_v2/russia78-y199ya69_png.rf.1f4d32cf3c23ba187367e9044c17b6eb.jpg;########;type1;92,301,548,222;92,301,640,301,640,523,92,523;1;0;roboflow_universe:tatmantech/russian-license-plates-ec7zg@v2 <https://universe.roboflow.com/tatmantech/russian-license-plates-ec7zg>;CC-BY-4.0 (CC BY 4.0);day,glare
images/real/roboflow_universe_tatmantech_russian-license-plates-ec7zg_v2/russia78-y199ya69_png.rf.95c39584bbc5316cdab5204b6547d272.jpg;########;type1;0,91,607,284;0,91,607,91,607,376,0,376;1;0;roboflow_universe:tatmantech/russian-license-plates-ec7zg@v2 <https://universe.roboflow.com/tatmantech/russian-license-plates-ec7zg>;CC-BY-4.0 (CC BY 4.0);day,glare
images/real/roboflow_universe_tatmantech_russian-license-plates-ec7zg_v2/russia78-y199ya69_png.rf.95c39584bbc5316cdab5204b6547d272.jpg;########;type1;0,311,532,285;0,311,532,311,532,597,0,597;1;0;roboflow_universe:tatmantech/russian-license-plates-ec7zg@v2 <https://universe.roboflow.com/tatmantech/russian-license-plates-ec7zg>;CC-BY-4.0 (CC BY 4.0);day,glare
images/real/roboflow_universe_tatmantech_russian-license-plates-ec7zg_v2/russia78-y199ya69_png.rf.95e3385e5a3f47dd62c314a67b9c3b01.jpg;########;type1;43,128,553,156;43,128,596,128,596,285,43,285;1;0;roboflow_universe:tatmantech/russian-license-plates-ec7zg@v2 <https://universe.roboflow.com/tatmantech/russian-license-plates-ec7zg>;CC-BY-4.0 (CC BY 4.0);day,glare
images/real/roboflow_universe_tatmantech_russian-license-plates-ec7zg_v2/russia78-y199ya69_png.rf.95e3385e5a3f47dd62c314a67b9c3b01.jpg;########;type1;44,354,553,158;44,354,597,354,597,511,44,511;1;0;roboflow_universe:tatmantech/russian-license-plates-ec7zg@v2 <https://universe.roboflow.com/tatmantech/russian-license-plates-ec7zg>;CC-BY-4.0 (CC BY 4.0);day,glare
images/real/roboflow_universe_tatmantech_russian-license-plates-ec7zg_v2/sample-text-77_png.rf.3551c04d255e53d31a9d364d20779449.jpg;########;type1;3,4,637,187;3,4,640,4,640,192,3,192;1;0;roboflow_universe:tatmantech/russian-license-plates-ec7zg@v2 <https://universe.roboflow.com/tatmantech/russian-license-plates-ec7zg>;CC-BY-4.0 (CC BY 4.0);day,glare
images/real/roboflow_universe_tatmantech_russian-license-plates-ec7zg_v2/sample-text-77_png.rf.3551c04d255e53d31a9d364d20779449.jpg;########;type1;3,194,637,196;3,194,640,194,640,390,3,390;1;0;roboflow_universe:tatmantech/russian-license-plates-ec7zg@v2 <https://universe.roboflow.com/tatmantech/russian-license-plates-ec7zg>;CC-BY-4.0 (CC BY 4.0);day,glare
images/real/roboflow_universe_tatmantech_russian-license-plates-ec7zg_v2/sample-text-77_png.rf.3551c04d255e53d31a9d364d20779449.jpg;########;type1;2,395,636,188;2,395,638,395,638,582,2,582;1;0;roboflow_universe:tatmantech/russian-license-plates-ec7zg@v2 <https://universe.roboflow.com/tatmantech/russian-license-plates-ec7zg>;CC-BY-4.0 (CC BY 4.0);day,glare
images/real/roboflow_universe_tatmantech_russian-license-plates-ec7zg_v2/sample-text-77_png.rf.3a603368f689f835a3d0928ddea1c1e7.jpg;########;type1;24,6,616,351;24,6,640,6,640,357,24,357;1;0;roboflow_universe:tatmantech/russian-license-plates-ec7zg@v2 <https://universe.roboflow.com/tatmantech/russian-license-plates-ec7zg>;CC-BY-4.0 (CC BY 4.0);day,glare
images/real/roboflow_universe_tatmantech_russian-license-plates-ec7zg_v2/sample-text-77_png.rf.3a603368f689f835a3d0928ddea1c1e7.jpg;########;type1;0,126,633,424;0,126,633,126,633,550,0,550;1;0;roboflow_universe:tatmantech/russian-license-plates-ec7zg@v2 <https://universe.roboflow.com/tatmantech/russian-license-plates-ec7zg>;CC-BY-4.0 (CC BY 4.0);day,glare
images/real/roboflow_universe_tatmantech_russian-license-plates-ec7zg_v2/sample-text-77_png.rf.3a603368f689f835a3d0928ddea1c1e7.jpg;########;type1;0,321,594,319;0,321,594,321,594,640,0,640;1;0;roboflow_universe:tatmantech/russian-license-plates-ec7zg@v2 <https://universe.roboflow.com/tatmantech/russian-license-plates-ec7zg>;CC-BY-4.0 (CC BY 4.0);day,glare
images/real/roboflow_universe_tatmantech_russian-license-plates-ec7zg_v2/sample-text-77_png.rf.aca22351318f038bef41c72453a0d6f5.jpg;########;type1;0,0,619,266;0,0,619,0,619,266,0,266;1;0;roboflow_universe:tatmantech/russian-license-plates-ec7zg@v2 <https://universe.roboflow.com/tatmantech/russian-license-plates-ec7zg>;CC-BY-4.0 (CC BY 4.0);night
images/real/roboflow_universe_tatmantech_russian-license-plates-ec7zg_v2/sample-text-77_png.rf.aca22351318f038bef41c72453a0d6f5.jpg;########;type1;0,150,632,313;0,150,632,150,632,463,0,463;1;0;roboflow_universe:tatmantech/russian-license-plates-ec7zg@v2 <https://universe.roboflow.com/tatmantech/russian-license-plates-ec7zg>;CC-BY-4.0 (CC BY 4.0);night
images/real/roboflow_universe_tatmantech_russian-license-plates-ec7zg_v2/sample-text-77_png.rf.aca22351318f038bef41c72453a0d6f5.jpg;########;type1;0,351,622,289;0,351,622,351,622,640,0,640;1;0;roboflow_universe:tatmantech/russian-license-plates-ec7zg@v2 <https://universe.roboflow.com/tatmantech/russian-license-plates-ec7zg>;CC-BY-4.0 (CC BY 4.0);night
images/real/roboflow_universe_tatmantech_russian-license-plates-ec7zg_v2/t027ek54_jpg.rf.30321e3f967efdbef39414f214497d19.jpg;T027EK54;type1;72,393,141,89;72,393,212,393,212,482,72,482;1;0;roboflow_universe:tatmantech/russian-license-plates-ec7zg@v2 <https://universe.roboflow.com/tatmantech/russian-license-plates-ec7zg>;CC-BY-4.0 (CC BY 4.0);day
images/real/roboflow_universe_tatmantech_russian-license-plates-ec7zg_v2/t027ek54_jpg.rf.9db3109b44600446a131cca2042ca35b.jpg;T027EK54;type1;100,325,165,134;100,325,265,325,265,458,100,458;1;0;roboflow_universe:tatmantech/russian-license-plates-ec7zg@v2 <https://universe.roboflow.com/tatmantech/russian-license-plates-ec7zg>;CC-BY-4.0 (CC BY 4.0);day
images/real/roboflow_universe_tatmantech_russian-license-plates-ec7zg_v2/t027ek54_jpg.rf.fe1e8756c93122d6bf0cf96983beadbb.jpg;T027EK54;type1;83,386,150,110;83,386,233,386,233,495,83,495;1;0;roboflow_universe:tatmantech/russian-license-plates-ec7zg@v2 <https://universe.roboflow.com/tatmantech/russian-license-plates-ec7zg>;CC-BY-4.0 (CC BY 4.0);day,glare
images/real/roboflow_universe_tatmantech_russian-license-plates-ec7zg_v2/t171kt177_png.rf.3a02bde3e09bfde51f128176638124c8.jpg;T171KT177;type1;296,308,139,84;296,308,435,308,435,391,296,391;1;0;roboflow_universe:tatmantech/russian-license-plates-ec7zg@v2 <https://universe.roboflow.com/tatmantech/russian-license-plates-ec7zg>;CC-BY-4.0 (CC BY 4.0);day
images/real/roboflow_universe_tatmantech_russian-license-plates-ec7zg_v2/t171kt177_png.rf.aab3e425bf6aa149606572ab79ab92b5.jpg;T171KT177;type1;260,369,122,42;260,369,382,369,382,412,260,412;1;0;roboflow_universe:tatmantech/russian-license-plates-ec7zg@v2 <https://universe.roboflow.com/tatmantech/russian-license-plates-ec7zg>;CC-BY-4.0 (CC BY 4.0);day
images/real/roboflow_universe_tatmantech_russian-license-plates-ec7zg_v2/t171kt177_png.rf.dc8f50cfbbf24891006863a7072c7dfd.jpg;T171KT177;type1;271,401,129,94;271,401,400,401,400,494,271,494;1;0;roboflow_universe:tatmantech/russian-license-plates-ec7zg@v2 <https://universe.roboflow.com/tatmantech/russian-license-plates-ec7zg>;CC-BY-4.0 (CC BY 4.0);day
images/real/roboflow_universe_tatmantech_russian-license-plates-ec7zg_v2/t534co42_png.rf.0a230ac0b9e5f1a59874d97a7f82adeb.jpg;########;type1;134,202,328,94;134,202,462,202,462,296,134,296;1;0;roboflow_universe:tatmantech/russian-license-plates-ec7zg@v2 <https://universe.roboflow.com/tatmantech/russian-license-plates-ec7zg>;CC-BY-4.0 (CC BY 4.0);day
images/real/roboflow_universe_tatmantech_russian-license-plates-ec7zg_v2/t534co42_png.rf.0a230ac0b9e5f1a59874d97a7f82adeb.jpg;########;type1;137,458,342,101;137,458,479,458,479,560,137,560;1;0;roboflow_universe:tatmantech/russian-license-plates-ec7zg@v2 <https://universe.roboflow.com/tatmantech/russian-license-plates-ec7zg>;CC-BY-4.0 (CC BY 4.0);day
images/real/roboflow_universe_tatmantech_russian-license-plates-ec7zg_v2/t534co42_png.rf.15ed491211c6c97087ee688c7d9c2c6f.jpg;########;type1;156,209,344,152;156,209,500,209,500,361,156,361;1;0;roboflow_universe:tatmantech/russian-license-plates-ec7zg@v2 <https://universe.roboflow.com/tatmantech/russian-license-plates-ec7zg>;CC-BY-4.0 (CC BY 4.0);night
images/real/roboflow_universe_tatmantech_russian-license-plates-ec7zg_v2/t534co42_png.rf.15ed491211c6c97087ee688c7d9c2c6f.jpg;########;type1;172,464,360,162;172,464,531,464,531,625,172,625;1;0;roboflow_universe:tatmantech/russian-license-plates-ec7zg@v2 <https://universe.roboflow.com/tatmantech/russian-license-plates-ec7zg>;CC-BY-4.0 (CC BY 4.0);night
images/real/roboflow_universe_tatmantech_russian-license-plates-ec7zg_v2/t534co42_png.rf.78ab02b47da06a6347ddae7fc2e57b21.jpg;########;type1;91,205,346,138;91,205,437,205,437,343,91,343;1;0;roboflow_universe:tatmantech/russian-license-plates-ec7zg@v2 <https://universe.roboflow.com/tatmantech/russian-license-plates-ec7zg>;CC-BY-4.0 (CC BY 4.0);day,glare
images/real/roboflow_universe_tatmantech_russian-license-plates-ec7zg_v2/t534co42_png.rf.78ab02b47da06a6347ddae7fc2e57b21.jpg;########;type1;75,462,362,147;75,462,436,462,436,609,75,609;1;0;roboflow_universe:tatmantech/russian-license-plates-ec7zg@v2 <https://universe.roboflow.com/tatmantech/russian-license-plates-ec7zg>;CC-BY-4.0 (CC BY 4.0);day,glare
images/real/roboflow_universe_tatmantech_russian-license-plates-ec7zg_v2/tao00755_png.rf.103ae5b9638ed42f13e4b7ebaf93ed9e.jpg;########;type1;24,132,616,299;24,132,640,132,640,431,24,431;1;0;roboflow_universe:tatmantech/russian-license-plates-ec7zg@v2 <https://universe.roboflow.com/tatmantech/russian-license-plates-ec7zg>;CC-BY-4.0 (CC BY 4.0);day,glare
images/real/roboflow_universe_tatmantech_russian-license-plates-ec7zg_v2/tao00755_png.rf.27cb07bc2196001df9f3e90892bd04c4.jpg;########;type1;0,172,632,402;0,172,632,172,632,574,0,574;1;0;roboflow_universe:tatmantech/russian-license-plates-ec7zg@v2 <https://universe.roboflow.com/tatmantech/russian-license-plates-ec7zg>;CC-BY-4.0 (CC BY 4.0);day,glare
images/real/roboflow_universe_tatmantech_russian-license-plates-ec7zg_v2/tao00755_png.rf.5bfca26f173d4d793ca8d2995663d3e9.jpg;########;type1;5,246,627,142;5,246,632,246,632,388,5,388;1;0;roboflow_universe:tatmantech/russian-license-plates-ec7zg@v2 <https://universe.roboflow.com/tatmantech/russian-license-plates-ec7zg>;CC-BY-4.0 (CC BY 4.0);day,glare
images/real/roboflow_universe_tatmantech_russian-license-plates-ec7zg_v2/tectabto_png.rf.6ee8af3401fe5541f778c1b26edaec81.jpg;########;type1;0,0,640,640;0,0,640,0,640,640,0,640;1;0;roboflow_universe:tatmantech/russian-license-plates-ec7zg@v2 <https://universe.roboflow.com/tatmantech/russian-license-plates-ec7zg>;CC-BY-4.0 (CC BY 4.0);day,glare
images/real/roboflow_universe_tatmantech_russian-license-plates-ec7zg_v2/tectabto_png.rf.815bd6e0e9566fc5b01a8ad7d7e71f68.jpg;########;type1;0,28,627,574;0,28,627,28,627,603,0,603;1;0;roboflow_universe:tatmantech/russian-license-plates-ec7zg@v2 <https://universe.roboflow.com/tatmantech/russian-license-plates-ec7zg>;CC-BY-4.0 (CC BY 4.0);day
images/real/roboflow_universe_tatmantech_russian-license-plates-ec7zg_v2/tectabto_png.rf.ea00c047517c9e394be713b86f9cab4e.jpg;########;type1;14,33,613,498;14,33,627,33,627,531,14,531;1;0;roboflow_universe:tatmantech/russian-license-plates-ec7zg@v2 <https://universe.roboflow.com/tatmantech/russian-license-plates-ec7zg>;CC-BY-4.0 (CC BY 4.0);day,glare
images/real/roboflow_universe_tatmantech_russian-license-plates-ec7zg_v2/uralrdn_png.rf.27d45ba1bc0d0a830984610988033ddf.jpg;########;type1;0,0,638,624;0,0,638,0,638,624,0,624;1;0;roboflow_universe:tatmantech/russian-license-plates-ec7zg@v2 <https://universe.roboflow.com/tatmantech/russian-license-plates-ec7zg>;CC-BY-4.0 (CC BY 4.0);day,glare
images/real/roboflow_universe_tatmantech_russian-license-plates-ec7zg_v2/uralrdn_png.rf.7cf27ce84cac39604191bfdf70e810b2.jpg;########;type1;0,0,640,640;0,0,640,0,640,640,0,640;1;0;roboflow_universe:tatmantech/russian-license-plates-ec7zg@v2 <https://universe.roboflow.com/tatmantech/russian-license-plates-ec7zg>;CC-BY-4.0 (CC BY 4.0);day
images/real/roboflow_universe_tatmantech_russian-license-plates-ec7zg_v2/uralrdn_png.rf.e4aa52acdd563a52e58b4e17ce7438b1.jpg;########;type1;0,0,640,640;0,0,640,0,640,640,0,640;1;0;roboflow_universe:tatmantech/russian-license-plates-ec7zg@v2 <https://universe.roboflow.com/tatmantech/russian-license-plates-ec7zg>;CC-BY-4.0 (CC BY 4.0);day,glare
images/real/roboflow_universe_tatmantech_russian-license-plates-ec7zg_v2/x022hp78_jpg.rf.137d478f1e374d12dab39aea09efbed7.jpg;X022HP78;type1;160,210,427,183;160,210,587,210,587,393,160,393;1;0;roboflow_universe:tatmantech/russian-license-plates-ec7zg@v2 <https://universe.roboflow.com/tatmantech/russian-license-plates-ec7zg>;CC-BY-4.0 (CC BY 4.0);day
images/real/roboflow_universe_tatmantech_russian-license-plates-ec7zg_v2/x022hp78_jpg.rf.9a9c553d47707d5918395df79db8b1c9.jpg;X022HP78;type1;118,153,417,208;118,153,536,153,536,361,118,361;1;0;roboflow_universe:tatmantech/russian-license-plates-ec7zg@v2 <https://universe.roboflow.com/tatmantech/russian-license-plates-ec7zg>;CC-BY-4.0 (CC BY 4.0);day
images/real/roboflow_universe_tatmantech_russian-license-plates-ec7zg_v2/x022hp78_jpg.rf.bebb9ef8677c7e7e9ec5e12797da3da2.jpg;X022HP78;type1;122,204,397,144;122,204,519,204,519,347,122,347;1;0;roboflow_universe:tatmantech/russian-license-plates-ec7zg@v2 <https://universe.roboflow.com/tatmantech/russian-license-plates-ec7zg>;CC-BY-4.0 (CC BY 4.0);day
images/real/roboflow_universe_tatmantech_russian-license-plates-ec7zg_v2/x052eh163_png.rf.29a7d5998af900e40224349e8e94c82b.jpg;########;type1;292,248,147,115;292,248,440,248,440,363,292,363;1;0;roboflow_universe:tatmantech/russian-license-plates-ec7zg@v2 <https://universe.roboflow.com/tatmantech/russian-license-plates-ec7zg>;CC-BY-4.0 (CC BY 4.0);day,glare
images/real/roboflow_universe_tatmantech_russian-license-plates-ec7zg_v2/x052eh163_png.rf.29a7d5998af900e40224349e8e94c82b.jpg;########;type1;584,201,37,12;584,201,620,201,620,213,584,213;1;0;roboflow_universe:tatmantech/russian-license-plates-ec7zg@v2 <https://universe.roboflow.com/tatmantech/russian-license-plates-ec7zg>;CC-BY-4.0 (CC BY 4.0);day,glare
images/real/roboflow_universe_tatmantech_russian-license-plates-ec7zg_v2/x052eh163_png.rf.7462ae21b2825ce33faa711707148dc1.jpg;########;type1;304,241,177,144;304,241,481,241,481,385,304,385;1;0;roboflow_universe:tatmantech/russian-license-plates-ec7zg@v2 <https://universe.roboflow.com/tatmantech/russian-license-plates-ec7zg>;CC-BY-4.0 (CC BY 4.0);day,glare
images/real/roboflow_universe_tatmantech_russian-license-plates-ec7zg_v2/x052eh163_png.rf.7462ae21b2825ce33faa711707148dc1.jpg;########;type1;577,178,40,20;577,178,617,178,617,198,577,198;1;0;roboflow_universe:tatmantech/russian-license-plates-ec7zg@v2 <https://universe.roboflow.com/tatmantech/russian-license-plates-ec7zg>;CC-BY-4.0 (CC BY 4.0);day,glare
images/real/roboflow_universe_tatmantech_russian-license-plates-ec7zg_v2/x052eh163_png.rf.d24940dd3e8f2188acae5de6ead00401.jpg;########;type1;264,283,164,145;264,283,427,283,427,428,264,428;1;0;roboflow_universe:tatmantech/russian-license-plates-ec7zg@v2 <https://universe.roboflow.com/tatmantech/russian-license-plates-ec7zg>;CC-BY-4.0 (CC BY 4.0);day,glare
images/real/roboflow_universe_tatmantech_russian-license-plates-ec7zg_v2/x052eh163_png.rf.d24940dd3e8f2188acae5de6ead00401.jpg;########;type1;574,295,39,20;574,295,613,295,613,315,574,315;1;0;roboflow_universe:tatmantech/russian-license-plates-ec7zg@v2 <https://universe.roboflow.com/tatmantech/russian-license-plates-ec7zg>;CC-BY-4.0 (CC BY 4.0);day,glare
images/real/roboflow_universe_tatmantech_russian-license-plates-ec7zg_v2/x090ba78_png.rf.46afe60c12a8a20a8c51def8088d197b.jpg;X090BA78;type1;131,285,306,148;131,285,437,285,437,432,131,432;1;0;roboflow_universe:tatmantech/russian-license-plates-ec7zg@v2 <https://universe.roboflow.com/tatmantech/russian-license-plates-ec7zg>;CC-BY-4.0 (CC BY 4.0);night
images/real/roboflow_universe_tatmantech_russian-license-plates-ec7zg_v2/x090ba78_png.rf.a0e634b13ee888bab4707bb4fc034031.jpg;X090BA78;type1;219,206,312,172;219,206,532,206,532,378,219,378;1;0;roboflow_universe:tatmantech/russian-license-plates-ec7zg@v2 <https://universe.roboflow.com/tatmantech/russian-license-plates-ec7zg>;CC-BY-4.0 (CC BY 4.0);night
images/real/roboflow_universe_tatmantech_russian-license-plates-ec7zg_v2/x090ba78_png.rf.c386d1999e26c072f5e61bd0d12f30db.jpg;X090BA78;type1;186,282,282,100;186,282,468,282,468,381,186,381;1;0;roboflow_universe:tatmantech/russian-license-plates-ec7zg@v2 <https://universe.roboflow.com/tatmantech/russian-license-plates-ec7zg>;CC-BY-4.0 (CC BY 4.0);day,glare
images/real/roboflow_universe_tatmantech_russian-license-plates-ec7zg_v2/x091kc37_jpg.rf.41841c910aa3e76291c104dc6b6aa365.jpg;X091KC37;type1;380,293,152,113;380,293,532,293,532,407,380,407;1;0;roboflow_universe:tatmantech/russian-license-plates-ec7zg@v2 <https://universe.roboflow.com/tatmantech/russian-license-plates-ec7zg>;CC-BY-4.0 (CC BY 4.0);night
images/real/roboflow_universe_tatmantech_russian-license-plates-ec7zg_v2/x091kc37_jpg.rf.525b2254aca560c7dee4f26aa1ff0f18.jpg;X091KC37;type1;442,318,139,118;442,318,582,318,582,436,442,436;1;0;roboflow_universe:tatmantech/russian-license-plates-ec7zg@v2 <https://universe.roboflow.com/tatmantech/russian-license-plates-ec7zg>;CC-BY-4.0 (CC BY 4.0);night
images/real/roboflow_universe_tatmantech_russian-license-plates-ec7zg_v2/x091kc37_jpg.rf.8a3e5dea092de672c54f72b783d666c8.jpg;X091KC37;type1;440,294,125,76;440,294,564,294,564,371,440,371;1;0;roboflow_universe:tatmantech/russian-license-plates-ec7zg@v2 <https://universe.roboflow.com/tatmantech/russian-license-plates-ec7zg>;CC-BY-4.0 (CC BY 4.0);night
images/real/roboflow_universe_tatmantech_russian-license-plates-ec7zg_v2/x091kc37_png.rf.8d57e5e53e7c5d57b65fa9f1ed91832c.jpg;X091KC37;type1;465,202,140,111;465,202,604,202,604,313,465,313;1;0;roboflow_universe:tatmantech/russian-license-plates-ec7zg@v2 <https://universe.roboflow.com/tatmantech/russian-license-plates-ec7zg>;CC-BY-4.0 (CC BY 4.0);night
images/real/huggingface_AY000554_Car_plate_detecting_dataset/10020.jpg;########;type1;389,653,184,44;389,653,573,653,573,697,389,697;1;0;huggingface:AY000554/Car_plate_detecting_dataset <https://huggingface.co/datasets/AY000554/Car_plate_detecting_dataset>;CC-BY-4.0 (CC BY 4.0);day,glare
images/real/huggingface_AY000554_Car_plate_detecting_dataset/10020.jpg;########;type1;1235,637,120,36;1235,637,1355,637,1355,673,1235,673;1;0;huggingface:AY000554/Car_plate_detecting_dataset <https://huggingface.co/datasets/AY000554/Car_plate_detecting_dataset>;CC-BY-4.0 (CC BY 4.0);day,glare
images/real/huggingface_AY000554_Car_plate_detecting_dataset/10038.jpg;########;type1;422,847,136,34;422,847,558,847,558,881,422,881;1;0;huggingface:AY000554/Car_plate_detecting_dataset <https://huggingface.co/datasets/AY000554/Car_plate_detecting_dataset>;CC-BY-4.0 (CC BY 4.0);day,glare,motion_blur
images/real/huggingface_AY000554_Car_plate_detecting_dataset/1006.jpg;########;type1;346,283,113,25;346,283,459,283,459,308,346,308;1;0;huggingface:AY000554/Car_plate_detecting_dataset <https://huggingface.co/datasets/AY000554/Car_plate_detecting_dataset>;CC-BY-4.0 (CC BY 4.0);day,motion_blur
images/real/huggingface_AY000554_Car_plate_detecting_dataset/10072.jpg;########;type1;486,650,220,53;486,650,706,650,706,703,486,703;1;0;huggingface:AY000554/Car_plate_detecting_dataset <https://huggingface.co/datasets/AY000554/Car_plate_detecting_dataset>;CC-BY-4.0 (CC BY 4.0);day,glare
images/real/huggingface_AY000554_Car_plate_detecting_dataset/10100.jpg;########;type1;803,617,296,63;803,617,1099,617,1099,680,803,680;1;0;huggingface:AY000554/Car_plate_detecting_dataset <https://huggingface.co/datasets/AY000554/Car_plate_detecting_dataset>;CC-BY-4.0 (CC BY 4.0);day
images/real/huggingface_AY000554_Car_plate_detecting_dataset/10109.jpg;########;type1;268,475,155,43;268,475,423,475,423,518,268,518;1;0;huggingface:AY000554/Car_plate_detecting_dataset <https://huggingface.co/datasets/AY000554/Car_plate_detecting_dataset>;CC-BY-4.0 (CC BY 4.0);day
images/real/huggingface_AY000554_Car_plate_detecting_dataset/10145.jpg;########;type1;530,502,223,47;530,502,753,502,753,549,530,549;1;0;huggingface:AY000554/Car_plate_detecting_dataset <https://huggingface.co/datasets/AY000554/Car_plate_detecting_dataset>;CC-BY-4.0 (CC BY 4.0);day
images/real/huggingface_AY000554_Car_plate_detecting_dataset/10164.jpg;########;type1;340,365,196,42;340,365,536,365,536,407,340,407;1;0;huggingface:AY000554/Car_plate_detecting_dataset <https://huggingface.co/datasets/AY000554/Car_plate_detecting_dataset>;CC-BY-4.0 (CC BY 4.0);day
images/real/huggingface_AY000554_Car_plate_detecting_dataset/10199.jpg;########;type1;205,705,186,72;205,705,391,705,391,777,205,777;1;0;huggingface:AY000554/Car_plate_detecting_dataset <https://huggingface.co/datasets/AY000554/Car_plate_detecting_dataset>;CC-BY-4.0 (CC BY 4.0);day
images/real/huggingface_AY000554_Car_plate_detecting_dataset/10205.jpg;########;type1;598,687,177,37;598,687,775,687,775,724,598,724;1;0;huggingface:AY000554/Car_plate_detecting_dataset <https://huggingface.co/datasets/AY000554/Car_plate_detecting_dataset>;CC-BY-4.0 (CC BY 4.0);day
images/real/huggingface_AY000554_Car_plate_detecting_dataset/10215.jpg;########;type1;782,924,160,43;782,924,942,924,942,967,782,967;1;0;huggingface:AY000554/Car_plate_detecting_dataset <https://huggingface.co/datasets/AY000554/Car_plate_detecting_dataset>;CC-BY-4.0 (CC BY 4.0);day,glare
images/real/huggingface_AY000554_Car_plate_detecting_dataset/10225.jpg;########;type1;229,264,109,31;229,264,338,264,338,295,229,295;1;0;huggingface:AY000554/Car_plate_detecting_dataset <https://huggingface.co/datasets/AY000554/Car_plate_detecting_dataset>;CC-BY-4.0 (CC BY 4.0);day
images/real/huggingface_AY000554_Car_plate_detecting_dataset/10234.jpg;########;type1;418,555,232,54;418,555,650,555,650,609,418,609;1;0;huggingface:AY000554/Car_plate_detecting_dataset <https://huggingface.co/datasets/AY000554/Car_plate_detecting_dataset>;CC-BY-4.0 (CC BY 4.0);day
images/real/huggingface_AY000554_Car_plate_detecting_dataset/10266.jpg;########;type1;422,791,318,90;422,791,740,791,740,881,422,881;1;0;huggingface:AY000554/Car_plate_detecting_dataset <https://huggingface.co/datasets/AY000554/Car_plate_detecting_dataset>;CC-BY-4.0 (CC BY 4.0);day,glare
images/real/huggingface_AY000554_Car_plate_detecting_dataset/10278.jpg;########;type1;867,671,279,128;867,671,1146,671,1146,799,867,799;1;0;huggingface:AY000554/Car_plate_detecting_dataset <https://huggingface.co/datasets/AY000554/Car_plate_detecting_dataset>;CC-BY-4.0 (CC BY 4.0);day,glare
images/real/huggingface_AY000554_Car_plate_detecting_dataset/1029.jpg;########;type1;499,414,90,30;499,414,589,414,589,444,499,444;1;0;huggingface:AY000554/Car_plate_detecting_dataset <https://huggingface.co/datasets/AY000554/Car_plate_detecting_dataset>;CC-BY-4.0 (CC BY 4.0);day
images/real/huggingface_AY000554_Car_plate_detecting_dataset/10293.jpg;########;type1;436,1045,251,59;436,1045,687,1045,687,1104,436,1104;1;0;huggingface:AY000554/Car_plate_detecting_dataset <https://huggingface.co/datasets/AY000554/Car_plate_detecting_dataset>;CC-BY-4.0 (CC BY 4.0);day,motion_blur
images/real/huggingface_AY000554_Car_plate_detecting_dataset/10294.jpg;########;type1;242,675,81,28;242,675,323,675,323,703,242,703;1;0;huggingface:AY000554/Car_plate_detecting_dataset <https://huggingface.co/datasets/AY000554/Car_plate_detecting_dataset>;CC-BY-4.0 (CC BY 4.0);day,glare
images/real/huggingface_AY000554_Car_plate_detecting_dataset/10294.jpg;########;type1;926,755,270,57;926,755,1196,755,1196,812,926,812;1;0;huggingface:AY000554/Car_plate_detecting_dataset <https://huggingface.co/datasets/AY000554/Car_plate_detecting_dataset>;CC-BY-4.0 (CC BY 4.0);day,glare
images/real/huggingface_AY000554_Car_plate_detecting_dataset/10320.jpg;########;type1;1109,704,214,84;1109,704,1323,704,1323,788,1109,788;1;0;huggingface:AY000554/Car_plate_detecting_dataset <https://huggingface.co/datasets/AY000554/Car_plate_detecting_dataset>;CC-BY-4.0 (CC BY 4.0);day,glare
images/real/huggingface_AY000554_Car_plate_detecting_dataset/10323.jpg;########;type1;249,435,90,23;249,435,339,435,339,458,249,458;1;0;huggingface:AY000554/Car_plate_detecting_dataset <https://huggingface.co/datasets/AY000554/Car_plate_detecting_dataset>;CC-BY-4.0 (CC BY 4.0);day,glare
images/real/huggingface_AY000554_Car_plate_detecting_dataset/10332.jpg;########;type1;1363,907,186,50;1363,907,1549,907,1549,957,1363,957;1;0;huggingface:AY000554/Car_plate_detecting_dataset <https://huggingface.co/datasets/AY000554/Car_plate_detecting_dataset>;CC-BY-4.0 (CC BY 4.0);day
images/real/huggingface_AY000554_Car_plate_detecting_dataset/10337.jpg;########;type1;772,657,152,68;772,657,924,657,924,725,772,725;1;0;huggingface:AY000554/Car_plate_detecting_dataset <https://huggingface.co/datasets/AY000554/Car_plate_detecting_dataset>;CC-BY-4.0 (CC BY 4.0);day
images/real/huggingface_AY000554_Car_plate_detecting_dataset/10341.jpg;########;type1;280,358,191,33;280,358,471,358,471,391,280,391;1;0;huggingface:AY000554/Car_plate_detecting_dataset <https://huggingface.co/datasets/AY000554/Car_plate_detecting_dataset>;CC-BY-4.0 (CC BY 4.0);day
images/real/huggingface_AY000554_Car_plate_detecting_dataset/10356.jpg;########;type1;1116,839,234,93;1116,839,1350,839,1350,932,1116,932;1;0;huggingface:AY000554/Car_plate_detecting_dataset <https://huggingface.co/datasets/AY000554/Car_plate_detecting_dataset>;CC-BY-4.0 (CC BY 4.0);day
images/real/huggingface_AY000554_Car_plate_detecting_dataset/10359.jpg;########;type1;179,233,121,30;179,233,300,233,300,263,179,263;1;0;huggingface:AY000554/Car_plate_detecting_dataset <https://huggingface.co/datasets/AY000554/Car_plate_detecting_dataset>;CC-BY-4.0 (CC BY 4.0);day
images/real/huggingface_AY000554_Car_plate_detecting_dataset/10361.jpg;########;type1;652,400,176,66;652,400,828,400,828,466,652,466;1;0;huggingface:AY000554/Car_plate_detecting_dataset <https://huggingface.co/datasets/AY000554/Car_plate_detecting_dataset>;CC-BY-4.0 (CC BY 4.0);day,glare
images/real/huggingface_AY000554_Car_plate_detecting_dataset/10365.jpg;########;type1;496,590,249,63;496,590,745,590,745,653,496,653;1;0;huggingface:AY000554/Car_plate_detecting_dataset <https://huggingface.co/datasets/AY000554/Car_plate_detecting_dataset>;CC-BY-4.0 (CC BY 4.0);day
images/real/huggingface_AY000554_Car_plate_detecting_dataset/10370.jpg;########;type1;274,299,162,45;274,299,436,299,436,344,274,344;1;0;huggingface:AY000554/Car_plate_detecting_dataset <https://huggingface.co/datasets/AY000554/Car_plate_detecting_dataset>;CC-BY-4.0 (CC BY 4.0);day
images/real/huggingface_AY000554_Car_plate_detecting_dataset/10375.jpg;########;type1;182,421,175,36;182,421,357,421,357,457,182,457;1;0;huggingface:AY000554/Car_plate_detecting_dataset <https://huggingface.co/datasets/AY000554/Car_plate_detecting_dataset>;CC-BY-4.0 (CC BY 4.0);day
images/real/huggingface_AY000554_Car_plate_detecting_dataset/10395.jpg;########;type1;954,612,142,38;954,612,1096,612,1096,650,954,650;1;0;huggingface:AY000554/Car_plate_detecting_dataset <https://huggingface.co/datasets/AY000554/Car_plate_detecting_dataset>;CC-BY-4.0 (CC BY 4.0);day
images/real/huggingface_AY000554_Car_plate_detecting_dataset/10398.jpg;########;type1;233,1531,249,66;233,1531,482,1531,482,1597,233,1597;1;0;huggingface:AY000554/Car_plate_detecting_dataset <https://huggingface.co/datasets/AY000554/Car_plate_detecting_dataset>;CC-BY-4.0 (CC BY 4.0);day,motion_blur
images/real/huggingface_AY000554_Car_plate_detecting_dataset/1042.jpg;########;type1;577,616,330,77;577,616,907,616,907,693,577,693;1;0;huggingface:AY000554/Car_plate_detecting_dataset <https://huggingface.co/datasets/AY000554/Car_plate_detecting_dataset>;CC-BY-4.0 (CC BY 4.0);day,glare
images/real/huggingface_AY000554_Car_plate_detecting_dataset/10433.jpg;########;type1;356,358,340,67;356,358,696,358,696,425,356,425;1;0;huggingface:AY000554/Car_plate_detecting_dataset <https://huggingface.co/datasets/AY000554/Car_plate_detecting_dataset>;CC-BY-4.0 (CC BY 4.0);day,glare
images/real/huggingface_AY000554_Car_plate_detecting_dataset/10448.jpg;########;type1;1434,1210,269,69;1434,1210,1703,1210,1703,1279,1434,1279;1;0;huggingface:AY000554/Car_plate_detecting_dataset <https://huggingface.co/datasets/AY000554/Car_plate_detecting_dataset>;CC-BY-4.0 (CC BY 4.0);day,glare
images/real/huggingface_AY000554_Car_plate_detecting_dataset/10493.jpg;########;type1;652,839,204,47;652,839,856,839,856,886,652,886;1;0;huggingface:AY000554/Car_plate_detecting_dataset <https://huggingface.co/datasets/AY000554/Car_plate_detecting_dataset>;CC-BY-4.0 (CC BY 4.0);day
images/real/huggingface_AY000554_Car_plate_detecting_dataset/10494.jpg;########;type1;1164,969,416,113;1164,969,1580,969,1580,1082,1164,1082;1;0;huggingface:AY000554/Car_plate_detecting_dataset <https://huggingface.co/datasets/AY000554/Car_plate_detecting_dataset>;CC-BY-4.0 (CC BY 4.0);day
images/real/huggingface_AY000554_Car_plate_detecting_dataset/1052.jpg;########;type1;1227,486,133,64;1227,486,1360,486,1360,550,1227,550;1;0;huggingface:AY000554/Car_plate_detecting_dataset <https://huggingface.co/datasets/AY000554/Car_plate_detecting_dataset>;CC-BY-4.0 (CC BY 4.0);day,glare
images/real/huggingface_AY000554_Car_plate_detecting_dataset/10529.jpg;########;type1;421,712,318,74;421,712,739,712,739,786,421,786;1;0;huggingface:AY000554/Car_plate_detecting_dataset <https://huggingface.co/datasets/AY000554/Car_plate_detecting_dataset>;CC-BY-4.0 (CC BY 4.0);day
images/real/huggingface_AY000554_Car_plate_detecting_dataset/10600.jpg;########;type1;595,1000,563,149;595,1000,1158,1000,1158,1149,595,1149;1;0;huggingface:AY000554/Car_plate_detecting_dataset <https://huggingface.co/datasets/AY000554/Car_plate_detecting_dataset>;CC-BY-4.0 (CC BY 4.0);day,motion_blur
images/real/huggingface_AY000554_Car_plate_detecting_dataset/10604.jpg;########;type1;813,572,374,97;813,572,1187,572,1187,669,813,669;1;0;huggingface:AY000554/Car_plate_detecting_dataset <https://huggingface.co/datasets/AY000554/Car_plate_detecting_dataset>;CC-BY-4.0 (CC BY 4.0);day,motion_blur
images/real/huggingface_AY000554_Car_plate_detecting_dataset/10607.jpg;########;type1;970,675,235,47;970,675,1205,675,1205,722,970,722;1;0;huggingface:AY000554/Car_plate_detecting_dataset <https://huggingface.co/datasets/AY000554/Car_plate_detecting_dataset>;CC-BY-4.0 (CC BY 4.0);day,motion_blur
images/real/huggingface_AY000554_Car_plate_detecting_dataset/10643.jpg;########;type1;820,1050,222,45;820,1050,1042,1050,1042,1095,820,1095;1;0;huggingface:AY000554/Car_plate_detecting_dataset <https://huggingface.co/datasets/AY000554/Car_plate_detecting_dataset>;CC-BY-4.0 (CC BY 4.0);day,glare
images/real/huggingface_AY000554_Car_plate_detecting_dataset/10652.jpg;########;type1;297,469,252,82;297,469,549,469,549,551,297,551;1;0;huggingface:AY000554/Car_plate_detecting_dataset <https://huggingface.co/datasets/AY000554/Car_plate_detecting_dataset>;CC-BY-4.0 (CC BY 4.0);day
images/real/huggingface_AY000554_Car_plate_detecting_dataset/10657.jpg;########;type1;549,345,256,60;549,345,805,345,805,405,549,405;1;0;huggingface:AY000554/Car_plate_detecting_dataset <https://huggingface.co/datasets/AY000554/Car_plate_detecting_dataset>;CC-BY-4.0 (CC BY 4.0);day
images/real/huggingface_AY000554_Car_plate_detecting_dataset/10675.jpg;########;type1;349,724,458,150;349,724,807,724,807,874,349,874;1;0;huggingface:AY000554/Car_plate_detecting_dataset <https://huggingface.co/datasets/AY000554/Car_plate_detecting_dataset>;CC-BY-4.0 (CC BY 4.0);day,glare
images/real/huggingface_AY000554_Car_plate_detecting_dataset/10675.jpg;########;type1;1151,63,73,20;1151,63,1224,63,1224,83,1151,83;1;0;huggingface:AY000554/Car_plate_detecting_dataset <https://huggingface.co/datasets/AY000554/Car_plate_detecting_dataset>;CC-BY-4.0 (CC BY 4.0);day,glare
images/real/huggingface_AY000554_Car_plate_detecting_dataset/1068.jpg;########;type1;343,442,275,46;343,442,618,442,618,488,343,488;1;0;huggingface:AY000554/Car_plate_detecting_dataset <https://huggingface.co/datasets/AY000554/Car_plate_detecting_dataset>;CC-BY-4.0 (CC BY 4.0);day,glare
images/real/huggingface_AY000554_Car_plate_detecting_dataset/1069.jpg;########;type1;341,634,136,32;341,634,477,634,477,666,341,666;1;0;huggingface:AY000554/Car_plate_detecting_dataset <https://huggingface.co/datasets/AY000554/Car_plate_detecting_dataset>;CC-BY-4.0 (CC BY 4.0);day
images/real/huggingface_AY000554_Car_plate_detecting_dataset/10692.jpg;########;type1;264,475,194,51;264,475,458,475,458,526,264,526;1;0;huggingface:AY000554/Car_plate_detecting_dataset <https://huggingface.co/datasets/AY000554/Car_plate_detecting_dataset>;CC-BY-4.0 (CC BY 4.0);day
images/real/huggingface_AY000554_Car_plate_detecting_dataset/1074.jpg;########;type1;211,659,200,91;211,659,411,659,411,750,211,750;1;0;huggingface:AY000554/Car_plate_detecting_dataset <https://huggingface.co/datasets/AY000554/Car_plate_detecting_dataset>;CC-BY-4.0 (CC BY 4.0);day
images/real/huggingface_AY000554_Car_plate_detecting_dataset/10761.jpg;########;type1;602,473,131,32;602,473,733,473,733,505,602,505;1;0;huggingface:AY000554/Car_plate_detecting_dataset <https://huggingface.co/datasets/AY000554/Car_plate_detecting_dataset>;CC-BY-4.0 (CC BY 4.0);day,glare
images/real/huggingface_AY000554_Car_plate_detecting_dataset/10785.jpg;########;type1;306,488,212,45;306,488,518,488,518,533,306,533;1;0;huggingface:AY000554/Car_plate_detecting_dataset <https://huggingface.co/datasets/AY000554/Car_plate_detecting_dataset>;CC-BY-4.0 (CC BY 4.0);day
images/real/huggingface_AY000554_Car_plate_detecting_dataset/10787.jpg;########;type1;234,723,221,98;234,723,455,723,455,821,234,821;1;0;huggingface:AY000554/Car_plate_detecting_dataset <https://huggingface.co/datasets/AY000554/Car_plate_detecting_dataset>;CC-BY-4.0 (CC BY 4.0);day,glare
images/real/huggingface_AY000554_Car_plate_detecting_dataset/10792.jpg;########;type1;467,847,177,41;467,847,644,847,644,888,467,888;1;0;huggingface:AY000554/Car_plate_detecting_dataset <https://huggingface.co/datasets/AY000554/Car_plate_detecting_dataset>;CC-BY-4.0 (CC BY 4.0);day
images/real/huggingface_AY000554_Car_plate_detecting_dataset/10795.jpg;########;type1;624,580,264,62;624,580,888,580,888,642,624,642;1;0;huggingface:AY000554/Car_plate_detecting_dataset <https://huggingface.co/datasets/AY000554/Car_plate_detecting_dataset>;CC-BY-4.0 (CC BY 4.0);day,glare
images/real/huggingface_AY000554_Car_plate_detecting_dataset/1081.jpg;########;type1;204,643,208,72;204,643,412,643,412,715,204,715;1;0;huggingface:AY000554/Car_plate_detecting_dataset <https://huggingface.co/datasets/AY000554/Car_plate_detecting_dataset>;CC-BY-4.0 (CC BY 4.0);day
images/real/huggingface_AY000554_Car_plate_detecting_dataset/10816.jpg;########;type1;232,386,132,45;232,386,364,386,364,431,232,431;1;0;huggingface:AY000554/Car_plate_detecting_dataset <https://huggingface.co/datasets/AY000554/Car_plate_detecting_dataset>;CC-BY-4.0 (CC BY 4.0);day,glare
images/real/huggingface_AY000554_Car_plate_detecting_dataset/10818.jpg;########;type1;136,271,146,43;136,271,282,271,282,314,136,314;1;0;huggingface:AY000554/Car_plate_detecting_dataset <https://huggingface.co/datasets/AY000554/Car_plate_detecting_dataset>;CC-BY-4.0 (CC BY 4.0);day,glare
images/real/huggingface_AY000554_Car_plate_detecting_dataset/10821.jpg;########;type1;1203,662,89,41;1203,662,1292,662,1292,703,1203,703;1;0;huggingface:AY000554/Car_plate_detecting_dataset <https://huggingface.co/datasets/AY000554/Car_plate_detecting_dataset>;CC-BY-4.0 (CC BY 4.0);day
images/real/huggingface_AY000554_Car_plate_detecting_dataset/10823.jpg;########;type1;766,468,133,59;766,468,899,468,899,527,766,527;1;0;huggingface:AY000554/Car_plate_detecting_dataset <https://huggingface.co/datasets/AY000554/Car_plate_detecting_dataset>;CC-BY-4.0 (CC BY 4.0);day,glare
images/real/huggingface_AY000554_Car_plate_detecting_dataset/10845.jpg;########;type1;999,608,277,66;999,608,1276,608,1276,674,999,674;1;0;huggingface:AY000554/Car_plate_detecting_dataset <https://huggingface.co/datasets/AY000554/Car_plate_detecting_dataset>;CC-BY-4.0 (CC BY 4.0);day,glare
images/real/huggingface_AY000554_Car_plate_detecting_dataset/10851.jpg;########;type1;608,559,269,69;608,559,877,559,877,628,608,628;1;0;huggingface:AY000554/Car_plate_detecting_dataset <https://huggingface.co/datasets/AY000554/Car_plate_detecting_dataset>;CC-BY-4.0 (CC BY 4.0);day
images/real/huggingface_AY000554_Car_plate_detecting_dataset/10852.jpg;########;type1;302,461,184,54;302,461,486,461,486,515,302,515;1;0;huggingface:AY000554/Car_plate_detecting_dataset <https://huggingface.co/datasets/AY000554/Car_plate_detecting_dataset>;CC-BY-4.0 (CC BY 4.0);day
images/real/huggingface_AY000554_Car_plate_detecting_dataset/10854.jpg;########;type1;407,1021,333,97;407,1021,740,1021,740,1118,407,1118;1;0;huggingface:AY000554/Car_plate_detecting_dataset <https://huggingface.co/datasets/AY000554/Car_plate_detecting_dataset>;CC-BY-4.0 (CC BY 4.0);day,glare,motion_blur
images/real/huggingface_AY000554_Car_plate_detecting_dataset/10857.jpg;########;type1;203,568,79,29;203,568,282,568,282,597,203,597;1;0;huggingface:AY000554/Car_plate_detecting_dataset <https://huggingface.co/datasets/AY000554/Car_plate_detecting_dataset>;CC-BY-4.0 (CC BY 4.0);day
images/real/huggingface_AY000554_Car_plate_detecting_dataset/1086.jpg;########;type1;406,354,232,48;406,354,638,354,638,402,406,402;1;0;huggingface:AY000554/Car_plate_detecting_dataset <https://huggingface.co/datasets/AY000554/Car_plate_detecting_dataset>;CC-BY-4.0 (CC BY 4.0);day,glare
images/real/huggingface_AY000554_Car_plate_detecting_dataset/10868.jpg;########;type1;178,315,153,48;178,315,331,315,331,363,178,363;1;0;huggingface:AY000554/Car_plate_detecting_dataset <https://huggingface.co/datasets/AY000554/Car_plate_detecting_dataset>;CC-BY-4.0 (CC BY 4.0);day
images/real/huggingface_AY000554_Car_plate_detecting_dataset/10869.jpg;########;type1;293,562,212,52;293,562,505,562,505,614,293,614;1;0;huggingface:AY000554/Car_plate_detecting_dataset <https://huggingface.co/datasets/AY000554/Car_plate_detecting_dataset>;CC-BY-4.0 (CC BY 4.0);day
images/real/huggingface_AY000554_Car_plate_detecting_dataset/10887.jpg;########;type1;435,407,139,29;435,407,574,407,574,436,435,436;1;0;huggingface:AY000554/Car_plate_detecting_dataset <https://huggingface.co/datasets/AY000554/Car_plate_detecting_dataset>;CC-BY-4.0 (CC BY 4.0);day,glare
images/real/huggingface_AY000554_Car_plate_detecting_dataset/10892.jpg;########;type1;560,561,224,46;560,561,784,561,784,607,560,607;1;0;huggingface:AY000554/Car_plate_detecting_dataset <https://huggingface.co/datasets/AY000554/Car_plate_detecting_dataset>;CC-BY-4.0 (CC BY 4.0);day,glare,motion_blur
images/real/huggingface_AY000554_Car_plate_detecting_dataset/10906.jpg;########;type1;327,849,238,70;327,849,565,849,565,919,327,919;1;0;huggingface:AY000554/Car_plate_detecting_dataset <https://huggingface.co/datasets/AY000554/Car_plate_detecting_dataset>;CC-BY-4.0 (CC BY 4.0);day
images/real/huggingface_AY000554_Car_plate_detecting_dataset/10930.jpg;########;type1;433,575,243,77;433,575,676,575,676,652,433,652;1;0;huggingface:AY000554/Car_plate_detecting_dataset <https://huggingface.co/datasets/AY000554/Car_plate_detecting_dataset>;CC-BY-4.0 (CC BY 4.0);day
images/real/huggingface_AY000554_Car_plate_detecting_dataset/10979.jpg;########;type1;488,652,116,28;488,652,604,652,604,680,488,680;1;0;huggingface:AY000554/Car_plate_detecting_dataset <https://huggingface.co/datasets/AY000554/Car_plate_detecting_dataset>;CC-BY-4.0 (CC BY 4.0);day
images/real/huggingface_AY000554_Car_plate_detecting_dataset/10984.jpg;########;type1;914,655,213,55;914,655,1127,655,1127,710,914,710;1;0;huggingface:AY000554/Car_plate_detecting_dataset <https://huggingface.co/datasets/AY000554/Car_plate_detecting_dataset>;CC-BY-4.0 (CC BY 4.0);day
images/real/huggingface_AY000554_Car_plate_detecting_dataset/10993.jpg;########;type1;70,517,82,64;70,517,152,517,152,581,70,581;1;0;huggingface:AY000554/Car_plate_detecting_dataset <https://huggingface.co/datasets/AY000554/Car_plate_detecting_dataset>;CC-BY-4.0 (CC BY 4.0);day
images/real/huggingface_AY000554_Car_plate_detecting_dataset/11004.jpg;########;type1;455,628,233,55;455,628,688,628,688,683,455,683;1;0;huggingface:AY000554/Car_plate_detecting_dataset <https://huggingface.co/datasets/AY000554/Car_plate_detecting_dataset>;CC-BY-4.0 (CC BY 4.0);day
images/real/huggingface_AY000554_Car_plate_detecting_dataset/11022.jpg;########;type1;997,866,180,48;997,866,1177,866,1177,914,997,914;1;0;huggingface:AY000554/Car_plate_detecting_dataset <https://huggingface.co/datasets/AY000554/Car_plate_detecting_dataset>;CC-BY-4.0 (CC BY 4.0);day
images/real/huggingface_AY000554_Car_plate_detecting_dataset/11052.jpg;########;type1;245,570,237,120;245,570,482,570,482,690,245,690;1;0;huggingface:AY000554/Car_plate_detecting_dataset <https://huggingface.co/datasets/AY000554/Car_plate_detecting_dataset>;CC-BY-4.0 (CC BY 4.0);day,glare
images/real/huggingface_AY000554_Car_plate_detecting_dataset/1112.jpg;########;type1;858,547,80,33;858,547,938,547,938,580,858,580;1;0;huggingface:AY000554/Car_plate_detecting_dataset <https://huggingface.co/datasets/AY000554/Car_plate_detecting_dataset>;CC-BY-4.0 (CC BY 4.0);day,glare
images/real/huggingface_AY000554_Car_plate_detecting_dataset/11139.jpg;########;type1;676,1053,171,56;676,1053,847,1053,847,1109,676,1109;1;0;huggingface:AY000554/Car_plate_detecting_dataset <https://huggingface.co/datasets/AY000554/Car_plate_detecting_dataset>;CC-BY-4.0 (CC BY 4.0);day
images/real/huggingface_AY000554_Car_plate_detecting_dataset/1115.jpg;########;type1;198,389,191,46;198,389,389,389,389,435,198,435;1;0;huggingface:AY000554/Car_plate_detecting_dataset <https://huggingface.co/datasets/AY000554/Car_plate_detecting_dataset>;CC-BY-4.0 (CC BY 4.0);day
images/real/huggingface_AY000554_Car_plate_detecting_dataset/11156.jpg;########;type1;360,471,218,70;360,471,578,471,578,541,360,541;1;0;huggingface:AY000554/Car_plate_detecting_dataset <https://huggingface.co/datasets/AY000554/Car_plate_detecting_dataset>;CC-BY-4.0 (CC BY 4.0);day
images/real/huggingface_AY000554_Car_plate_detecting_dataset/11161.jpg;########;type1;534,589,436,112;534,589,970,589,970,701,534,701;1;0;huggingface:AY000554/Car_plate_detecting_dataset <https://huggingface.co/datasets/AY000554/Car_plate_detecting_dataset>;CC-BY-4.0 (CC BY 4.0);day
images/real/huggingface_AY000554_Car_plate_detecting_dataset/11175.jpg;########;type1;419,442,189,55;419,442,608,442,608,497,419,497;1;0;huggingface:AY000554/Car_plate_detecting_dataset <https://huggingface.co/datasets/AY000554/Car_plate_detecting_dataset>;CC-BY-4.0 (CC BY 4.0);day
images/real/huggingface_AY000554_Car_plate_detecting_dataset/11192.jpg;########;type1;671,1142,261,74;671,1142,932,1142,932,1216,671,1216;1;0;huggingface:AY000554/Car_plate_detecting_dataset <https://huggingface.co/datasets/AY000554/Car_plate_detecting_dataset>;CC-BY-4.0 (CC BY 4.0);day,glare
images/real/huggingface_AY000554_Car_plate_detecting_dataset/11206.jpg;########;type1;841,526,120,38;841,526,961,526,961,564,841,564;1;0;huggingface:AY000554/Car_plate_detecting_dataset <https://huggingface.co/datasets/AY000554/Car_plate_detecting_dataset>;CC-BY-4.0 (CC BY 4.0);day,glare
images/real/huggingface_AY000554_Car_plate_detecting_dataset/11214.jpg;########;type1;915,661,275,62;915,661,1190,661,1190,723,915,723;1;0;huggingface:AY000554/Car_plate_detecting_dataset <https://huggingface.co/datasets/AY000554/Car_plate_detecting_dataset>;CC-BY-4.0 (CC BY 4.0);day,glare
images/real/huggingface_AY000554_Car_plate_detecting_dataset/11244.jpg;########;type1;527,292,124,36;527,292,651,292,651,328,527,328;1;0;huggingface:AY000554/Car_plate_detecting_dataset <https://huggingface.co/datasets/AY000554/Car_plate_detecting_dataset>;CC-BY-4.0 (CC BY 4.0);day
images/real/huggingface_AY000554_Car_plate_detecting_dataset/11259.jpg;########;type1;615,666,314,74;615,666,929,666,929,740,615,740;1;0;huggingface:AY000554/Car_plate_detecting_dataset <https://huggingface.co/datasets/AY000554/Car_plate_detecting_dataset>;CC-BY-4.0 (CC BY 4.0);day
images/real/huggingface_AY000554_Car_plate_detecting_dataset/11291.jpg;########;type1;516,1048,246,55;516,1048,762,1048,762,1103,516,1103;1;0;huggingface:AY000554/Car_plate_detecting_dataset <https://huggingface.co/datasets/AY000554/Car_plate_detecting_dataset>;CC-BY-4.0 (CC BY 4.0);day
images/real/huggingface_AY000554_Car_plate_detecting_dataset/11294.jpg;########;type1;942,784,291,82;942,784,1233,784,1233,866,942,866;1;0;huggingface:AY000554/Car_plate_detecting_dataset <https://huggingface.co/datasets/AY000554/Car_plate_detecting_dataset>;CC-BY-4.0 (CC BY 4.0);day,glare
images/real/huggingface_AY000554_Car_plate_detecting_dataset/11309.jpg;########;type1;504,821,329,75;504,821,833,821,833,896,504,896;1;0;huggingface:AY000554/Car_plate_detecting_dataset <https://huggingface.co/datasets/AY000554/Car_plate_detecting_dataset>;CC-BY-4.0 (CC BY 4.0);day,glare
images/real/huggingface_AY000554_Car_plate_detecting_dataset/11314.jpg;########;type1;472,534,311,65;472,534,783,534,783,599,472,599;1;0;huggingface:AY000554/Car_plate_detecting_dataset <https://huggingface.co/datasets/AY000554/Car_plate_detecting_dataset>;CC-BY-4.0 (CC BY 4.0);day
images/real/huggingface_AY000554_Car_plate_detecting_dataset/11334.jpg;########;type1;562,552,96,35;562,552,658,552,658,587,562,587;1;0;huggingface:AY000554/Car_plate_detecting_dataset <https://huggingface.co/datasets/AY000554/Car_plate_detecting_dataset>;CC-BY-4.0 (CC BY 4.0);day,glare
images/real/huggingface_AY000554_Car_plate_detecting_dataset/11344.jpg;########;type1;567,430,119,34;567,430,686,430,686,464,567,464;1;0;huggingface:AY000554/Car_plate_detecting_dataset <https://huggingface.co/datasets/AY000554/Car_plate_detecting_dataset>;CC-BY-4.0 (CC BY 4.0);day
images/real/huggingface_AY000554_Car_plate_detecting_dataset/1135.jpg;########;type1;939,452,267,111;939,452,1206,452,1206,563,939,563;1;0;huggingface:AY000554/Car_plate_detecting_dataset <https://huggingface.co/datasets/AY000554/Car_plate_detecting_dataset>;CC-BY-4.0 (CC BY 4.0);day,glare
images/real/huggingface_AY000554_Car_plate_detecting_dataset/11369.jpg;########;type1;608,815,260,58;608,815,868,815,868,873,608,873;1;0;huggingface:AY000554/Car_plate_detecting_dataset <https://huggingface.co/datasets/AY000554/Car_plate_detecting_dataset>;CC-BY-4.0 (CC BY 4.0);day
images/real/huggingface_AY000554_Car_plate_detecting_dataset/11373.jpg;########;type1;355,466,275,62;355,466,630,466,630,528,355,528;1;0;huggingface:AY000554/Car_plate_detecting_dataset <https://huggingface.co/datasets/AY000554/Car_plate_detecting_dataset>;CC-BY-4.0 (CC BY 4.0);day
images/real/huggingface_AY000554_Car_plate_detecting_dataset/11399.jpg;########;type1;562,597,288,58;562,597,850,597,850,655,562,655;1;0;huggingface:AY000554/Car_plate_detecting_dataset <https://huggingface.co/datasets/AY000554/Car_plate_detecting_dataset>;CC-BY-4.0 (CC BY 4.0);day
images/real/huggingface_AY000554_Car_plate_detecting_dataset/11408.jpg;########;type1;555,600,331,71;555,600,886,600,886,671,555,671;1;0;huggingface:AY000554/Car_plate_detecting_dataset <https://huggingface.co/datasets/AY000554/Car_plate_detecting_dataset>;CC-BY-4.0 (CC BY 4.0);day
images/real/huggingface_AY000554_Car_plate_detecting_dataset/1143.jpg;########;type1;460,501,162,36;460,501,622,501,622,537,460,537;1;0;huggingface:AY000554/Car_plate_detecting_dataset <https://huggingface.co/datasets/AY000554/Car_plate_detecting_dataset>;CC-BY-4.0 (CC BY 4.0);day,glare
images/real/huggingface_AY000554_Car_plate_detecting_dataset/11431.jpg;########;type1;261,870,229,57;261,870,490,870,490,927,261,927;1;0;huggingface:AY000554/Car_plate_detecting_dataset <https://huggingface.co/datasets/AY000554/Car_plate_detecting_dataset>;CC-BY-4.0 (CC BY 4.0);day
images/real/huggingface_AY000554_Car_plate_detecting_dataset/11438.jpg;########;type1;258,437,174,42;258,437,432,437,432,479,258,479;1;0;huggingface:AY000554/Car_plate_detecting_dataset <https://huggingface.co/datasets/AY000554/Car_plate_detecting_dataset>;CC-BY-4.0 (CC BY 4.0);day
images/real/huggingface_AY000554_Car_plate_detecting_dataset/11457.jpg;########;type1;742,914,267,70;742,914,1009,914,1009,984,742,984;1;0;huggingface:AY000554/Car_plate_detecting_dataset <https://huggingface.co/datasets/AY000554/Car_plate_detecting_dataset>;CC-BY-4.0 (CC BY 4.0);day
images/real/huggingface_AY000554_Car_plate_detecting_dataset/11491.jpg;########;type1;1273,656,364,60;1273,656,1637,656,1637,716,1273,716;1;0;huggingface:AY000554/Car_plate_detecting_dataset <https://huggingface.co/datasets/AY000554/Car_plate_detecting_dataset>;CC-BY-4.0 (CC BY 4.0);day,glare
images/real/huggingface_AY000554_Car_plate_detecting_dataset/11501.jpg;########;type1;738,304,98,29;738,304,836,304,836,333,738,333;1;0;huggingface:AY000554/Car_plate_detecting_dataset <https://huggingface.co/datasets/AY000554/Car_plate_detecting_dataset>;CC-BY-4.0 (CC BY 4.0);day,glare
images/real/huggingface_AY000554_Car_plate_detecting_dataset/11505.jpg;########;type1;847,267,104,23;847,267,951,267,951,290,847,290;1;0;huggingface:AY000554/Car_plate_detecting_dataset <https://huggingface.co/datasets/AY000554/Car_plate_detecting_dataset>;CC-BY-4.0 (CC BY 4.0);day,glare
images/real/huggingface_AY000554_Car_plate_detecting_dataset/11505.jpg;########;type1;299,322,200,41;299,322,499,322,499,363,299,363;1;0;huggingface:AY000554/Car_plate_detecting_dataset <https://huggingface.co/datasets/AY000554/Car_plate_detecting_dataset>;CC-BY-4.0 (CC BY 4.0);day,glare
images/real/huggingface_AY000554_Car_plate_detecting_dataset/11508.jpg;########;type1;179,551,140,58;179,551,319,551,319,609,179,609;1;0;huggingface:AY000554/Car_plate_detecting_dataset <https://huggingface.co/datasets/AY000554/Car_plate_detecting_dataset>;CC-BY-4.0 (CC BY 4.0);day,glare
images/real/huggingface_AY000554_Car_plate_detecting_dataset/11522.jpg;########;type1;372,498,190,44;372,498,562,498,562,542,372,542;1;0;huggingface:AY000554/Car_plate_detecting_dataset <https://huggingface.co/datasets/AY000554/Car_plate_detecting_dataset>;CC-BY-4.0 (CC BY 4.0);day
images/real/huggingface_AY000554_Car_plate_detecting_dataset/11524.jpg;########;type1;276,600,196,78;276,600,472,600,472,678,276,678;1;0;huggingface:AY000554/Car_plate_detecting_dataset <https://huggingface.co/datasets/AY000554/Car_plate_detecting_dataset>;CC-BY-4.0 (CC BY 4.0);day
images/real/huggingface_AY000554_Car_plate_detecting_dataset/11528.jpg;########;type1;529,408,76,57;529,408,605,408,605,465,529,465;1;0;huggingface:AY000554/Car_plate_detecting_dataset <https://huggingface.co/datasets/AY000554/Car_plate_detecting_dataset>;CC-BY-4.0 (CC BY 4.0);day
images/real/huggingface_AY000554_Car_plate_detecting_dataset/11529.jpg;########;type1;458,454,127,30;458,454,585,454,585,484,458,484;1;0;huggingface:AY000554/Car_plate_detecting_dataset <https://huggingface.co/datasets/AY000554/Car_plate_detecting_dataset>;CC-BY-4.0 (CC BY 4.0);day
images/real/huggingface_AY000554_Car_plate_detecting_dataset/11544.jpg;########;type1;1019,720,324,127;1019,720,1343,720,1343,847,1019,847;1;0;huggingface:AY000554/Car_plate_detecting_dataset <https://huggingface.co/datasets/AY000554/Car_plate_detecting_dataset>;CC-BY-4.0 (CC BY 4.0);day
images/real/huggingface_AY000554_Car_plate_detecting_dataset/11547.jpg;########;type1;509,736,235,53;509,736,744,736,744,789,509,789;1;0;huggingface:AY000554/Car_plate_detecting_dataset <https://huggingface.co/datasets/AY000554/Car_plate_detecting_dataset>;CC-BY-4.0 (CC BY 4.0);day
images/real/huggingface_AY000554_Car_plate_detecting_dataset/11555.jpg;########;type1;1219,764,235,106;1219,764,1454,764,1454,870,1219,870;1;0;huggingface:AY000554/Car_plate_detecting_dataset <https://huggingface.co/datasets/AY000554/Car_plate_detecting_dataset>;CC-BY-4.0 (CC BY 4.0);day,glare
images/real/huggingface_AY000554_Car_plate_detecting_dataset/11556.jpg;########;type1;326,728,174,54;326,728,500,728,500,782,326,782;1;0;huggingface:AY000554/Car_plate_detecting_dataset <https://huggingface.co/datasets/AY000554/Car_plate_detecting_dataset>;CC-BY-4.0 (CC BY 4.0);day
images/real/huggingface_AY000554_Car_plate_detecting_dataset/11561.jpg;########;type1;273,1049,302,80;273,1049,575,1049,575,1129,273,1129;1;0;huggingface:AY000554/Car_plate_detecting_dataset <https://huggingface.co/datasets/AY000554/Car_plate_detecting_dataset>;CC-BY-4.0 (CC BY 4.0);day,glare,motion_blur
images/real/huggingface_AY000554_Car_plate_detecting_dataset/11562.jpg;########;type1;708,319,210,49;708,319,918,319,918,368,708,368;1;0;huggingface:AY000554/Car_plate_detecting_dataset <https://huggingface.co/datasets/AY000554/Car_plate_detecting_dataset>;CC-BY-4.0 (CC BY 4.0);day
images/real/huggingface_AY000554_Car_plate_detecting_dataset/11566.jpg;########;type1;682,911,308,87;682,911,990,911,990,998,682,998;1;0;huggingface:AY000554/Car_plate_detecting_dataset <https://huggingface.co/datasets/AY000554/Car_plate_detecting_dataset>;CC-BY-4.0 (CC BY 4.0);day,glare,motion_blur
images/real/huggingface_AY000554_Car_plate_detecting_dataset/11569.jpg;########;type1;480,624,300,75;480,624,780,624,780,699,480,699;1;0;huggingface:AY000554/Car_plate_detecting_dataset <https://huggingface.co/datasets/AY000554/Car_plate_detecting_dataset>;CC-BY-4.0 (CC BY 4.0);day
images/real/huggingface_AY000554_Car_plate_detecting_dataset/11572.jpg;########;type1;688,796,455,144;688,796,1143,796,1143,940,688,940;1;0;huggingface:AY000554/Car_plate_detecting_dataset <https://huggingface.co/datasets/AY000554/Car_plate_detecting_dataset>;CC-BY-4.0 (CC BY 4.0);day,glare
images/real/huggingface_AY000554_Car_plate_detecting_dataset/11577.jpg;########;type1;140,442,154,70;140,442,294,442,294,512,140,512;1;0;huggingface:AY000554/Car_plate_detecting_dataset <https://huggingface.co/datasets/AY000554/Car_plate_detecting_dataset>;CC-BY-4.0 (CC BY 4.0);day
images/real/huggingface_AY000554_Car_plate_detecting_dataset/11583.jpg;########;type1;452,526,121,25;452,526,573,526,573,551,452,551;1;0;huggingface:AY000554/Car_plate_detecting_dataset <https://huggingface.co/datasets/AY000554/Car_plate_detecting_dataset>;CC-BY-4.0 (CC BY 4.0);day,glare
images/real/huggingface_AY000554_Car_plate_detecting_dataset/11587.jpg;########;type1;620,347,122,32;620,347,742,347,742,379,620,379;1;0;huggingface:AY000554/Car_plate_detecting_dataset <https://huggingface.co/datasets/AY000554/Car_plate_detecting_dataset>;CC-BY-4.0 (CC BY 4.0);day
images/real/huggingface_AY000554_Car_plate_detecting_dataset/1159.jpg;########;type1;241,273,165,37;241,273,406,273,406,310,241,310;1;0;huggingface:AY000554/Car_plate_detecting_dataset <https://huggingface.co/datasets/AY000554/Car_plate_detecting_dataset>;CC-BY-4.0 (CC BY 4.0);day
images/real/huggingface_AY000554_Car_plate_detecting_dataset/11597.jpg;########;type1;882,246,68,54;882,246,950,246,950,300,882,300;1;0;huggingface:AY000554/Car_plate_detecting_dataset <https://huggingface.co/datasets/AY000554/Car_plate_detecting_dataset>;CC-BY-4.0 (CC BY 4.0);day
images/real/huggingface_AY000554_Car_plate_detecting_dataset/11606.jpg;########;type1;319,853,112,25;319,853,431,853,431,878,319,878;1;0;huggingface:AY000554/Car_plate_detecting_dataset <https://huggingface.co/datasets/AY000554/Car_plate_detecting_dataset>;CC-BY-4.0 (CC BY 4.0);day
images/real/huggingface_AY000554_Car_plate_detecting_dataset/11611.jpg;########;type1;206,215,191,35;206,215,397,215,397,250,206,250;1;0;huggingface:AY000554/Car_plate_detecting_dataset <https://huggingface.co/datasets/AY000554/Car_plate_detecting_dataset>;CC-BY-4.0 (CC BY 4.0);day,glare
images/real/huggingface_AY000554_Car_plate_detecting_dataset/11614.jpg;########;type1;609,611,336,80;609,611,945,611,945,691,609,691;1;0;huggingface:AY000554/Car_plate_detecting_dataset <https://huggingface.co/datasets/AY000554/Car_plate_detecting_dataset>;CC-BY-4.0 (CC BY 4.0);day
images/real/huggingface_AY000554_Car_plate_detecting_dataset/1162.jpg;########;type1;1529,1033,250,126;1529,1033,1779,1033,1779,1159,1529,1159;1;0;huggingface:AY000554/Car_plate_detecting_dataset <https://huggingface.co/datasets/AY000554/Car_plate_detecting_dataset>;CC-BY-4.0 (CC BY 4.0);day,motion_blur
images/real/huggingface_AY000554_Car_plate_detecting_dataset/11655.jpg;########;type1b;369,447,281,61;369,447,650,447,650,508,369,508;1;0;huggingface:AY000554/Car_plate_detecting_dataset <https://huggingface.co/datasets/AY000554/Car_plate_detecting_dataset>;CC-BY-4.0 (CC BY 4.0);day
images/real/huggingface_AY000554_Car_plate_detecting_dataset/11675.jpg;########;type1;335,325,262,62;335,325,597,325,597,387,335,387;1;0;huggingface:AY000554/Car_plate_detecting_dataset <https://huggingface.co/datasets/AY000554/Car_plate_detecting_dataset>;CC-BY-4.0 (CC BY 4.0);day,glare
images/real/huggingface_AY000554_Car_plate_detecting_dataset/11682.jpg;########;type1;954,779,348,75;954,779,1302,779,1302,854,954,854;1;0;huggingface:AY000554/Car_plate_detecting_dataset <https://huggingface.co/datasets/AY000554/Car_plate_detecting_dataset>;CC-BY-4.0 (CC BY 4.0);day
images/real/huggingface_AY000554_Car_plate_detecting_dataset/11683.jpg;########;type1;897,753,205,50;897,753,1102,753,1102,803,897,803;1;0;huggingface:AY000554/Car_plate_detecting_dataset <https://huggingface.co/datasets/AY000554/Car_plate_detecting_dataset>;CC-BY-4.0 (CC BY 4.0);day
images/real/huggingface_AY000554_Car_plate_detecting_dataset/11731.jpg;########;type1;1376,802,252,132;1376,802,1628,802,1628,934,1376,934;1;0;huggingface:AY000554/Car_plate_detecting_dataset <https://huggingface.co/datasets/AY000554/Car_plate_detecting_dataset>;CC-BY-4.0 (CC BY 4.0);day
images/real/huggingface_AY000554_Car_plate_detecting_dataset/11743.jpg;########;type1;550,840,192,44;550,840,742,840,742,884,550,884;1;0;huggingface:AY000554/Car_plate_detecting_dataset <https://huggingface.co/datasets/AY000554/Car_plate_detecting_dataset>;CC-BY-4.0 (CC BY 4.0);day,glare
images/real/huggingface_AY000554_Car_plate_detecting_dataset/1177.jpg;########;type1;811,467,199,53;811,467,1010,467,1010,520,811,520;1;0;huggingface:AY000554/Car_plate_detecting_dataset <https://huggingface.co/datasets/AY000554/Car_plate_detecting_dataset>;CC-BY-4.0 (CC BY 4.0);day
images/real/huggingface_AY000554_Car_plate_detecting_dataset/11821.jpg;########;type1;689,580,154,55;689,580,843,580,843,635,689,635;1;0;huggingface:AY000554/Car_plate_detecting_dataset <https://huggingface.co/datasets/AY000554/Car_plate_detecting_dataset>;CC-BY-4.0 (CC BY 4.0);day
images/real/huggingface_AY000554_Car_plate_detecting_dataset/11859.jpg;########;type1;396,525,372,86;396,525,768,525,768,611,396,611;1;0;huggingface:AY000554/Car_plate_detecting_dataset <https://huggingface.co/datasets/AY000554/Car_plate_detecting_dataset>;CC-BY-4.0 (CC BY 4.0);day,motion_blur
images/real/huggingface_AY000554_Car_plate_detecting_dataset/11867.jpg;########;type1;435,363,224,39;435,363,659,363,659,402,435,402;1;0;huggingface:AY000554/Car_plate_detecting_dataset <https://huggingface.co/datasets/AY000554/Car_plate_detecting_dataset>;CC-BY-4.0 (CC BY 4.0);day
images/real/huggingface_AY000554_Car_plate_detecting_dataset/11896.jpg;########;type1;1084,861,298,136;1084,861,1382,861,1382,997,1084,997;1;0;huggingface:AY000554/Car_plate_detecting_dataset <https://huggingface.co/datasets/AY000554/Car_plate_detecting_dataset>;CC-BY-4.0 (CC BY 4.0);day
images/real/huggingface_AY000554_Car_plate_detecting_dataset/11920.jpg;########;type1;287,804,211,47;287,804,498,804,498,851,287,851;1;0;huggingface:AY000554/Car_plate_detecting_dataset <https://huggingface.co/datasets/AY000554/Car_plate_detecting_dataset>;CC-BY-4.0 (CC BY 4.0);day,motion_blur
images/real/huggingface_AY000554_Car_plate_detecting_dataset/11923.jpg;########;type1;346,405,202,44;346,405,548,405,548,449,346,449;1;0;huggingface:AY000554/Car_plate_detecting_dataset <https://huggingface.co/datasets/AY000554/Car_plate_detecting_dataset>;CC-BY-4.0 (CC BY 4.0);day
images/real/huggingface_AY000554_Car_plate_detecting_dataset/11934.jpg;########;type1;565,701,226,49;565,701,791,701,791,750,565,750;1;0;huggingface:AY000554/Car_plate_detecting_dataset <https://huggingface.co/datasets/AY000554/Car_plate_detecting_dataset>;CC-BY-4.0 (CC BY 4.0);day
images/real/huggingface_AY000554_Car_plate_detecting_dataset/11935.jpg;########;type1;232,338,113,56;232,338,345,338,345,394,232,394;1;0;huggingface:AY000554/Car_plate_detecting_dataset <https://huggingface.co/datasets/AY000554/Car_plate_detecting_dataset>;CC-BY-4.0 (CC BY 4.0);day
images/real/huggingface_AY000554_Car_plate_detecting_dataset/11936.jpg;########;type1;457,563,210,44;457,563,667,563,667,607,457,607;1;0;huggingface:AY000554/Car_plate_detecting_dataset <https://huggingface.co/datasets/AY000554/Car_plate_detecting_dataset>;CC-BY-4.0 (CC BY 4.0);day,glare
images/real/huggingface_AY000554_Car_plate_detecting_dataset/1196.jpg;########;type1;470,511,194,62;470,511,664,511,664,573,470,573;1;0;huggingface:AY000554/Car_plate_detecting_dataset <https://huggingface.co/datasets/AY000554/Car_plate_detecting_dataset>;CC-BY-4.0 (CC BY 4.0);day
images/real/huggingface_AY000554_Car_plate_detecting_dataset/11961.jpg;########;type1;198,244,209,46;198,244,407,244,407,290,198,290;1;0;huggingface:AY000554/Car_plate_detecting_dataset <https://huggingface.co/datasets/AY000554/Car_plate_detecting_dataset>;CC-BY-4.0 (CC BY 4.0);day,glare
images/real/huggingface_AY000554_Car_plate_detecting_dataset/1198.jpg;########;type1;867,574,63,23;867,574,930,574,930,597,867,597;1;0;huggingface:AY000554/Car_plate_detecting_dataset <https://huggingface.co/datasets/AY000554/Car_plate_detecting_dataset>;CC-BY-4.0 (CC BY 4.0);day
images/real/huggingface_AY000554_Car_plate_detecting_dataset/12000.jpg;########;type1;294,365,195,48;294,365,489,365,489,413,294,413;1;0;huggingface:AY000554/Car_plate_detecting_dataset <https://huggingface.co/datasets/AY000554/Car_plate_detecting_dataset>;CC-BY-4.0 (CC BY 4.0);day
images/real/huggingface_AY000554_Car_plate_detecting_dataset/12011.jpg;########;type1;697,651,216,52;697,651,913,651,913,703,697,703;1;0;huggingface:AY000554/Car_plate_detecting_dataset <https://huggingface.co/datasets/AY000554/Car_plate_detecting_dataset>;CC-BY-4.0 (CC BY 4.0);day
images/real/huggingface_AY000554_Car_plate_detecting_dataset/12016.jpg;########;type1;362,887,266,58;362,887,628,887,628,945,362,945;1;0;huggingface:AY000554/Car_plate_detecting_dataset <https://huggingface.co/datasets/AY000554/Car_plate_detecting_dataset>;CC-BY-4.0 (CC BY 4.0);day
images/real/huggingface_AY000554_Car_plate_detecting_dataset/12021.jpg;########;type1;782,737,203,45;782,737,985,737,985,782,782,782;1;0;huggingface:AY000554/Car_plate_detecting_dataset <https://huggingface.co/datasets/AY000554/Car_plate_detecting_dataset>;CC-BY-4.0 (CC BY 4.0);day,glare
images/real/huggingface_AY000554_Car_plate_detecting_dataset/1204.jpg;########;type1;212,818,201,137;212,818,413,818,413,955,212,955;1;0;huggingface:AY000554/Car_plate_detecting_dataset <https://huggingface.co/datasets/AY000554/Car_plate_detecting_dataset>;CC-BY-4.0 (CC BY 4.0);day,glare
images/real/huggingface_AY000554_Car_plate_detecting_dataset/12046.jpg;########;type1;508,570,194,54;508,570,702,570,702,624,508,624;1;0;huggingface:AY000554/Car_plate_detecting_dataset <https://huggingface.co/datasets/AY000554/Car_plate_detecting_dataset>;CC-BY-4.0 (CC BY 4.0);day
images/real/huggingface_AY000554_Car_plate_detecting_dataset/12059.jpg;########;type1;893,662,237,52;893,662,1130,662,1130,714,893,714;1;0;huggingface:AY000554/Car_plate_detecting_dataset <https://huggingface.co/datasets/AY000554/Car_plate_detecting_dataset>;CC-BY-4.0 (CC BY 4.0);day
images/real/huggingface_AY000554_Car_plate_detecting_dataset/12062.jpg;########;type1;473,1157,214,51;473,1157,687,1157,687,1208,473,1208;1;0;huggingface:AY000554/Car_plate_detecting_dataset <https://huggingface.co/datasets/AY000554/Car_plate_detecting_dataset>;CC-BY-4.0 (CC BY 4.0);day,glare
images/real/huggingface_AY000554_Car_plate_detecting_dataset/12082.jpg;########;type1;652,570,128,35;652,570,780,570,780,605,652,605;1;0;huggingface:AY000554/Car_plate_detecting_dataset <https://huggingface.co/datasets/AY000554/Car_plate_detecting_dataset>;CC-BY-4.0 (CC BY 4.0);day
images/real/huggingface_AY000554_Car_plate_detecting_dataset/12112.jpg;########;type1;251,425,108,29;251,425,359,425,359,454,251,454;1;0;huggingface:AY000554/Car_plate_detecting_dataset <https://huggingface.co/datasets/AY000554/Car_plate_detecting_dataset>;CC-BY-4.0 (CC BY 4.0);day
images/real/huggingface_AY000554_Car_plate_detecting_dataset/12119.jpg;########;type1;756,824,177,44;756,824,933,824,933,868,756,868;1;0;huggingface:AY000554/Car_plate_detecting_dataset <https://huggingface.co/datasets/AY000554/Car_plate_detecting_dataset>;CC-BY-4.0 (CC BY 4.0);day
images/real/huggingface_AY000554_Car_plate_detecting_dataset/12125.jpg;########;type1;650,745,192,45;650,745,842,745,842,790,650,790;1;0;huggingface:AY000554/Car_plate_detecting_dataset <https://huggingface.co/datasets/AY000554/Car_plate_detecting_dataset>;CC-BY-4.0 (CC BY 4.0);day
images/real/huggingface_AY000554_Car_plate_detecting_dataset/12146.jpg;########;type1;679,658,171,43;679,658,850,658,850,701,679,701;1;0;huggingface:AY000554/Car_plate_detecting_dataset <https://huggingface.co/datasets/AY000554/Car_plate_detecting_dataset>;CC-BY-4.0 (CC BY 4.0);day
images/real/huggingface_AY000554_Car_plate_detecting_dataset/12152.jpg;########;type1;1590,888,257,229;1590,888,1847,888,1847,1117,1590,1117;1;0;huggingface:AY000554/Car_plate_detecting_dataset <https://huggingface.co/datasets/AY000554/Car_plate_detecting_dataset>;CC-BY-4.0 (CC BY 4.0);day
images/real/huggingface_AY000554_Car_plate_detecting_dataset/12153.jpg;########;type1;655,639,117,26;655,639,772,639,772,665,655,665;1;0;huggingface:AY000554/Car_plate_detecting_dataset <https://huggingface.co/datasets/AY000554/Car_plate_detecting_dataset>;CC-BY-4.0 (CC BY 4.0);day,motion_blur
images/real/huggingface_AY000554_Car_plate_detecting_dataset/12155.jpg;########;type1;783,465,101,53;783,465,884,465,884,518,783,518;1;0;huggingface:AY000554/Car_plate_detecting_dataset <https://huggingface.co/datasets/AY000554/Car_plate_detecting_dataset>;CC-BY-4.0 (CC BY 4.0);day
images/real/huggingface_AY000554_Car_plate_detecting_dataset/12155.jpg;########;type1;221,488,59,48;221,488,280,488,280,536,221,536;1;0;huggingface:AY000554/Car_plate_detecting_dataset <https://huggingface.co/datasets/AY000554/Car_plate_detecting_dataset>;CC-BY-4.0 (CC BY 4.0);day
images/real/huggingface_AY000554_Car_plate_detecting_dataset/1217.jpg;########;type1;646,927,156,38;646,927,802,927,802,965,646,965;1;0;huggingface:AY000554/Car_plate_detecting_dataset <https://huggingface.co/datasets/AY000554/Car_plate_detecting_dataset>;CC-BY-4.0 (CC BY 4.0);day,glare
images/real/huggingface_AY000554_Car_plate_detecting_dataset/12220.jpg;########;type1;486,935,334,70;486,935,820,935,820,1005,486,1005;1;0;huggingface:AY000554/Car_plate_detecting_dataset <https://huggingface.co/datasets/AY000554/Car_plate_detecting_dataset>;CC-BY-4.0 (CC BY 4.0);day,glare,motion_blur
images/real/huggingface_AY000554_Car_plate_detecting_dataset/12226.jpg;########;type1;337,514,214,71;337,514,551,514,551,585,337,585;1;0;huggingface:AY000554/Car_plate_detecting_dataset <https://huggingface.co/datasets/AY000554/Car_plate_detecting_dataset>;CC-BY-4.0 (CC BY 4.0);day
images/real/huggingface_AY000554_Car_plate_detecting_dataset/1225.jpg;########;type1;407,347,178,52;407,347,585,347,585,399,407,399;1;0;huggingface:AY000554/Car_plate_detecting_dataset <https://huggingface.co/datasets/AY000554/Car_plate_detecting_dataset>;CC-BY-4.0 (CC BY 4.0);day,motion_blur
images/real/huggingface_AY000554_Car_plate_detecting_dataset/12282.jpg;########;type1;139,468,160,91;139,468,299,468,299,559,139,559;1;0;huggingface:AY000554/Car_plate_detecting_dataset <https://huggingface.co/datasets/AY000554/Car_plate_detecting_dataset>;CC-BY-4.0 (CC BY 4.0);day
images/real/huggingface_AY000554_Car_plate_detecting_dataset/12293.jpg;########;type1;280,599,301,83;280,599,581,599,581,682,280,682;1;0;huggingface:AY000554/Car_plate_detecting_dataset <https://huggingface.co/datasets/AY000554/Car_plate_detecting_dataset>;CC-BY-4.0 (CC BY 4.0);day
images/real/huggingface_AY000554_Car_plate_detecting_dataset/12311.jpg;########;type1;251,286,120,27;251,286,371,286,371,313,251,313;1;0;huggingface:AY000554/Car_plate_detecting_dataset <https://huggingface.co/datasets/AY000554/Car_plate_detecting_dataset>;CC-BY-4.0 (CC BY 4.0);day
images/real/huggingface_AY000554_Car_plate_detecting_dataset/12322.jpg;########;type1;394,599,352,75;394,599,746,599,746,674,394,674;1;0;huggingface:AY000554/Car_plate_detecting_dataset <https://huggingface.co/datasets/AY000554/Car_plate_detecting_dataset>;CC-BY-4.0 (CC BY 4.0);day,motion_blur
images/real/huggingface_AY000554_Car_plate_detecting_dataset/12328.jpg;########;type1;764,621,238,64;764,621,1002,621,1002,685,764,685;1;0;huggingface:AY000554/Car_plate_detecting_dataset <https://huggingface.co/datasets/AY000554/Car_plate_detecting_dataset>;CC-BY-4.0 (CC BY 4.0);day
images/real/huggingface_AY000554_Car_plate_detecting_dataset/12333.jpg;########;type1;493,810,362,90;493,810,855,810,855,900,493,900;1;0;huggingface:AY000554/Car_plate_detecting_dataset <https://huggingface.co/datasets/AY000554/Car_plate_detecting_dataset>;CC-BY-4.0 (CC BY 4.0);day
images/real/huggingface_AY000554_Car_plate_detecting_dataset/12335.jpg;########;type1;149,278,159,45;149,278,308,278,308,323,149,323;1;0;huggingface:AY000554/Car_plate_detecting_dataset <https://huggingface.co/datasets/AY000554/Car_plate_detecting_dataset>;CC-BY-4.0 (CC BY 4.0);day,motion_blur
images/real/huggingface_AY000554_Car_plate_detecting_dataset/12340.jpg;########;type1;478,627,241,49;478,627,719,627,719,676,478,676;1;0;huggingface:AY000554/Car_plate_detecting_dataset <https://huggingface.co/datasets/AY000554/Car_plate_detecting_dataset>;CC-BY-4.0 (CC BY 4.0);day
images/real/huggingface_AY000554_Car_plate_detecting_dataset/12344.jpg;########;type1;197,685,157,44;197,685,354,685,354,729,197,729;1;0;huggingface:AY000554/Car_plate_detecting_dataset <https://huggingface.co/datasets/AY000554/Car_plate_detecting_dataset>;CC-BY-4.0 (CC BY 4.0);day
images/real/huggingface_AY000554_Car_plate_detecting_dataset/12351.jpg;########;type1;361,606,189,51;361,606,550,606,550,657,361,657;1;0;huggingface:AY000554/Car_plate_detecting_dataset <https://huggingface.co/datasets/AY000554/Car_plate_detecting_dataset>;CC-BY-4.0 (CC BY 4.0);day
images/real/huggingface_AY000554_Car_plate_detecting_dataset/1239.jpg;########;type1;302,437,205,47;302,437,507,437,507,484,302,484;1;0;huggingface:AY000554/Car_plate_detecting_dataset <https://huggingface.co/datasets/AY000554/Car_plate_detecting_dataset>;CC-BY-4.0 (CC BY 4.0);day,glare,motion_blur
images/real/huggingface_AY000554_Car_plate_detecting_dataset/12390.jpg;########;type1;765,887,194,51;765,887,959,887,959,938,765,938;1;0;huggingface:AY000554/Car_plate_detecting_dataset <https://huggingface.co/datasets/AY000554/Car_plate_detecting_dataset>;CC-BY-4.0 (CC BY 4.0);day
images/real/huggingface_AY000554_Car_plate_detecting_dataset/12407.jpg;########;type1;1093,931,371,79;1093,931,1464,931,1464,1010,1093,1010;1;0;huggingface:AY000554/Car_plate_detecting_dataset <https://huggingface.co/datasets/AY000554/Car_plate_detecting_dataset>;CC-BY-4.0 (CC BY 4.0);day,motion_blur
images/real/huggingface_AY000554_Car_plate_detecting_dataset/12411.jpg;########;type1;193,311,204,41;193,311,397,311,397,352,193,352;1;0;huggingface:AY000554/Car_plate_detecting_dataset <https://huggingface.co/datasets/AY000554/Car_plate_detecting_dataset>;CC-BY-4.0 (CC BY 4.0);day,glare
images/real/huggingface_AY000554_Car_plate_detecting_dataset/12445.jpg;########;type1;327,352,213,56;327,352,540,352,540,408,327,408;1;0;huggingface:AY000554/Car_plate_detecting_dataset <https://huggingface.co/datasets/AY000554/Car_plate_detecting_dataset>;CC-BY-4.0 (CC BY 4.0);night
images/real/huggingface_AY000554_Car_plate_detecting_dataset/12469.jpg;########;type1;742,529,114,54;742,529,856,529,856,583,742,583;1;0;huggingface:AY000554/Car_plate_detecting_dataset <https://huggingface.co/datasets/AY000554/Car_plate_detecting_dataset>;CC-BY-4.0 (CC BY 4.0);day
images/real/huggingface_AY000554_Car_plate_detecting_dataset/12471.jpg;########;type1;220,307,96,20;220,307,316,307,316,327,220,327;1;0;huggingface:AY000554/Car_plate_detecting_dataset <https://huggingface.co/datasets/AY000554/Car_plate_detecting_dataset>;CC-BY-4.0 (CC BY 4.0);day
images/real/huggingface_AY000554_Car_plate_detecting_dataset/12517.jpg;########;type1;513,1140,169,43;513,1140,682,1140,682,1183,513,1183;1;0;huggingface:AY000554/Car_plate_detecting_dataset <https://huggingface.co/datasets/AY000554/Car_plate_detecting_dataset>;CC-BY-4.0 (CC BY 4.0);day
images/real/huggingface_AY000554_Car_plate_detecting_dataset/12521.jpg;########;type1;619,769,405,129;619,769,1024,769,1024,898,619,898;1;0;huggingface:AY000554/Car_plate_detecting_dataset <https://huggingface.co/datasets/AY000554/Car_plate_detecting_dataset>;CC-BY-4.0 (CC BY 4.0);day,motion_blur
images/real/huggingface_AY000554_Car_plate_detecting_dataset/12538.jpg;########;type1;1071,702,105,33;1071,702,1176,702,1176,735,1071,735;1;0;huggingface:AY000554/Car_plate_detecting_dataset <https://huggingface.co/datasets/AY000554/Car_plate_detecting_dataset>;CC-BY-4.0 (CC BY 4.0);day
images/real/huggingface_AY000554_Car_plate_detecting_dataset/12562.jpg;########;type1;180,451,174,47;180,451,354,451,354,498,180,498;1;0;huggingface:AY000554/Car_plate_detecting_dataset <https://huggingface.co/datasets/AY000554/Car_plate_detecting_dataset>;CC-BY-4.0 (CC BY 4.0);day
images/real/huggingface_AY000554_Car_plate_detecting_dataset/12575.jpg;########;type1;234,252,191,43;234,252,425,252,425,295,234,295;1;0;huggingface:AY000554/Car_plate_detecting_dataset <https://huggingface.co/datasets/AY000554/Car_plate_detecting_dataset>;CC-BY-4.0 (CC BY 4.0);day
images/real/huggingface_AY000554_Car_plate_detecting_dataset/12593.jpg;########;type1;757,513,199,95;757,513,956,513,956,608,757,608;1;0;huggingface:AY000554/Car_plate_detecting_dataset <https://huggingface.co/datasets/AY000554/Car_plate_detecting_dataset>;CC-BY-4.0 (CC BY 4.0);day
images/real/huggingface_AY000554_Car_plate_detecting_dataset/12594.jpg;########;type1;691,403,232,47;691,403,923,403,923,450,691,450;1;0;huggingface:AY000554/Car_plate_detecting_dataset <https://huggingface.co/datasets/AY000554/Car_plate_detecting_dataset>;CC-BY-4.0 (CC BY 4.0);day
images/real/huggingface_AY000554_Car_plate_detecting_dataset/12602.jpg;########;type1;345,643,212,53;345,643,557,643,557,696,345,696;1;0;huggingface:AY000554/Car_plate_detecting_dataset <https://huggingface.co/datasets/AY000554/Car_plate_detecting_dataset>;CC-BY-4.0 (CC BY 4.0);night
images/real/huggingface_AY000554_Car_plate_detecting_dataset/12619.jpg;########;type1;439,783,281,67;439,783,720,783,720,850,439,850;1;0;huggingface:AY000554/Car_plate_detecting_dataset <https://huggingface.co/datasets/AY000554/Car_plate_detecting_dataset>;CC-BY-4.0 (CC BY 4.0);day
images/real/huggingface_AY000554_Car_plate_detecting_dataset/12628.jpg;########;type1;385,193,131,37;385,193,516,193,516,230,385,230;1;0;huggingface:AY000554/Car_plate_detecting_dataset <https://huggingface.co/datasets/AY000554/Car_plate_detecting_dataset>;CC-BY-4.0 (CC BY 4.0);day,glare
images/real/huggingface_AY000554_Car_plate_detecting_dataset/1263.jpg;########;type1;1083,637,195,95;1083,637,1278,637,1278,732,1083,732;1;0;huggingface:AY000554/Car_plate_detecting_dataset <https://huggingface.co/datasets/AY000554/Car_plate_detecting_dataset>;CC-BY-4.0 (CC BY 4.0);day,glare
images/real/huggingface_AY000554_Car_plate_detecting_dataset/12637.jpg;########;type1;759,586,325,101;759,586,1084,586,1084,687,759,687;1;0;huggingface:AY000554/Car_plate_detecting_dataset <https://huggingface.co/datasets/AY000554/Car_plate_detecting_dataset>;CC-BY-4.0 (CC BY 4.0);day
images/real/huggingface_AY000554_Car_plate_detecting_dataset/12651.jpg;########;type1;529,878,220,49;529,878,749,878,749,927,529,927;1;0;huggingface:AY000554/Car_plate_detecting_dataset <https://huggingface.co/datasets/AY000554/Car_plate_detecting_dataset>;CC-BY-4.0 (CC BY 4.0);day
images/real/huggingface_AY000554_Car_plate_detecting_dataset/12657.jpg;########;type1;898,630,200,102;898,630,1098,630,1098,732,898,732;1;0;huggingface:AY000554/Car_plate_detecting_dataset <https://huggingface.co/datasets/AY000554/Car_plate_detecting_dataset>;CC-BY-4.0 (CC BY 4.0);day,glare
images/real/huggingface_AY000554_Car_plate_detecting_dataset/12668.jpg;########;type1;644,941,205,80;644,941,849,941,849,1021,644,1021;1;0;huggingface:AY000554/Car_plate_detecting_dataset <https://huggingface.co/datasets/AY000554/Car_plate_detecting_dataset>;CC-BY-4.0 (CC BY 4.0);day
images/real/huggingface_AY000554_Car_plate_detecting_dataset/12686.jpg;########;type1;206,784,140,63;206,784,346,784,346,847,206,847;1;0;huggingface:AY000554/Car_plate_detecting_dataset <https://huggingface.co/datasets/AY000554/Car_plate_detecting_dataset>;CC-BY-4.0 (CC BY 4.0);day,glare
images/real/huggingface_AY000554_Car_plate_detecting_dataset/12705.jpg;########;type1;141,431,97,23;141,431,238,431,238,454,141,454;1;0;huggingface:AY000554/Car_plate_detecting_dataset <https://huggingface.co/datasets/AY000554/Car_plate_detecting_dataset>;CC-BY-4.0 (CC BY 4.0);day
images/real/huggingface_AY000554_Car_plate_detecting_dataset/12717.jpg;########;type1;524,384,211,48;524,384,735,384,735,432,524,432;1;0;huggingface:AY000554/Car_plate_detecting_dataset <https://huggingface.co/datasets/AY000554/Car_plate_detecting_dataset>;CC-BY-4.0 (CC BY 4.0);day
images/real/huggingface_AY000554_Car_plate_detecting_dataset/12756.jpg;########;type1;694,649,99,22;694,649,793,649,793,671,694,671;1;0;huggingface:AY000554/Car_plate_detecting_dataset <https://huggingface.co/datasets/AY000554/Car_plate_detecting_dataset>;CC-BY-4.0 (CC BY 4.0);day,glare
images/real/huggingface_AY000554_Car_plate_detecting_dataset/12777.jpg;########;type1;851,502,158,60;851,502,1009,502,1009,562,851,562;1;0;huggingface:AY000554/Car_plate_detecting_dataset <https://huggingface.co/datasets/AY000554/Car_plate_detecting_dataset>;CC-BY-4.0 (CC BY 4.0);day
images/real/huggingface_AY000554_Car_plate_detecting_dataset/12807.jpg;########;type1;428,526,179,44;428,526,607,526,607,570,428,570;1;0;huggingface:AY000554/Car_plate_detecting_dataset <https://huggingface.co/datasets/AY000554/Car_plate_detecting_dataset>;CC-BY-4.0 (CC BY 4.0);day
images/real/huggingface_AY000554_Car_plate_detecting_dataset/12819.jpg;########;type1;283,347,130,26;283,347,413,347,413,373,283,373;1;0;huggingface:AY000554/Car_plate_detecting_dataset <https://huggingface.co/datasets/AY000554/Car_plate_detecting_dataset>;CC-BY-4.0 (CC BY 4.0);day
images/real/huggingface_AY000554_Car_plate_detecting_dataset/12839.jpg;########;type1;1006,482,248,90;1006,482,1254,482,1254,572,1006,572;1;0;huggingface:AY000554/Car_plate_detecting_dataset <https://huggingface.co/datasets/AY000554/Car_plate_detecting_dataset>;CC-BY-4.0 (CC BY 4.0);day,glare
images/real/huggingface_AY000554_Car_plate_detecting_dataset/12851.jpg;########;type1;167,745,191,75;167,745,358,745,358,820,167,820;1;0;huggingface:AY000554/Car_plate_detecting_dataset <https://huggingface.co/datasets/AY000554/Car_plate_detecting_dataset>;CC-BY-4.0 (CC BY 4.0);day
images/real/huggingface_AY000554_Car_plate_detecting_dataset/12852.jpg;########;type1;401,640,70,29;401,640,471,640,471,669,401,669;1;0;huggingface:AY000554/Car_plate_detecting_dataset <https://huggingface.co/datasets/AY000554/Car_plate_detecting_dataset>;CC-BY-4.0 (CC BY 4.0);day,glare
images/real/huggingface_AY000554_Car_plate_detecting_dataset/12852.jpg;########;type1;645,751,180,56;645,751,825,751,825,807,645,807;1;0;huggingface:AY000554/Car_plate_detecting_dataset <https://huggingface.co/datasets/AY000554/Car_plate_detecting_dataset>;CC-BY-4.0 (CC BY 4.0);day,glare
images/real/huggingface_AY000554_Car_plate_detecting_dataset/12855.jpg;########;type1;455,1209,391,136;455,1209,846,1209,846,1345,455,1345;1;0;huggingface:AY000554/Car_plate_detecting_dataset <https://huggingface.co/datasets/AY000554/Car_plate_detecting_dataset>;CC-BY-4.0 (CC BY 4.0);day,glare
images/real/huggingface_AY000554_Car_plate_detecting_dataset/12871.jpg;########;type1;813,532,142,37;813,532,955,532,955,569,813,569;1;0;huggingface:AY000554/Car_plate_detecting_dataset <https://huggingface.co/datasets/AY000554/Car_plate_detecting_dataset>;CC-BY-4.0 (CC BY 4.0);day
images/real/huggingface_AY000554_Car_plate_detecting_dataset/12872.jpg;########;type1;350,481,181,39;350,481,531,481,531,520,350,520;1;0;huggingface:AY000554/Car_plate_detecting_dataset <https://huggingface.co/datasets/AY000554/Car_plate_detecting_dataset>;CC-BY-4.0 (CC BY 4.0);day,motion_blur
images/real/huggingface_AY000554_Car_plate_detecting_dataset/12901.jpg;########;type1;696,653,277,79;696,653,973,653,973,732,696,732;1;0;huggingface:AY000554/Car_plate_detecting_dataset <https://huggingface.co/datasets/AY000554/Car_plate_detecting_dataset>;CC-BY-4.0 (CC BY 4.0);day
images/real/huggingface_AY000554_Car_plate_detecting_dataset/1291.jpg;########;type1;106,418,144,52;106,418,250,418,250,470,106,470;1;0;huggingface:AY000554/Car_plate_detecting_dataset <https://huggingface.co/datasets/AY000554/Car_plate_detecting_dataset>;CC-BY-4.0 (CC BY 4.0);day,glare
images/real/huggingface_AY000554_Car_plate_detecting_dataset/12923.jpg;########;type1;326,458,232,53;326,458,558,458,558,511,326,511;1;0;huggingface:AY000554/Car_plate_detecting_dataset <https://huggingface.co/datasets/AY000554/Car_plate_detecting_dataset>;CC-BY-4.0 (CC BY 4.0);day,motion_blur
images/real/huggingface_AY000554_Car_plate_detecting_dataset/12941.jpg;########;type1;717,945,172,43;717,945,889,945,889,988,717,988;1;0;huggingface:AY000554/Car_plate_detecting_dataset <https://huggingface.co/datasets/AY000554/Car_plate_detecting_dataset>;CC-BY-4.0 (CC BY 4.0);day
images/real/huggingface_AY000554_Car_plate_detecting_dataset/12950.jpg;########;type1;400,455,166,37;400,455,566,455,566,492,400,492;1;0;huggingface:AY000554/Car_plate_detecting_dataset <https://huggingface.co/datasets/AY000554/Car_plate_detecting_dataset>;CC-BY-4.0 (CC BY 4.0);day
images/real/huggingface_AY000554_Car_plate_detecting_dataset/12953.jpg;########;type1;280,207,141,38;280,207,421,207,421,245,280,245;1;0;huggingface:AY000554/Car_plate_detecting_dataset <https://huggingface.co/datasets/AY000554/Car_plate_detecting_dataset>;CC-BY-4.0 (CC BY 4.0);day,glare
images/real/huggingface_AY000554_Car_plate_detecting_dataset/12954.jpg;########;type1;602,721,256,75;602,721,858,721,858,796,602,796;1;0;huggingface:AY000554/Car_plate_detecting_dataset <https://huggingface.co/datasets/AY000554/Car_plate_detecting_dataset>;CC-BY-4.0 (CC BY 4.0);day,motion_blur
images/real/huggingface_AY000554_Car_plate_detecting_dataset/12963.jpg;########;type1;619,622,158,54;619,622,777,622,777,676,619,676;1;0;huggingface:AY000554/Car_plate_detecting_dataset <https://huggingface.co/datasets/AY000554/Car_plate_detecting_dataset>;CC-BY-4.0 (CC BY 4.0);day,glare
images/real/huggingface_AY000554_Car_plate_detecting_dataset/12971.jpg;########;type1;437,286,46,24;437,286,483,286,483,310,437,310;1;0;huggingface:AY000554/Car_plate_detecting_dataset <https://huggingface.co/datasets/AY000554/Car_plate_detecting_dataset>;CC-BY-4.0 (CC BY 4.0);day,glare
images/real/huggingface_AY000554_Car_plate_detecting_dataset/12977.jpg;########;type1;643,336,141,56;643,336,784,336,784,392,643,392;1;0;huggingface:AY000554/Car_plate_detecting_dataset <https://huggingface.co/datasets/AY000554/Car_plate_detecting_dataset>;CC-BY-4.0 (CC BY 4.0);day
images/real/huggingface_AY000554_Car_plate_detecting_dataset/12993.jpg;########;type1;659,560,138,29;659,560,797,560,797,589,659,589;1;0;huggingface:AY000554/Car_plate_detecting_dataset <https://huggingface.co/datasets/AY000554/Car_plate_detecting_dataset>;CC-BY-4.0 (CC BY 4.0);day
images/real/huggingface_AY000554_Car_plate_detecting_dataset/12993.jpg;########;type1;944,519,122,31;944,519,1066,519,1066,550,944,550;1;0;huggingface:AY000554/Car_plate_detecting_dataset <https://huggingface.co/datasets/AY000554/Car_plate_detecting_dataset>;CC-BY-4.0 (CC BY 4.0);day
images/real/huggingface_AY000554_Car_plate_detecting_dataset/13008.jpg;########;type1;244,283,141,30;244,283,385,283,385,313,244,313;1;0;huggingface:AY000554/Car_plate_detecting_dataset <https://huggingface.co/datasets/AY000554/Car_plate_detecting_dataset>;CC-BY-4.0 (CC BY 4.0);day
images/real/huggingface_AY000554_Car_plate_detecting_dataset/13013.jpg;########;type1;254,449,213,109;254,449,467,449,467,558,254,558;1;0;huggingface:AY000554/Car_plate_detecting_dataset <https://huggingface.co/datasets/AY000554/Car_plate_detecting_dataset>;CC-BY-4.0 (CC BY 4.0);day,glare
images/real/huggingface_AY000554_Car_plate_detecting_dataset/13040.jpg;########;type1;212,309,195,44;212,309,407,309,407,353,212,353;1;0;huggingface:AY000554/Car_plate_detecting_dataset <https://huggingface.co/datasets/AY000554/Car_plate_detecting_dataset>;CC-BY-4.0 (CC BY 4.0);day
images/real/huggingface_AY000554_Car_plate_detecting_dataset/13050.jpg;########;type1;680,606,308,72;680,606,988,606,988,678,680,678;1;0;huggingface:AY000554/Car_plate_detecting_dataset <https://huggingface.co/datasets/AY000554/Car_plate_detecting_dataset>;CC-BY-4.0 (CC BY 4.0);day
images/real/huggingface_AY000554_Car_plate_detecting_dataset/13061.jpg;########;type1;359,151,112,32;359,151,471,151,471,183,359,183;1;0;huggingface:AY000554/Car_plate_detecting_dataset <https://huggingface.co/datasets/AY000554/Car_plate_detecting_dataset>;CC-BY-4.0 (CC BY 4.0);day
images/real/huggingface_AY000554_Car_plate_detecting_dataset/13070.jpg;########;type1;583,497,337,78;583,497,920,497,920,575,583,575;1;0;huggingface:AY000554/Car_plate_detecting_dataset <https://huggingface.co/datasets/AY000554/Car_plate_detecting_dataset>;CC-BY-4.0 (CC BY 4.0);day,glare
images/real/huggingface_AY000554_Car_plate_detecting_dataset/13095.jpg;########;type1;897,526,184,69;897,526,1081,526,1081,595,897,595;1;0;huggingface:AY000554/Car_plate_detecting_dataset <https://huggingface.co/datasets/AY000554/Car_plate_detecting_dataset>;CC-BY-4.0 (CC BY 4.0);day
images/real/huggingface_AY000554_Car_plate_detecting_dataset/13112.jpg;########;type1;988,429,106,39;988,429,1094,429,1094,468,988,468;1;0;huggingface:AY000554/Car_plate_detecting_dataset <https://huggingface.co/datasets/AY000554/Car_plate_detecting_dataset>;CC-BY-4.0 (CC BY 4.0);day
images/real/huggingface_AY000554_Car_plate_detecting_dataset/1313.jpg;########;type1;1062,664,384,84;1062,664,1446,664,1446,748,1062,748;1;0;huggingface:AY000554/Car_plate_detecting_dataset <https://huggingface.co/datasets/AY000554/Car_plate_detecting_dataset>;CC-BY-4.0 (CC BY 4.0);day
images/real/huggingface_AY000554_Car_plate_detecting_dataset/13136.jpg;########;type1;410,392,132,30;410,392,542,392,542,422,410,422;1;0;huggingface:AY000554/Car_plate_detecting_dataset <https://huggingface.co/datasets/AY000554/Car_plate_detecting_dataset>;CC-BY-4.0 (CC BY 4.0);day,glare
images/real/huggingface_AY000554_Car_plate_detecting_dataset/13143.jpg;########;type1;622,705,269,89;622,705,891,705,891,794,622,794;1;0;huggingface:AY000554/Car_plate_detecting_dataset <https://huggingface.co/datasets/AY000554/Car_plate_detecting_dataset>;CC-BY-4.0 (CC BY 4.0);day,glare
images/real/huggingface_AY000554_Car_plate_detecting_dataset/13149.jpg;########;type1;1183,846,392,91;1183,846,1575,846,1575,937,1183,937;1;0;huggingface:AY000554/Car_plate_detecting_dataset <https://huggingface.co/datasets/AY000554/Car_plate_detecting_dataset>;CC-BY-4.0 (CC BY 4.0);day,motion_blur
images/real/huggingface_AY000554_Car_plate_detecting_dataset/13171.jpg;########;type1;268,725,204,51;268,725,472,725,472,776,268,776;1;0;huggingface:AY000554/Car_plate_detecting_dataset <https://huggingface.co/datasets/AY000554/Car_plate_detecting_dataset>;CC-BY-4.0 (CC BY 4.0);day
images/real/huggingface_AY000554_Car_plate_detecting_dataset/13172.jpg;########;type1;696,997,377,76;696,997,1073,997,1073,1073,696,1073;1;0;huggingface:AY000554/Car_plate_detecting_dataset <https://huggingface.co/datasets/AY000554/Car_plate_detecting_dataset>;CC-BY-4.0 (CC BY 4.0);day,glare,motion_blur
images/real/huggingface_AY000554_Car_plate_detecting_dataset/13186.jpg;########;type1;1091,899,354,169;1091,899,1445,899,1445,1068,1091,1068;1;0;huggingface:AY000554/Car_plate_detecting_dataset <https://huggingface.co/datasets/AY000554/Car_plate_detecting_dataset>;CC-BY-4.0 (CC BY 4.0);day
images/real/huggingface_AY000554_Car_plate_detecting_dataset/13199.jpg;########;type1;293,619,84,23;293,619,377,619,377,642,293,642;1;0;huggingface:AY000554/Car_plate_detecting_dataset <https://huggingface.co/datasets/AY000554/Car_plate_detecting_dataset>;CC-BY-4.0 (CC BY 4.0);day
images/real/huggingface_AY000554_Car_plate_detecting_dataset/13205.jpg;########;type1;353,431,351,75;353,431,704,431,704,506,353,506;1;0;huggingface:AY000554/Car_plate_detecting_dataset <https://huggingface.co/datasets/AY000554/Car_plate_detecting_dataset>;CC-BY-4.0 (CC BY 4.0);day
images/real/huggingface_AY000554_Car_plate_detecting_dataset/13209.jpg;########;type1;235,485,235,62;235,485,470,485,470,547,235,547;1;0;huggingface:AY000554/Car_plate_detecting_dataset <https://huggingface.co/datasets/AY000554/Car_plate_detecting_dataset>;CC-BY-4.0 (CC BY 4.0);day
images/real/huggingface_AY000554_Car_plate_detecting_dataset/13214.jpg;########;type1;146,590,130,71;146,590,276,590,276,661,146,661;1;0;huggingface:AY000554/Car_plate_detecting_dataset <https://huggingface.co/datasets/AY000554/Car_plate_detecting_dataset>;CC-BY-4.0 (CC BY 4.0);day,glare
images/real/huggingface_AY000554_Car_plate_detecting_dataset/13228.jpg;########;type1;238,596,306,86;238,596,544,596,544,682,238,682;1;0;huggingface:AY000554/Car_plate_detecting_dataset <https://huggingface.co/datasets/AY000554/Car_plate_detecting_dataset>;CC-BY-4.0 (CC BY 4.0);day
images/real/huggingface_AY000554_Car_plate_detecting_dataset/13237.jpg;########;type1;347,396,219,45;347,396,566,396,566,441,347,441;1;0;huggingface:AY000554/Car_plate_detecting_dataset <https://huggingface.co/datasets/AY000554/Car_plate_detecting_dataset>;CC-BY-4.0 (CC BY 4.0);day,glare
images/real/huggingface_AY000554_Car_plate_detecting_dataset/13242.jpg;########;type1;347,769,284,86;347,769,631,769,631,855,347,855;1;0;huggingface:AY000554/Car_plate_detecting_dataset <https://huggingface.co/datasets/AY000554/Car_plate_detecting_dataset>;CC-BY-4.0 (CC BY 4.0);day,glare
images/real/huggingface_AY000554_Car_plate_detecting_dataset/13243.jpg;########;type1;686,674,433,88;686,674,1119,674,1119,762,686,762;1;0;huggingface:AY000554/Car_plate_detecting_dataset <https://huggingface.co/datasets/AY000554/Car_plate_detecting_dataset>;CC-BY-4.0 (CC BY 4.0);day,glare,motion_blur
images/real/huggingface_AY000554_Car_plate_detecting_dataset/13248.jpg;########;type1;765,1067,302,63;765,1067,1067,1067,1067,1130,765,1130;1;0;huggingface:AY000554/Car_plate_detecting_dataset <https://huggingface.co/datasets/AY000554/Car_plate_detecting_dataset>;CC-BY-4.0 (CC BY 4.0);day,glare,motion_blur
images/real/huggingface_AY000554_Car_plate_detecting_dataset/1327.jpg;########;type1;299,501,265,125;299,501,564,501,564,626,299,626;1;0;huggingface:AY000554/Car_plate_detecting_dataset <https://huggingface.co/datasets/AY000554/Car_plate_detecting_dataset>;CC-BY-4.0 (CC BY 4.0);day
images/real/huggingface_AY000554_Car_plate_detecting_dataset/13281.jpg;########;type1;1400,873,257,114;1400,873,1657,873,1657,987,1400,987;1;0;huggingface:AY000554/Car_plate_detecting_dataset <https://huggingface.co/datasets/AY000554/Car_plate_detecting_dataset>;CC-BY-4.0 (CC BY 4.0);day
images/real/huggingface_AY000554_Car_plate_detecting_dataset/13285.jpg;########;type1;359,392,208,71;359,392,567,392,567,463,359,463;1;0;huggingface:AY000554/Car_plate_detecting_dataset <https://huggingface.co/datasets/AY000554/Car_plate_detecting_dataset>;CC-BY-4.0 (CC BY 4.0);day,glare
images/real/huggingface_AY000554_Car_plate_detecting_dataset/13313.jpg;########;type1;1065,654,343,91;1065,654,1408,654,1408,745,1065,745;1;0;huggingface:AY000554/Car_plate_detecting_dataset <https://huggingface.co/datasets/AY000554/Car_plate_detecting_dataset>;CC-BY-4.0 (CC BY 4.0);day
images/real/huggingface_AY000554_Car_plate_detecting_dataset/13314.jpg;########;type1;832,453,139,46;832,453,971,453,971,499,832,499;1;0;huggingface:AY000554/Car_plate_detecting_dataset <https://huggingface.co/datasets/AY000554/Car_plate_detecting_dataset>;CC-BY-4.0 (CC BY 4.0);day
images/real/huggingface_AY000554_Car_plate_detecting_dataset/13315.jpg;########;type1;198,655,200,80;198,655,398,655,398,735,198,735;1;0;huggingface:AY000554/Car_plate_detecting_dataset <https://huggingface.co/datasets/AY000554/Car_plate_detecting_dataset>;CC-BY-4.0 (CC BY 4.0);day,glare
images/real/huggingface_AY000554_Car_plate_detecting_dataset/13339.jpg;########;type1;500,525,188,42;500,525,688,525,688,567,500,567;1;0;huggingface:AY000554/Car_plate_detecting_dataset <https://huggingface.co/datasets/AY000554/Car_plate_detecting_dataset>;CC-BY-4.0 (CC BY 4.0);day,glare
images/real/huggingface_AY000554_Car_plate_detecting_dataset/13347.jpg;########;type1;414,658,78,17;414,658,492,658,492,675,414,675;1;0;huggingface:AY000554/Car_plate_detecting_dataset <https://huggingface.co/datasets/AY000554/Car_plate_detecting_dataset>;CC-BY-4.0 (CC BY 4.0);day
images/real/huggingface_AY000554_Car_plate_detecting_dataset/13355.jpg;########;type1;244,598,248,71;244,598,492,598,492,669,244,669;1;0;huggingface:AY000554/Car_plate_detecting_dataset <https://huggingface.co/datasets/AY000554/Car_plate_detecting_dataset>;CC-BY-4.0 (CC BY 4.0);day
images/real/huggingface_AY000554_Car_plate_detecting_dataset/13362.jpg;########;type1;503,599,267,59;503,599,770,599,770,658,503,658;1;0;huggingface:AY000554/Car_plate_detecting_dataset <https://huggingface.co/datasets/AY000554/Car_plate_detecting_dataset>;CC-BY-4.0 (CC BY 4.0);day
images/real/huggingface_AY000554_Car_plate_detecting_dataset/1337.jpg;########;type1;530,610,204,57;530,610,734,610,734,667,530,667;1;0;huggingface:AY000554/Car_plate_detecting_dataset <https://huggingface.co/datasets/AY000554/Car_plate_detecting_dataset>;CC-BY-4.0 (CC BY 4.0);day,glare
images/real/huggingface_AY000554_Car_plate_detecting_dataset/13387.jpg;########;type1;443,1191,173,40;443,1191,616,1191,616,1231,443,1231;1;0;huggingface:AY000554/Car_plate_detecting_dataset <https://huggingface.co/datasets/AY000554/Car_plate_detecting_dataset>;CC-BY-4.0 (CC BY 4.0);day,motion_blur
images/real/huggingface_AY000554_Car_plate_detecting_dataset/13394.jpg;########;type1;328,423,251,52;328,423,579,423,579,475,328,475;1;0;huggingface:AY000554/Car_plate_detecting_dataset <https://huggingface.co/datasets/AY000554/Car_plate_detecting_dataset>;CC-BY-4.0 (CC BY 4.0);day,glare
images/real/huggingface_AY000554_Car_plate_detecting_dataset/13398.jpg;########;type1;220,401,167,35;220,401,387,401,387,436,220,436;1;0;huggingface:AY000554/Car_plate_detecting_dataset <https://huggingface.co/datasets/AY000554/Car_plate_detecting_dataset>;CC-BY-4.0 (CC BY 4.0);day,glare
images/real/huggingface_AY000554_Car_plate_detecting_dataset/13411.jpg;########;type1;401,472,183,43;401,472,584,472,584,515,401,515;1;0;huggingface:AY000554/Car_plate_detecting_dataset <https://huggingface.co/datasets/AY000554/Car_plate_detecting_dataset>;CC-BY-4.0 (CC BY 4.0);day
images/real/huggingface_AY000554_Car_plate_detecting_dataset/13433.jpg;########;type1;487,574,243,52;487,574,730,574,730,626,487,626;1;0;huggingface:AY000554/Car_plate_detecting_dataset <https://huggingface.co/datasets/AY000554/Car_plate_detecting_dataset>;CC-BY-4.0 (CC BY 4.0);day,glare
images/real/huggingface_AY000554_Car_plate_detecting_dataset/13441.jpg;########;type1;171,287,113,54;171,287,284,287,284,341,171,341;1;0;huggingface:AY000554/Car_plate_detecting_dataset <https://huggingface.co/datasets/AY000554/Car_plate_detecting_dataset>;CC-BY-4.0 (CC BY 4.0);day,glare
images/real/huggingface_AY000554_Car_plate_detecting_dataset/13455.jpg;########;type1;301,495,173,67;301,495,474,495,474,562,301,562;1;0;huggingface:AY000554/Car_plate_detecting_dataset <https://huggingface.co/datasets/AY000554/Car_plate_detecting_dataset>;CC-BY-4.0 (CC BY 4.0);day,glare
images/real/huggingface_AY000554_Car_plate_detecting_dataset/13455.jpg;########;type1;348,299,55,15;348,299,403,299,403,314,348,314;1;0;huggingface:AY000554/Car_plate_detecting_dataset <https://huggingface.co/datasets/AY000554/Car_plate_detecting_dataset>;CC-BY-4.0 (CC BY 4.0);day,glare
images/real/huggingface_AY000554_Car_plate_detecting_dataset/13466.jpg;########;type1;695,556,56,18;695,556,751,556,751,574,695,574;1;0;huggingface:AY000554/Car_plate_detecting_dataset <https://huggingface.co/datasets/AY000554/Car_plate_detecting_dataset>;CC-BY-4.0 (CC BY 4.0);day
images/real/huggingface_AY000554_Car_plate_detecting_dataset/13483.jpg;########;type1;376,373,260,56;376,373,636,373,636,429,376,429;1;0;huggingface:AY000554/Car_plate_detecting_dataset <https://huggingface.co/datasets/AY000554/Car_plate_detecting_dataset>;CC-BY-4.0 (CC BY 4.0);day,glare
images/real/huggingface_AY000554_Car_plate_detecting_dataset/1350.jpg;########;type1;197,483,164,64;197,483,361,483,361,547,197,547;1;0;huggingface:AY000554/Car_plate_detecting_dataset <https://huggingface.co/datasets/AY000554/Car_plate_detecting_dataset>;CC-BY-4.0 (CC BY 4.0);day
images/real/huggingface_AY000554_Car_plate_detecting_dataset/13510.jpg;########;type1;506,751,214,47;506,751,720,751,720,798,506,798;1;0;huggingface:AY000554/Car_plate_detecting_dataset <https://huggingface.co/datasets/AY000554/Car_plate_detecting_dataset>;CC-BY-4.0 (CC BY 4.0);day
images/real/huggingface_AY000554_Car_plate_detecting_dataset/13511.jpg;########;type1b;1018,915,345,79;1018,915,1363,915,1363,994,1018,994;1;0;huggingface:AY000554/Car_plate_detecting_dataset <https://huggingface.co/datasets/AY000554/Car_plate_detecting_dataset>;CC-BY-4.0 (CC BY 4.0);day,glare
images/real/huggingface_AY000554_Car_plate_detecting_dataset/13511.jpg;########;type1;1764,635,57,17;1764,635,1821,635,1821,652,1764,652;1;0;huggingface:AY000554/Car_plate_detecting_dataset <https://huggingface.co/datasets/AY000554/Car_plate_detecting_dataset>;CC-BY-4.0 (CC BY 4.0);day,glare
images/real/huggingface_AY000554_Car_plate_detecting_dataset/13521.jpg;########;type1;410,529,264,58;410,529,674,529,674,587,410,587;1;0;huggingface:AY000554/Car_plate_detecting_dataset <https://huggingface.co/datasets/AY000554/Car_plate_detecting_dataset>;CC-BY-4.0 (CC BY 4.0);day,glare
images/real/huggingface_AY000554_Car_plate_detecting_dataset/13527.jpg;########;type1;126,226,128,35;126,226,254,226,254,261,126,261;1;0;huggingface:AY000554/Car_plate_detecting_dataset <https://huggingface.co/datasets/AY000554/Car_plate_detecting_dataset>;CC-BY-4.0 (CC BY 4.0);day
images/real/huggingface_AY000554_Car_plate_detecting_dataset/13550.jpg;########;type1;1067,584,167,102;1067,584,1234,584,1234,686,1067,686;1;0;huggingface:AY000554/Car_plate_detecting_dataset <https://huggingface.co/datasets/AY000554/Car_plate_detecting_dataset>;CC-BY-4.0 (CC BY 4.0);day
images/real/huggingface_AY000554_Car_plate_detecting_dataset/13577.jpg;########;type1;260,620,203,42;260,620,463,620,463,662,260,662;1;0;huggingface:AY000554/Car_plate_detecting_dataset <https://huggingface.co/datasets/AY000554/Car_plate_detecting_dataset>;CC-BY-4.0 (CC BY 4.0);day
images/real/huggingface_AY000554_Car_plate_detecting_dataset/13586.jpg;########;type1;1042,567,260,67;1042,567,1302,567,1302,634,1042,634;1;0;huggingface:AY000554/Car_plate_detecting_dataset <https://huggingface.co/datasets/AY000554/Car_plate_detecting_dataset>;CC-BY-4.0 (CC BY 4.0);day
images/real/huggingface_AY000554_Car_plate_detecting_dataset/13591.jpg;########;type1;515,632,286,74;515,632,801,632,801,706,515,706;1;0;huggingface:AY000554/Car_plate_detecting_dataset <https://huggingface.co/datasets/AY000554/Car_plate_detecting_dataset>;CC-BY-4.0 (CC BY 4.0);day,glare
images/real/huggingface_AY000554_Car_plate_detecting_dataset/13597.jpg;########;type1;303,566,186,44;303,566,489,566,489,610,303,610;1;0;huggingface:AY000554/Car_plate_detecting_dataset <https://huggingface.co/datasets/AY000554/Car_plate_detecting_dataset>;CC-BY-4.0 (CC BY 4.0);day
images/real/huggingface_AY000554_Car_plate_detecting_dataset/13603.jpg;########;type1;356,649,253,64;356,649,609,649,609,713,356,713;1;0;huggingface:AY000554/Car_plate_detecting_dataset <https://huggingface.co/datasets/AY000554/Car_plate_detecting_dataset>;CC-BY-4.0 (CC BY 4.0);day,glare
images/real/huggingface_AY000554_Car_plate_detecting_dataset/13603.jpg;########;type1;1646,721,77,18;1646,721,1723,721,1723,739,1646,739;1;0;huggingface:AY000554/Car_plate_detecting_dataset <https://huggingface.co/datasets/AY000554/Car_plate_detecting_dataset>;CC-BY-4.0 (CC BY 4.0);day,glare
images/real/huggingface_AY000554_Car_plate_detecting_dataset/13610.jpg;########;type1;235,316,148,35;235,316,383,316,383,351,235,351;1;0;huggingface:AY000554/Car_plate_detecting_dataset <https://huggingface.co/datasets/AY000554/Car_plate_detecting_dataset>;CC-BY-4.0 (CC BY 4.0);day
images/real/huggingface_AY000554_Car_plate_detecting_dataset/13612.jpg;########;type1;711,802,309,69;711,802,1020,802,1020,871,711,871;1;0;huggingface:AY000554/Car_plate_detecting_dataset <https://huggingface.co/datasets/AY000554/Car_plate_detecting_dataset>;CC-BY-4.0 (CC BY 4.0);day,motion_blur
images/real/huggingface_AY000554_Car_plate_detecting_dataset/1362.jpg;########;type1;932,619,218,94;932,619,1150,619,1150,713,932,713;1;0;huggingface:AY000554/Car_plate_detecting_dataset <https://huggingface.co/datasets/AY000554/Car_plate_detecting_dataset>;CC-BY-4.0 (CC BY 4.0);day
images/real/huggingface_AY000554_Car_plate_detecting_dataset/13630.jpg;########;type1;769,654,256,60;769,654,1025,654,1025,714,769,714;1;0;huggingface:AY000554/Car_plate_detecting_dataset <https://huggingface.co/datasets/AY000554/Car_plate_detecting_dataset>;CC-BY-4.0 (CC BY 4.0);day
images/real/huggingface_AY000554_Car_plate_detecting_dataset/13641.jpg;########;type1;589,406,138,41;589,406,727,406,727,447,589,447;1;0;huggingface:AY000554/Car_plate_detecting_dataset <https://huggingface.co/datasets/AY000554/Car_plate_detecting_dataset>;CC-BY-4.0 (CC BY 4.0);day
images/real/huggingface_AY000554_Car_plate_detecting_dataset/13641.jpg;########;type1;75,203,76,21;75,203,151,203,151,224,75,224;1;0;huggingface:AY000554/Car_plate_detecting_dataset <https://huggingface.co/datasets/AY000554/Car_plate_detecting_dataset>;CC-BY-4.0 (CC BY 4.0);day
images/real/huggingface_AY000554_Car_plate_detecting_dataset/13642.jpg;########;type1;164,699,224,96;164,699,388,699,388,795,164,795;1;0;huggingface:AY000554/Car_plate_detecting_dataset <https://huggingface.co/datasets/AY000554/Car_plate_detecting_dataset>;CC-BY-4.0 (CC BY 4.0);day,glare
images/real/huggingface_AY000554_Car_plate_detecting_dataset/13642.jpg;########;type1;324,228,41,15;324,228,365,228,365,243,324,243;1;0;huggingface:AY000554/Car_plate_detecting_dataset <https://huggingface.co/datasets/AY000554/Car_plate_detecting_dataset>;CC-BY-4.0 (CC BY 4.0);day,glare
images/real/huggingface_AY000554_Car_plate_detecting_dataset/13647.jpg;########;type1;213,597,54,19;213,597,267,597,267,616,213,616;1;0;huggingface:AY000554/Car_plate_detecting_dataset <https://huggingface.co/datasets/AY000554/Car_plate_detecting_dataset>;CC-BY-4.0 (CC BY 4.0);day,glare
images/real/huggingface_AY000554_Car_plate_detecting_dataset/13647.jpg;########;type1;380,586,69,19;380,586,449,586,449,605,380,605;1;0;huggingface:AY000554/Car_plate_detecting_dataset <https://huggingface.co/datasets/AY000554/Car_plate_detecting_dataset>;CC-BY-4.0 (CC BY 4.0);day,glare
images/real/huggingface_AY000554_Car_plate_detecting_dataset/13649.jpg;########;type1;1631,737,133,88;1631,737,1764,737,1764,825,1631,825;1;0;huggingface:AY000554/Car_plate_detecting_dataset <https://huggingface.co/datasets/AY000554/Car_plate_detecting_dataset>;CC-BY-4.0 (CC BY 4.0);day,glare
images/real/huggingface_AY000554_Car_plate_detecting_dataset/1365.jpg;########;type1b;937,632,143,54;937,632,1080,632,1080,686,937,686;1;0;huggingface:AY000554/Car_plate_detecting_dataset <https://huggingface.co/datasets/AY000554/Car_plate_detecting_dataset>;CC-BY-4.0 (CC BY 4.0);day
images/real/huggingface_AY000554_Car_plate_detecting_dataset/13655.jpg;########;type1;212,634,208,114;212,634,420,634,420,748,212,748;1;0;huggingface:AY000554/Car_plate_detecting_dataset <https://huggingface.co/datasets/AY000554/Car_plate_detecting_dataset>;CC-BY-4.0 (CC BY 4.0);day
images/real/huggingface_AY000554_Car_plate_detecting_dataset/1366.jpg;########;type1;311,263,77,17;311,263,388,263,388,280,311,280;1;0;huggingface:AY000554/Car_plate_detecting_dataset <https://huggingface.co/datasets/AY000554/Car_plate_detecting_dataset>;CC-BY-4.0 (CC BY 4.0);day
images/real/huggingface_AY000554_Car_plate_detecting_dataset/13663.jpg;########;type1;437,687,265,67;437,687,702,687,702,754,437,754;1;0;huggingface:AY000554/Car_plate_detecting_dataset <https://huggingface.co/datasets/AY000554/Car_plate_detecting_dataset>;CC-BY-4.0 (CC BY 4.0);day
images/real/huggingface_AY000554_Car_plate_detecting_dataset/1367.jpg;########;type1;315,536,347,78;315,536,662,536,662,614,315,614;1;0;huggingface:AY000554/Car_plate_detecting_dataset <https://huggingface.co/datasets/AY000554/Car_plate_detecting_dataset>;CC-BY-4.0 (CC BY 4.0);day,motion_blur
images/real/huggingface_AY000554_Car_plate_detecting_dataset/13679.jpg;########;type1;957,701,205,57;957,701,1162,701,1162,758,957,758;1;0;huggingface:AY000554/Car_plate_detecting_dataset <https://huggingface.co/datasets/AY000554/Car_plate_detecting_dataset>;CC-BY-4.0 (CC BY 4.0);day
images/real/huggingface_AY000554_Car_plate_detecting_dataset/13683.jpg;########;type1;537,832,310,72;537,832,847,832,847,904,537,904;1;0;huggingface:AY000554/Car_plate_detecting_dataset <https://huggingface.co/datasets/AY000554/Car_plate_detecting_dataset>;CC-BY-4.0 (CC BY 4.0);day
images/real/huggingface_AY000554_Car_plate_detecting_dataset/13696.jpg;########;type1;933,644,96,31;933,644,1029,644,1029,675,933,675;1;0;huggingface:AY000554/Car_plate_detecting_dataset <https://huggingface.co/datasets/AY000554/Car_plate_detecting_dataset>;CC-BY-4.0 (CC BY 4.0);day,glare
images/real/huggingface_AY000554_Car_plate_detecting_dataset/13707.jpg;########;type1;811,654,253,91;811,654,1064,654,1064,745,811,745;1;0;huggingface:AY000554/Car_plate_detecting_dataset <https://huggingface.co/datasets/AY000554/Car_plate_detecting_dataset>;CC-BY-4.0 (CC BY 4.0);day,glare
images/real/huggingface_AY000554_Car_plate_detecting_dataset/13714.jpg;########;type1;62,599,149,66;62,599,211,599,211,665,62,665;1;0;huggingface:AY000554/Car_plate_detecting_dataset <https://huggingface.co/datasets/AY000554/Car_plate_detecting_dataset>;CC-BY-4.0 (CC BY 4.0);day
images/real/huggingface_AY000554_Car_plate_detecting_dataset/13735.jpg;########;type1;815,866,578,187;815,866,1393,866,1393,1053,815,1053;1;0;huggingface:AY000554/Car_plate_detecting_dataset <https://huggingface.co/datasets/AY000554/Car_plate_detecting_dataset>;CC-BY-4.0 (CC BY 4.0);day,glare
images/real/huggingface_AY000554_Car_plate_detecting_dataset/1382.jpg;########;type1;162,364,137,27;162,364,299,364,299,391,162,391;1;0;huggingface:AY000554/Car_plate_detecting_dataset <https://huggingface.co/datasets/AY000554/Car_plate_detecting_dataset>;CC-BY-4.0 (CC BY 4.0);day
images/real/huggingface_AY000554_Car_plate_detecting_dataset/13820.jpg;########;type1;147,683,215,129;147,683,362,683,362,812,147,812;1;0;huggingface:AY000554/Car_plate_detecting_dataset <https://huggingface.co/datasets/AY000554/Car_plate_detecting_dataset>;CC-BY-4.0 (CC BY 4.0);day
images/real/huggingface_AY000554_Car_plate_detecting_dataset/13857.jpg;########;type1;290,565,271,56;290,565,561,565,561,621,290,621;1;0;huggingface:AY000554/Car_plate_detecting_dataset <https://huggingface.co/datasets/AY000554/Car_plate_detecting_dataset>;CC-BY-4.0 (CC BY 4.0);day
images/real/huggingface_AY000554_Car_plate_detecting_dataset/13860.jpg;########;type1;359,469,228,51;359,469,587,469,587,520,359,520;1;0;huggingface:AY000554/Car_plate_detecting_dataset <https://huggingface.co/datasets/AY000554/Car_plate_detecting_dataset>;CC-BY-4.0 (CC BY 4.0);day,glare
images/real/huggingface_AY000554_Car_plate_detecting_dataset/13866.jpg;########;type1;1476,891,240,117;1476,891,1716,891,1716,1008,1476,1008;1;0;huggingface:AY000554/Car_plate_detecting_dataset <https://huggingface.co/datasets/AY000554/Car_plate_detecting_dataset>;CC-BY-4.0 (CC BY 4.0);day
images/real/huggingface_AY000554_Car_plate_detecting_dataset/13902.jpg;########;type1;603,777,237,51;603,777,840,777,840,828,603,828;1;0;huggingface:AY000554/Car_plate_detecting_dataset <https://huggingface.co/datasets/AY000554/Car_plate_detecting_dataset>;CC-BY-4.0 (CC BY 4.0);day
images/real/huggingface_AY000554_Car_plate_detecting_dataset/13928.jpg;########;type1;651,461,255,92;651,461,906,461,906,553,651,553;1;0;huggingface:AY000554/Car_plate_detecting_dataset <https://huggingface.co/datasets/AY000554/Car_plate_detecting_dataset>;CC-BY-4.0 (CC BY 4.0);day
images/real/huggingface_AY000554_Car_plate_detecting_dataset/13945.jpg;########;type1;189,185,69,11;189,185,258,185,258,196,189,196;1;0;huggingface:AY000554/Car_plate_detecting_dataset <https://huggingface.co/datasets/AY000554/Car_plate_detecting_dataset>;CC-BY-4.0 (CC BY 4.0);day,glare
images/real/huggingface_AY000554_Car_plate_detecting_dataset/13987.jpg;########;type1;167,340,120,40;167,340,287,340,287,380,167,380;1;0;huggingface:AY000554/Car_plate_detecting_dataset <https://huggingface.co/datasets/AY000554/Car_plate_detecting_dataset>;CC-BY-4.0 (CC BY 4.0);day,glare
images/real/huggingface_AY000554_Car_plate_detecting_dataset/13998.jpg;########;type1;742,520,122,46;742,520,864,520,864,566,742,566;1;0;huggingface:AY000554/Car_plate_detecting_dataset <https://huggingface.co/datasets/AY000554/Car_plate_detecting_dataset>;CC-BY-4.0 (CC BY 4.0);day
images/real/huggingface_AY000554_Car_plate_detecting_dataset/14004.jpg;########;type1;489,761,200,65;489,761,689,761,689,826,489,826;1;0;huggingface:AY000554/Car_plate_detecting_dataset <https://huggingface.co/datasets/AY000554/Car_plate_detecting_dataset>;CC-BY-4.0 (CC BY 4.0);day
images/real/huggingface_AY000554_Car_plate_detecting_dataset/14013.jpg;########;type1;421,610,212,50;421,610,633,610,633,660,421,660;1;0;huggingface:AY000554/Car_plate_detecting_dataset <https://huggingface.co/datasets/AY000554/Car_plate_detecting_dataset>;CC-BY-4.0 (CC BY 4.0);day
images/real/huggingface_AY000554_Car_plate_detecting_dataset/14021.jpg;########;type1;549,600,192,64;549,600,741,600,741,664,549,664;1;0;huggingface:AY000554/Car_plate_detecting_dataset <https://huggingface.co/datasets/AY000554/Car_plate_detecting_dataset>;CC-BY-4.0 (CC BY 4.0);day,glare
images/real/huggingface_AY000554_Car_plate_detecting_dataset/14021.jpg;########;type1;1438,671,75,20;1438,671,1513,671,1513,691,1438,691;1;0;huggingface:AY000554/Car_plate_detecting_dataset <https://huggingface.co/datasets/AY000554/Car_plate_detecting_dataset>;CC-BY-4.0 (CC BY 4.0);day,glare
images/real/huggingface_AY000554_Car_plate_detecting_dataset/14058.jpg;########;type1;859,943,215,50;859,943,1074,943,1074,993,859,993;1;0;huggingface:AY000554/Car_plate_detecting_dataset <https://huggingface.co/datasets/AY000554/Car_plate_detecting_dataset>;CC-BY-4.0 (CC BY 4.0);day
images/real/huggingface_AY000554_Car_plate_detecting_dataset/14061.jpg;########;type1;467,1058,352,87;467,1058,819,1058,819,1145,467,1145;1;0;huggingface:AY000554/Car_plate_detecting_dataset <https://huggingface.co/datasets/AY000554/Car_plate_detecting_dataset>;CC-BY-4.0 (CC BY 4.0);day
images/real/huggingface_AY000554_Car_plate_detecting_dataset/1407.jpg;########;type1;395,501,189,45;395,501,584,501,584,546,395,546;1;0;huggingface:AY000554/Car_plate_detecting_dataset <https://huggingface.co/datasets/AY000554/Car_plate_detecting_dataset>;CC-BY-4.0 (CC BY 4.0);day
images/real/huggingface_AY000554_Car_plate_detecting_dataset/14070.jpg;########;type1;361,734,312,75;361,734,673,734,673,809,361,809;1;0;huggingface:AY000554/Car_plate_detecting_dataset <https://huggingface.co/datasets/AY000554/Car_plate_detecting_dataset>;CC-BY-4.0 (CC BY 4.0);day
images/real/huggingface_AY000554_Car_plate_detecting_dataset/14070.jpg;########;type1;1272,404,115,29;1272,404,1387,404,1387,433,1272,433;1;0;huggingface:AY000554/Car_plate_detecting_dataset <https://huggingface.co/datasets/AY000554/Car_plate_detecting_dataset>;CC-BY-4.0 (CC BY 4.0);day
images/real/huggingface_AY000554_Car_plate_detecting_dataset/14077.jpg;########;type1;220,242,207,47;220,242,427,242,427,289,220,289;1;0;huggingface:AY000554/Car_plate_detecting_dataset <https://huggingface.co/datasets/AY000554/Car_plate_detecting_dataset>;CC-BY-4.0 (CC BY 4.0);day,glare
images/real/huggingface_AY000554_Car_plate_detecting_dataset/14092.jpg;########;type1;655,323,132,36;655,323,787,323,787,359,655,359;1;0;huggingface:AY000554/Car_plate_detecting_dataset <https://huggingface.co/datasets/AY000554/Car_plate_detecting_dataset>;CC-BY-4.0 (CC BY 4.0);day,glare
images/real/huggingface_AY000554_Car_plate_detecting_dataset/14101.jpg;########;type1;1106,805,234,131;1106,805,1340,805,1340,936,1106,936;1;0;huggingface:AY000554/Car_plate_detecting_dataset <https://huggingface.co/datasets/AY000554/Car_plate_detecting_dataset>;CC-BY-4.0 (CC BY 4.0);day,glare
images/real/huggingface_AY000554_Car_plate_detecting_dataset/14121.jpg;########;type1;571,779,212,85;571,779,783,779,783,864,571,864;1;0;huggingface:AY000554/Car_plate_detecting_dataset <https://huggingface.co/datasets/AY000554/Car_plate_detecting_dataset>;CC-BY-4.0 (CC BY 4.0);day
images/real/huggingface_AY000554_Car_plate_detecting_dataset/14134.jpg;########;type1;569,970,800,184;569,970,1369,970,1369,1154,569,1154;1;0;huggingface:AY000554/Car_plate_detecting_dataset <https://huggingface.co/datasets/AY000554/Car_plate_detecting_dataset>;CC-BY-4.0 (CC BY 4.0);night
images/real/huggingface_AY000554_Car_plate_detecting_dataset/14142.jpg;########;type1;348,897,321,132;348,897,669,897,669,1029,348,1029;1;0;huggingface:AY000554/Car_plate_detecting_dataset <https://huggingface.co/datasets/AY000554/Car_plate_detecting_dataset>;CC-BY-4.0 (CC BY 4.0);day
images/real/huggingface_AY000554_Car_plate_detecting_dataset/14168.jpg;########;type1;980,907,179,39;980,907,1159,907,1159,946,980,946;1;0;huggingface:AY000554/Car_plate_detecting_dataset <https://huggingface.co/datasets/AY000554/Car_plate_detecting_dataset>;CC-BY-4.0 (CC BY 4.0);day
images/real/huggingface_AY000554_Car_plate_detecting_dataset/14175.jpg;########;type1;1320,870,137,45;1320,870,1457,870,1457,915,1320,915;1;0;huggingface:AY000554/Car_plate_detecting_dataset <https://huggingface.co/datasets/AY000554/Car_plate_detecting_dataset>;CC-BY-4.0 (CC BY 4.0);day
images/real/huggingface_AY000554_Car_plate_detecting_dataset/14177.jpg;########;type1;804,1030,295,61;804,1030,1099,1030,1099,1091,804,1091;1;0;huggingface:AY000554/Car_plate_detecting_dataset <https://huggingface.co/datasets/AY000554/Car_plate_detecting_dataset>;CC-BY-4.0 (CC BY 4.0);day
images/real/huggingface_AY000554_Car_plate_detecting_dataset/14190.jpg;########;type1;302,668,294,66;302,668,596,668,596,734,302,734;1;0;huggingface:AY000554/Car_plate_detecting_dataset <https://huggingface.co/datasets/AY000554/Car_plate_detecting_dataset>;CC-BY-4.0 (CC BY 4.0);night
images/real/huggingface_AY000554_Car_plate_detecting_dataset/14207.jpg;########;type1;670,708,158,45;670,708,828,708,828,753,670,753;1;0;huggingface:AY000554/Car_plate_detecting_dataset <https://huggingface.co/datasets/AY000554/Car_plate_detecting_dataset>;CC-BY-4.0 (CC BY 4.0);day,glare
images/real/huggingface_AY000554_Car_plate_detecting_dataset/14209.jpg;########;type1;293,650,104,22;293,650,397,650,397,672,293,672;1;0;huggingface:AY000554/Car_plate_detecting_dataset <https://huggingface.co/datasets/AY000554/Car_plate_detecting_dataset>;CC-BY-4.0 (CC BY 4.0);day
images/real/huggingface_AY000554_Car_plate_detecting_dataset/14223.jpg;########;type1;116,670,193,111;116,670,309,670,309,781,116,781;1;0;huggingface:AY000554/Car_plate_detecting_dataset <https://huggingface.co/datasets/AY000554/Car_plate_detecting_dataset>;CC-BY-4.0 (CC BY 4.0);day,glare
images/real/huggingface_AY000554_Car_plate_detecting_dataset/1423.jpg;########;type1;655,587,80,33;655,587,735,587,735,620,655,620;1;0;huggingface:AY000554/Car_plate_detecting_dataset <https://huggingface.co/datasets/AY000554/Car_plate_detecting_dataset>;CC-BY-4.0 (CC BY 4.0);day
images/real/huggingface_AY000554_Car_plate_detecting_dataset/14262.jpg;########;type1;96,342,74,39;96,342,170,342,170,381,96,381;1;0;huggingface:AY000554/Car_plate_detecting_dataset <https://huggingface.co/datasets/AY000554/Car_plate_detecting_dataset>;CC-BY-4.0 (CC BY 4.0);day
images/real/huggingface_AY000554_Car_plate_detecting_dataset/14277.jpg;########;type1;325,507,225,53;325,507,550,507,550,560,325,560;1;0;huggingface:AY000554/Car_plate_detecting_dataset <https://huggingface.co/datasets/AY000554/Car_plate_detecting_dataset>;CC-BY-4.0 (CC BY 4.0);day,motion_blur
images/real/huggingface_AY000554_Car_plate_detecting_dataset/14285.jpg;########;type1;916,434,344,81;916,434,1260,434,1260,515,916,515;1;0;huggingface:AY000554/Car_plate_detecting_dataset <https://huggingface.co/datasets/AY000554/Car_plate_detecting_dataset>;CC-BY-4.0 (CC BY 4.0);day
images/real/huggingface_AY000554_Car_plate_detecting_dataset/14291.jpg;########;type1;797,877,333,84;797,877,1130,877,1130,961,797,961;1;0;huggingface:AY000554/Car_plate_detecting_dataset <https://huggingface.co/datasets/AY000554/Car_plate_detecting_dataset>;CC-BY-4.0 (CC BY 4.0);day,glare
images/real/huggingface_AY000554_Car_plate_detecting_dataset/1430.jpg;########;type1;237,657,195,70;237,657,432,657,432,727,237,727;1;0;huggingface:AY000554/Car_plate_detecting_dataset <https://huggingface.co/datasets/AY000554/Car_plate_detecting_dataset>;CC-BY-4.0 (CC BY 4.0);day
images/real/huggingface_AY000554_Car_plate_detecting_dataset/14306.jpg;########;type1;217,786,191,35;217,786,408,786,408,821,217,821;1;0;huggingface:AY000554/Car_plate_detecting_dataset <https://huggingface.co/datasets/AY000554/Car_plate_detecting_dataset>;CC-BY-4.0 (CC BY 4.0);day
images/real/huggingface_AY000554_Car_plate_detecting_dataset/14322.jpg;########;type1;258,626,174,39;258,626,432,626,432,665,258,665;1;0;huggingface:AY000554/Car_plate_detecting_dataset <https://huggingface.co/datasets/AY000554/Car_plate_detecting_dataset>;CC-BY-4.0 (CC BY 4.0);day
images/real/huggingface_AY000554_Car_plate_detecting_dataset/14324.jpg;########;type1;602,702,165,44;602,702,767,702,767,746,602,746;1;0;huggingface:AY000554/Car_plate_detecting_dataset <https://huggingface.co/datasets/AY000554/Car_plate_detecting_dataset>;CC-BY-4.0 (CC BY 4.0);day
images/real/huggingface_AY000554_Car_plate_detecting_dataset/14365.jpg;########;type1;208,472,102,23;208,472,310,472,310,495,208,495;1;0;huggingface:AY000554/Car_plate_detecting_dataset <https://huggingface.co/datasets/AY000554/Car_plate_detecting_dataset>;CC-BY-4.0 (CC BY 4.0);day,glare
images/real/huggingface_AY000554_Car_plate_detecting_dataset/14365.jpg;########;type1;798,474,89,22;798,474,887,474,887,496,798,496;1;0;huggingface:AY000554/Car_plate_detecting_dataset <https://huggingface.co/datasets/AY000554/Car_plate_detecting_dataset>;CC-BY-4.0 (CC BY 4.0);day,glare
images/real/huggingface_AY000554_Car_plate_detecting_dataset/14395.jpg;########;type1;447,645,373,97;447,645,820,645,820,742,447,742;1;0;huggingface:AY000554/Car_plate_detecting_dataset <https://huggingface.co/datasets/AY000554/Car_plate_detecting_dataset>;CC-BY-4.0 (CC BY 4.0);day,glare
images/real/huggingface_AY000554_Car_plate_detecting_dataset/144.jpg;########;type1;414,531,231,68;414,531,645,531,645,599,414,599;1;0;huggingface:AY000554/Car_plate_detecting_dataset <https://huggingface.co/datasets/AY000554/Car_plate_detecting_dataset>;CC-BY-4.0 (CC BY 4.0);day,glare
images/real/huggingface_AY000554_Car_plate_detecting_dataset/14420.jpg;########;type1;455,549,314,68;455,549,769,549,769,617,455,617;1;0;huggingface:AY000554/Car_plate_detecting_dataset <https://huggingface.co/datasets/AY000554/Car_plate_detecting_dataset>;CC-BY-4.0 (CC BY 4.0);day
images/real/huggingface_AY000554_Car_plate_detecting_dataset/1445.jpg;########;type1;159,474,144,89;159,474,303,474,303,563,159,563;1;0;huggingface:AY000554/Car_plate_detecting_dataset <https://huggingface.co/datasets/AY000554/Car_plate_detecting_dataset>;CC-BY-4.0 (CC BY 4.0);day,glare
images/real/huggingface_AY000554_Car_plate_detecting_dataset/14454.jpg;########;type1;1056,595,175,43;1056,595,1231,595,1231,638,1056,638;1;0;huggingface:AY000554/Car_plate_detecting_dataset <https://huggingface.co/datasets/AY000554/Car_plate_detecting_dataset>;CC-BY-4.0 (CC BY 4.0);day,glare
images/real/huggingface_AY000554_Car_plate_detecting_dataset/14469.jpg;########;type1;396,483,194,40;396,483,590,483,590,523,396,523;1;0;huggingface:AY000554/Car_plate_detecting_dataset <https://huggingface.co/datasets/AY000554/Car_plate_detecting_dataset>;CC-BY-4.0 (CC BY 4.0);day,glare
images/real/huggingface_AY000554_Car_plate_detecting_dataset/1448.jpg;########;type1;461,607,140,69;461,607,601,607,601,676,461,676;1;0;huggingface:AY000554/Car_plate_detecting_dataset <https://huggingface.co/datasets/AY000554/Car_plate_detecting_dataset>;CC-BY-4.0 (CC BY 4.0);day,glare
images/real/huggingface_AY000554_Car_plate_detecting_dataset/14487.jpg;########;type1;533,755,79,22;533,755,612,755,612,777,533,777;1;0;huggingface:AY000554/Car_plate_detecting_dataset <https://huggingface.co/datasets/AY000554/Car_plate_detecting_dataset>;CC-BY-4.0 (CC BY 4.0);day
images/real/huggingface_AY000554_Car_plate_detecting_dataset/14493.jpg;########;type1;717,640,305,71;717,640,1022,640,1022,711,717,711;1;0;huggingface:AY000554/Car_plate_detecting_dataset <https://huggingface.co/datasets/AY000554/Car_plate_detecting_dataset>;CC-BY-4.0 (CC BY 4.0);day
images/real/huggingface_AY000554_Car_plate_detecting_dataset/14508.jpg;########;type1;350,589,253,58;350,589,603,589,603,647,350,647;1;0;huggingface:AY000554/Car_plate_detecting_dataset <https://huggingface.co/datasets/AY000554/Car_plate_detecting_dataset>;CC-BY-4.0 (CC BY 4.0);day
images/real/huggingface_AY000554_Car_plate_detecting_dataset/14511.jpg;########;type1;344,590,110,27;344,590,454,590,454,617,344,617;1;0;huggingface:AY000554/Car_plate_detecting_dataset <https://huggingface.co/datasets/AY000554/Car_plate_detecting_dataset>;CC-BY-4.0 (CC BY 4.0);day
images/real/huggingface_AY000554_Car_plate_detecting_dataset/14536.jpg;########;type1;462,673,317,69;462,673,779,673,779,742,462,742;1;0;huggingface:AY000554/Car_plate_detecting_dataset <https://huggingface.co/datasets/AY000554/Car_plate_detecting_dataset>;CC-BY-4.0 (CC BY 4.0);day,glare
images/real/huggingface_AY000554_Car_plate_detecting_dataset/14554.jpg;########;type1;270,475,166,44;270,475,436,475,436,519,270,519;1;0;huggingface:AY000554/Car_plate_detecting_dataset <https://huggingface.co/datasets/AY000554/Car_plate_detecting_dataset>;CC-BY-4.0 (CC BY 4.0);day,glare
images/real/huggingface_AY000554_Car_plate_detecting_dataset/1457.jpg;########;type1;1440,911,285,116;1440,911,1725,911,1725,1027,1440,1027;1;0;huggingface:AY000554/Car_plate_detecting_dataset <https://huggingface.co/datasets/AY000554/Car_plate_detecting_dataset>;CC-BY-4.0 (CC BY 4.0);day
images/real/huggingface_AY000554_Car_plate_detecting_dataset/14578.jpg;########;type1;60,285,90,21;60,285,150,285,150,306,60,306;1;0;huggingface:AY000554/Car_plate_detecting_dataset <https://huggingface.co/datasets/AY000554/Car_plate_detecting_dataset>;CC-BY-4.0 (CC BY 4.0);day,glare
images/real/huggingface_AY000554_Car_plate_detecting_dataset/14578.jpg;########;type1;366,365,190,40;366,365,556,365,556,405,366,405;1;0;huggingface:AY000554/Car_plate_detecting_dataset <https://huggingface.co/datasets/AY000554/Car_plate_detecting_dataset>;CC-BY-4.0 (CC BY 4.0);day,glare
images/real/huggingface_AY000554_Car_plate_detecting_dataset/14582.jpg;########;type1;191,426,156,34;191,426,347,426,347,460,191,460;1;0;huggingface:AY000554/Car_plate_detecting_dataset <https://huggingface.co/datasets/AY000554/Car_plate_detecting_dataset>;CC-BY-4.0 (CC BY 4.0);day,glare
images/real/huggingface_AY000554_Car_plate_detecting_dataset/14587.jpg;########;type1;82,446,98,56;82,446,180,446,180,502,82,502;1;0;huggingface:AY000554/Car_plate_detecting_dataset <https://huggingface.co/datasets/AY000554/Car_plate_detecting_dataset>;CC-BY-4.0 (CC BY 4.0);day,glare
images/real/huggingface_AY000554_Car_plate_detecting_dataset/14596.jpg;########;type1;438,518,326,71;438,518,764,518,764,589,438,589;1;0;huggingface:AY000554/Car_plate_detecting_dataset <https://huggingface.co/datasets/AY000554/Car_plate_detecting_dataset>;CC-BY-4.0 (CC BY 4.0);day
images/real/huggingface_AY000554_Car_plate_detecting_dataset/14600.jpg;########;type1;543,864,345,80;543,864,888,864,888,944,543,944;1;0;huggingface:AY000554/Car_plate_detecting_dataset <https://huggingface.co/datasets/AY000554/Car_plate_detecting_dataset>;CC-BY-4.0 (CC BY 4.0);day,motion_blur
images/real/huggingface_AY000554_Car_plate_detecting_dataset/14604.jpg;########;type1;278,320,204,40;278,320,482,320,482,360,278,360;1;0;huggingface:AY000554/Car_plate_detecting_dataset <https://huggingface.co/datasets/AY000554/Car_plate_detecting_dataset>;CC-BY-4.0 (CC BY 4.0);day
images/real/huggingface_AY000554_Car_plate_detecting_dataset/1462.jpg;########;type1;788,263,141,48;788,263,929,263,929,311,788,311;1;0;huggingface:AY000554/Car_plate_detecting_dataset <https://huggingface.co/datasets/AY000554/Car_plate_detecting_dataset>;CC-BY-4.0 (CC BY 4.0);day
images/real/huggingface_AY000554_Car_plate_detecting_dataset/14623.jpg;########;type1;372,711,344,77;372,711,716,711,716,788,372,788;1;0;huggingface:AY000554/Car_plate_detecting_dataset <https://huggingface.co/datasets/AY000554/Car_plate_detecting_dataset>;CC-BY-4.0 (CC BY 4.0);day,glare
images/real/huggingface_AY000554_Car_plate_detecting_dataset/14635.jpg;########;type1;319,634,85,27;319,634,404,634,404,661,319,661;1;0;huggingface:AY000554/Car_plate_detecting_dataset <https://huggingface.co/datasets/AY000554/Car_plate_detecting_dataset>;CC-BY-4.0 (CC BY 4.0);day
images/real/huggingface_AY000554_Car_plate_detecting_dataset/14649.jpg;########;type1;207,226,188,40;207,226,395,226,395,266,207,266;1;0;huggingface:AY000554/Car_plate_detecting_dataset <https://huggingface.co/datasets/AY000554/Car_plate_detecting_dataset>;CC-BY-4.0 (CC BY 4.0);day
images/real/huggingface_AY000554_Car_plate_detecting_dataset/14689.jpg;########;type1;230,327,256,56;230,327,486,327,486,383,230,383;1;0;huggingface:AY000554/Car_plate_detecting_dataset <https://huggingface.co/datasets/AY000554/Car_plate_detecting_dataset>;CC-BY-4.0 (CC BY 4.0);day,glare
images/real/huggingface_AY000554_Car_plate_detecting_dataset/147.jpg;########;type1;286,522,181,38;286,522,467,522,467,560,286,560;1;0;huggingface:AY000554/Car_plate_detecting_dataset <https://huggingface.co/datasets/AY000554/Car_plate_detecting_dataset>;CC-BY-4.0 (CC BY 4.0);day
images/real/huggingface_AY000554_Car_plate_detecting_dataset/14703.jpg;########;type1;900,647,136,43;900,647,1036,647,1036,690,900,690;1;0;huggingface:AY000554/Car_plate_detecting_dataset <https://huggingface.co/datasets/AY000554/Car_plate_detecting_dataset>;CC-BY-4.0 (CC BY 4.0);day,glare
images/real/huggingface_AY000554_Car_plate_detecting_dataset/1473.jpg;########;type1;232,716,213,58;232,716,445,716,445,774,232,774;1;0;huggingface:AY000554/Car_plate_detecting_dataset <https://huggingface.co/datasets/AY000554/Car_plate_detecting_dataset>;CC-BY-4.0 (CC BY 4.0);day
images/real/huggingface_AY000554_Car_plate_detecting_dataset/14743.jpg;########;type1;1280,521,226,61;1280,521,1506,521,1506,582,1280,582;1;0;huggingface:AY000554/Car_plate_detecting_dataset <https://huggingface.co/datasets/AY000554/Car_plate_detecting_dataset>;CC-BY-4.0 (CC BY 4.0);day,glare
images/real/huggingface_AY000554_Car_plate_detecting_dataset/14749.jpg;########;type1;653,984,177,47;653,984,830,984,830,1031,653,1031;1;0;huggingface:AY000554/Car_plate_detecting_dataset <https://huggingface.co/datasets/AY000554/Car_plate_detecting_dataset>;CC-BY-4.0 (CC BY 4.0);day,glare
images/real/huggingface_AY000554_Car_plate_detecting_dataset/14776.jpg;########;type1;359,881,238,57;359,881,597,881,597,938,359,938;1;0;huggingface:AY000554/Car_plate_detecting_dataset <https://huggingface.co/datasets/AY000554/Car_plate_detecting_dataset>;CC-BY-4.0 (CC BY 4.0);day
images/real/huggingface_AY000554_Car_plate_detecting_dataset/1481.jpg;########;type1;124,368,87,21;124,368,211,368,211,389,124,389;1;0;huggingface:AY000554/Car_plate_detecting_dataset <https://huggingface.co/datasets/AY000554/Car_plate_detecting_dataset>;CC-BY-4.0 (CC BY 4.0);day
images/real/huggingface_AY000554_Car_plate_detecting_dataset/1481.jpg;########;type1;484,378,125,27;484,378,609,378,609,405,484,405;1;0;huggingface:AY000554/Car_plate_detecting_dataset <https://huggingface.co/datasets/AY000554/Car_plate_detecting_dataset>;CC-BY-4.0 (CC BY 4.0);day
images/real/huggingface_AY000554_Car_plate_detecting_dataset/14818.jpg;########;type1;589,626,436,83;589,626,1025,626,1025,709,589,709;1;0;huggingface:AY000554/Car_plate_detecting_dataset <https://huggingface.co/datasets/AY000554/Car_plate_detecting_dataset>;CC-BY-4.0 (CC BY 4.0);day
images/real/huggingface_AY000554_Car_plate_detecting_dataset/14851.jpg;########;type1;371,483,240,50;371,483,611,483,611,533,371,533;1;0;huggingface:AY000554/Car_plate_detecting_dataset <https://huggingface.co/datasets/AY000554/Car_plate_detecting_dataset>;CC-BY-4.0 (CC BY 4.0);day
images/real/huggingface_AY000554_Car_plate_detecting_dataset/14856.jpg;########;type1;842,644,262,60;842,644,1104,644,1104,704,842,704;1;0;huggingface:AY000554/Car_plate_detecting_dataset <https://huggingface.co/datasets/AY000554/Car_plate_detecting_dataset>;CC-BY-4.0 (CC BY 4.0);day
images/real/huggingface_AY000554_Car_plate_detecting_dataset/14880.jpg;########;type1;831,445,178,51;831,445,1009,445,1009,496,831,496;1;0;huggingface:AY000554/Car_plate_detecting_dataset <https://huggingface.co/datasets/AY000554/Car_plate_detecting_dataset>;CC-BY-4.0 (CC BY 4.0);night,motion_blur
images/real/huggingface_AY000554_Car_plate_detecting_dataset/14886.jpg;########;type1;523,457,125,28;523,457,648,457,648,485,523,485;1;0;huggingface:AY000554/Car_plate_detecting_dataset <https://huggingface.co/datasets/AY000554/Car_plate_detecting_dataset>;CC-BY-4.0 (CC BY 4.0);day,glare
images/real/huggingface_AY000554_Car_plate_detecting_dataset/14898.jpg;########;type1;219,724,175,132;219,724,394,724,394,856,219,856;1;0;huggingface:AY000554/Car_plate_detecting_dataset <https://huggingface.co/datasets/AY000554/Car_plate_detecting_dataset>;CC-BY-4.0 (CC BY 4.0);day
images/real/huggingface_AY000554_Car_plate_detecting_dataset/14909.jpg;########;type1;457,622,139,38;457,622,596,622,596,660,457,660;1;0;huggingface:AY000554/Car_plate_detecting_dataset <https://huggingface.co/datasets/AY000554/Car_plate_detecting_dataset>;CC-BY-4.0 (CC BY 4.0);day,glare
images/real/huggingface_AY000554_Car_plate_detecting_dataset/14927.jpg;########;type1;1200,397,136,50;1200,397,1336,397,1336,447,1200,447;1;0;huggingface:AY000554/Car_plate_detecting_dataset <https://huggingface.co/datasets/AY000554/Car_plate_detecting_dataset>;CC-BY-4.0 (CC BY 4.0);day,glare
images/real/huggingface_AY000554_Car_plate_detecting_dataset/14947.jpg;########;type1;582,668,264,55;582,668,846,668,846,723,582,723;1;0;huggingface:AY000554/Car_plate_detecting_dataset <https://huggingface.co/datasets/AY000554/Car_plate_detecting_dataset>;CC-BY-4.0 (CC BY 4.0);day
images/real/huggingface_AY000554_Car_plate_detecting_dataset/14949.jpg;########;type1;587,584,253,56;587,584,840,584,840,640,587,640;1;0;huggingface:AY000554/Car_plate_detecting_dataset <https://huggingface.co/datasets/AY000554/Car_plate_detecting_dataset>;CC-BY-4.0 (CC BY 4.0);day
images/real/huggingface_AY000554_Car_plate_detecting_dataset/14952.jpg;########;type1;1061,824,231,90;1061,824,1292,824,1292,914,1061,914;1;0;huggingface:AY000554/Car_plate_detecting_dataset <https://huggingface.co/datasets/AY000554/Car_plate_detecting_dataset>;CC-BY-4.0 (CC BY 4.0);day,glare
images/real/huggingface_AY000554_Car_plate_detecting_dataset/14983.jpg;########;type1;337,548,63,22;337,548,400,548,400,570,337,570;1;0;huggingface:AY000554/Car_plate_detecting_dataset <https://huggingface.co/datasets/AY000554/Car_plate_detecting_dataset>;CC-BY-4.0 (CC BY 4.0);day,glare
images/real/huggingface_AY000554_Car_plate_detecting_dataset/14988.jpg;########;type1;255,346,82,26;255,346,337,346,337,372,255,372;1;0;huggingface:AY000554/Car_plate_detecting_dataset <https://huggingface.co/datasets/AY000554/Car_plate_detecting_dataset>;CC-BY-4.0 (CC BY 4.0);day
images/real/huggingface_AY000554_Car_plate_detecting_dataset/1500.jpg;########;type1;959,555,359,84;959,555,1318,555,1318,639,959,639;1;0;huggingface:AY000554/Car_plate_detecting_dataset <https://huggingface.co/datasets/AY000554/Car_plate_detecting_dataset>;CC-BY-4.0 (CC BY 4.0);day,glare
images/real/huggingface_AY000554_Car_plate_detecting_dataset/1500.jpg;########;type1;177,543,153,42;177,543,330,543,330,585,177,585;1;0;huggingface:AY000554/Car_plate_detecting_dataset <https://huggingface.co/datasets/AY000554/Car_plate_detecting_dataset>;CC-BY-4.0 (CC BY 4.0);day,glare
images/real/huggingface_AY000554_Car_plate_detecting_dataset/15001.jpg;########;type1;159,556,137,34;159,556,296,556,296,590,159,590;1;0;huggingface:AY000554/Car_plate_detecting_dataset <https://huggingface.co/datasets/AY000554/Car_plate_detecting_dataset>;CC-BY-4.0 (CC BY 4.0);day
images/real/huggingface_AY000554_Car_plate_detecting_dataset/15008.jpg;########;type1;239,477,223,77;239,477,462,477,462,554,239,554;1;0;huggingface:AY000554/Car_plate_detecting_dataset <https://huggingface.co/datasets/AY000554/Car_plate_detecting_dataset>;CC-BY-4.0 (CC BY 4.0);day,motion_blur
images/real/huggingface_AY000554_Car_plate_detecting_dataset/15015.jpg;########;type1;544,142,51,14;544,142,595,142,595,156,544,156;1;0;huggingface:AY000554/Car_plate_detecting_dataset <https://huggingface.co/datasets/AY000554/Car_plate_detecting_dataset>;CC-BY-4.0 (CC BY 4.0);day
images/real/huggingface_AY000554_Car_plate_detecting_dataset/15015.jpg;########;type1;355,474,139,55;355,474,494,474,494,529,355,529;1;0;huggingface:AY000554/Car_plate_detecting_dataset <https://huggingface.co/datasets/AY000554/Car_plate_detecting_dataset>;CC-BY-4.0 (CC BY 4.0);day
images/real/huggingface_AY000554_Car_plate_detecting_dataset/15020.jpg;########;type1;246,551,249,62;246,551,495,551,495,613,246,613;1;0;huggingface:AY000554/Car_plate_detecting_dataset <https://huggingface.co/datasets/AY000554/Car_plate_detecting_dataset>;CC-BY-4.0 (CC BY 4.0);day
images/real/huggingface_AY000554_Car_plate_detecting_dataset/15034.jpg;########;type1;696,1651,304,62;696,1651,1000,1651,1000,1713,696,1713;1;0;huggingface:AY000554/Car_plate_detecting_dataset <https://huggingface.co/datasets/AY000554/Car_plate_detecting_dataset>;CC-BY-4.0 (CC BY 4.0);day,glare,motion_blur
images/real/huggingface_AY000554_Car_plate_detecting_dataset/15035.jpg;########;type1;398,448,183,36;398,448,581,448,581,484,398,484;1;0;huggingface:AY000554/Car_plate_detecting_dataset <https://huggingface.co/datasets/AY000554/Car_plate_detecting_dataset>;CC-BY-4.0 (CC BY 4.0);day
images/real/huggingface_AY000554_Car_plate_detecting_dataset/15072.jpg;########;type1;356,458,148,43;356,458,504,458,504,501,356,501;1;0;huggingface:AY000554/Car_plate_detecting_dataset <https://huggingface.co/datasets/AY000554/Car_plate_detecting_dataset>;CC-BY-4.0 (CC BY 4.0);day,glare
images/real/huggingface_AY000554_Car_plate_detecting_dataset/15090.jpg;########;type1;1039,596,214,98;1039,596,1253,596,1253,694,1039,694;1;0;huggingface:AY000554/Car_plate_detecting_dataset <https://huggingface.co/datasets/AY000554/Car_plate_detecting_dataset>;CC-BY-4.0 (CC BY 4.0);day,glare
images/real/huggingface_AY000554_Car_plate_detecting_dataset/15091.jpg;########;type1;367,659,172,36;367,659,539,659,539,695,367,695;1;0;huggingface:AY000554/Car_plate_detecting_dataset <https://huggingface.co/datasets/AY000554/Car_plate_detecting_dataset>;CC-BY-4.0 (CC BY 4.0);day
images/real/huggingface_AY000554_Car_plate_detecting_dataset/15122.jpg;########;type1;1162,597,76,18;1162,597,1238,597,1238,615,1162,615;1;0;huggingface:AY000554/Car_plate_detecting_dataset <https://huggingface.co/datasets/AY000554/Car_plate_detecting_dataset>;CC-BY-4.0 (CC BY 4.0);day,motion_blur
images/real/huggingface_AY000554_Car_plate_detecting_dataset/15122.jpg;########;type1;474,642,155,34;474,642,629,642,629,676,474,676;1;0;huggingface:AY000554/Car_plate_detecting_dataset <https://huggingface.co/datasets/AY000554/Car_plate_detecting_dataset>;CC-BY-4.0 (CC BY 4.0);day,motion_blur
images/real/huggingface_AY000554_Car_plate_detecting_dataset/15125.jpg;########;type1;201,854,208,194;201,854,409,854,409,1048,201,1048;1;0;huggingface:AY000554/Car_plate_detecting_dataset <https://huggingface.co/datasets/AY000554/Car_plate_detecting_dataset>;CC-BY-4.0 (CC BY 4.0);day
images/real/huggingface_AY000554_Car_plate_detecting_dataset/15143.jpg;########;type1;254,932,165,34;254,932,419,932,419,966,254,966;1;0;huggingface:AY000554/Car_plate_detecting_dataset <https://huggingface.co/datasets/AY000554/Car_plate_detecting_dataset>;CC-BY-4.0 (CC BY 4.0);day,glare
images/real/huggingface_AY000554_Car_plate_detecting_dataset/15174.jpg;########;type1;378,436,151,40;378,436,529,436,529,476,378,476;1;0;huggingface:AY000554/Car_plate_detecting_dataset <https://huggingface.co/datasets/AY000554/Car_plate_detecting_dataset>;CC-BY-4.0 (CC BY 4.0);day
images/real/huggingface_AY000554_Car_plate_detecting_dataset/15177.jpg;########;type1;520,521,362,77;520,521,882,521,882,598,520,598;1;0;huggingface:AY000554/Car_plate_detecting_dataset <https://huggingface.co/datasets/AY000554/Car_plate_detecting_dataset>;CC-BY-4.0 (CC BY 4.0);day,glare
images/real/huggingface_AY000554_Car_plate_detecting_dataset/15181.jpg;########;type1;322,456,169,39;322,456,491,456,491,495,322,495;1;0;huggingface:AY000554/Car_plate_detecting_dataset <https://huggingface.co/datasets/AY000554/Car_plate_detecting_dataset>;CC-BY-4.0 (CC BY 4.0);day
images/real/huggingface_AY000554_Car_plate_detecting_dataset/15185.jpg;########;type1;1284,1056,344,123;1284,1056,1628,1056,1628,1179,1284,1179;1;0;huggingface:AY000554/Car_plate_detecting_dataset <https://huggingface.co/datasets/AY000554/Car_plate_detecting_dataset>;CC-BY-4.0 (CC BY 4.0);day,glare
images/real/huggingface_AY000554_Car_plate_detecting_dataset/15192.jpg;########;type1;427,529,266,60;427,529,693,529,693,589,427,589;1;0;huggingface:AY000554/Car_plate_detecting_dataset <https://huggingface.co/datasets/AY000554/Car_plate_detecting_dataset>;CC-BY-4.0 (CC BY 4.0);day,glare
images/real/huggingface_AY000554_Car_plate_detecting_dataset/15193.jpg;########;type1;368,890,276,67;368,890,644,890,644,957,368,957;1;0;huggingface:AY000554/Car_plate_detecting_dataset <https://huggingface.co/datasets/AY000554/Car_plate_detecting_dataset>;CC-BY-4.0 (CC BY 4.0);day,glare
images/real/huggingface_AY000554_Car_plate_detecting_dataset/15200.jpg;########;type1;1240,574,110,30;1240,574,1350,574,1350,604,1240,604;1;0;huggingface:AY000554/Car_plate_detecting_dataset <https://huggingface.co/datasets/AY000554/Car_plate_detecting_dataset>;CC-BY-4.0 (CC BY 4.0);day
images/real/huggingface_AY000554_Car_plate_detecting_dataset/15234.jpg;########;type1;518,471,212,51;518,471,730,471,730,522,518,522;1;0;huggingface:AY000554/Car_plate_detecting_dataset <https://huggingface.co/datasets/AY000554/Car_plate_detecting_dataset>;CC-BY-4.0 (CC BY 4.0);day,glare
images/real/huggingface_AY000554_Car_plate_detecting_dataset/1524.jpg;########;type1;493,611,287,60;493,611,780,611,780,671,493,671;1;0;huggingface:AY000554/Car_plate_detecting_dataset <https://huggingface.co/datasets/AY000554/Car_plate_detecting_dataset>;CC-BY-4.0 (CC BY 4.0);day
images/real/huggingface_AY000554_Car_plate_detecting_dataset/15246.jpg;########;type1;113,674,168,120;113,674,281,674,281,794,113,794;1;0;huggingface:AY000554/Car_plate_detecting_dataset <https://huggingface.co/datasets/AY000554/Car_plate_detecting_dataset>;CC-BY-4.0 (CC BY 4.0);day
images/real/huggingface_AY000554_Car_plate_detecting_dataset/15267.jpg;########;type1;588,350,174,47;588,350,762,350,762,397,588,397;1;0;huggingface:AY000554/Car_plate_detecting_dataset <https://huggingface.co/datasets/AY000554/Car_plate_detecting_dataset>;CC-BY-4.0 (CC BY 4.0);day,motion_blur
images/real/huggingface_AY000554_Car_plate_detecting_dataset/15288.jpg;########;type1;775,541,237,135;775,541,1012,541,1012,676,775,676;1;0;huggingface:AY000554/Car_plate_detecting_dataset <https://huggingface.co/datasets/AY000554/Car_plate_detecting_dataset>;CC-BY-4.0 (CC BY 4.0);day,glare,motion_blur
images/real/huggingface_AY000554_Car_plate_detecting_dataset/15316.jpg;########;type1;1100,821,293,171;1100,821,1393,821,1393,992,1100,992;1;0;huggingface:AY000554/Car_plate_detecting_dataset <https://huggingface.co/datasets/AY000554/Car_plate_detecting_dataset>;CC-BY-4.0 (CC BY 4.0);day,glare
images/real/huggingface_AY000554_Car_plate_detecting_dataset/15355.jpg;########;type1b;818,1116,310,85;818,1116,1128,1116,1128,1201,818,1201;1;0;huggingface:AY000554/Car_plate_detecting_dataset <https://huggingface.co/datasets/AY000554/Car_plate_detecting_dataset>;CC-BY-4.0 (CC BY 4.0);day,glare
images/real/huggingface_AY000554_Car_plate_detecting_dataset/15359.jpg;########;type1;115,429,145,30;115,429,260,429,260,459,115,459;1;0;huggingface:AY000554/Car_plate_detecting_dataset <https://huggingface.co/datasets/AY000554/Car_plate_detecting_dataset>;CC-BY-4.0 (CC BY 4.0);day
images/real/huggingface_AY000554_Car_plate_detecting_dataset/15395.jpg;########;type1;1155,627,200,53;1155,627,1355,627,1355,680,1155,680;1;0;huggingface:AY000554/Car_plate_detecting_dataset <https://huggingface.co/datasets/AY000554/Car_plate_detecting_dataset>;CC-BY-4.0 (CC BY 4.0);day
images/real/huggingface_AY000554_Car_plate_detecting_dataset/15422.jpg;########;type1;527,486,255,55;527,486,782,486,782,541,527,541;1;0;huggingface:AY000554/Car_plate_detecting_dataset <https://huggingface.co/datasets/AY000554/Car_plate_detecting_dataset>;CC-BY-4.0 (CC BY 4.0);day
images/real/huggingface_AY000554_Car_plate_detecting_dataset/15424.jpg;########;type1;408,746,263,66;408,746,671,746,671,812,408,812;1;0;huggingface:AY000554/Car_plate_detecting_dataset <https://huggingface.co/datasets/AY000554/Car_plate_detecting_dataset>;CC-BY-4.0 (CC BY 4.0);day,motion_blur
images/real/huggingface_AY000554_Car_plate_detecting_dataset/15433.jpg;########;type1;499,948,142,38;499,948,641,948,641,986,499,986;1;0;huggingface:AY000554/Car_plate_detecting_dataset <https://huggingface.co/datasets/AY000554/Car_plate_detecting_dataset>;CC-BY-4.0 (CC BY 4.0);day
images/real/huggingface_AY000554_Car_plate_detecting_dataset/15451.jpg;########;type1;423,573,187,52;423,573,610,573,610,625,423,625;1;0;huggingface:AY000554/Car_plate_detecting_dataset <https://huggingface.co/datasets/AY000554/Car_plate_detecting_dataset>;CC-BY-4.0 (CC BY 4.0);day
images/real/huggingface_AY000554_Car_plate_detecting_dataset/15453.jpg;########;type1;252,304,127,28;252,304,379,304,379,332,252,332;1;0;huggingface:AY000554/Car_plate_detecting_dataset <https://huggingface.co/datasets/AY000554/Car_plate_detecting_dataset>;CC-BY-4.0 (CC BY 4.0);day
images/real/huggingface_AY000554_Car_plate_detecting_dataset/1548.jpg;########;type1;457,1094,154,31;457,1094,611,1094,611,1125,457,1125;1;0;huggingface:AY000554/Car_plate_detecting_dataset <https://huggingface.co/datasets/AY000554/Car_plate_detecting_dataset>;CC-BY-4.0 (CC BY 4.0);day
images/real/huggingface_AY000554_Car_plate_detecting_dataset/15483.jpg;########;type1;848,708,267,115;848,708,1115,708,1115,823,848,823;1;0;huggingface:AY000554/Car_plate_detecting_dataset <https://huggingface.co/datasets/AY000554/Car_plate_detecting_dataset>;CC-BY-4.0 (CC BY 4.0);day,glare
images/real/huggingface_AY000554_Car_plate_detecting_dataset/15489.jpg;########;type1;1138,488,176,43;1138,488,1314,488,1314,531,1138,531;1;0;huggingface:AY000554/Car_plate_detecting_dataset <https://huggingface.co/datasets/AY000554/Car_plate_detecting_dataset>;CC-BY-4.0 (CC BY 4.0);day
images/real/huggingface_AY000554_Car_plate_detecting_dataset/15503.jpg;########;type1;298,664,228,87;298,664,526,664,526,751,298,751;1;0;huggingface:AY000554/Car_plate_detecting_dataset <https://huggingface.co/datasets/AY000554/Car_plate_detecting_dataset>;CC-BY-4.0 (CC BY 4.0);day,glare
images/real/huggingface_AY000554_Car_plate_detecting_dataset/15546.jpg;########;type1;909,701,248,56;909,701,1157,701,1157,757,909,757;1;0;huggingface:AY000554/Car_plate_detecting_dataset <https://huggingface.co/datasets/AY000554/Car_plate_detecting_dataset>;CC-BY-4.0 (CC BY 4.0);day,glare
images/real/huggingface_AY000554_Car_plate_detecting_dataset/15552.jpg;########;type1;474,635,299,65;474,635,773,635,773,700,474,700;1;0;huggingface:AY000554/Car_plate_detecting_dataset <https://huggingface.co/datasets/AY000554/Car_plate_detecting_dataset>;CC-BY-4.0 (CC BY 4.0);day
images/real/huggingface_AY000554_Car_plate_detecting_dataset/15556.jpg;########;type1;453,543,346,83;453,543,799,543,799,626,453,626;1;0;huggingface:AY000554/Car_plate_detecting_dataset <https://huggingface.co/datasets/AY000554/Car_plate_detecting_dataset>;CC-BY-4.0 (CC BY 4.0);day,glare
images/real/huggingface_AY000554_Car_plate_detecting_dataset/15586.jpg;########;type1;279,497,186,46;279,497,465,497,465,543,279,543;1;0;huggingface:AY000554/Car_plate_detecting_dataset <https://huggingface.co/datasets/AY000554/Car_plate_detecting_dataset>;CC-BY-4.0 (CC BY 4.0);night
images/real/huggingface_AY000554_Car_plate_detecting_dataset/1561.jpg;########;type1;204,536,236,141;204,536,440,536,440,677,204,677;1;0;huggingface:AY000554/Car_plate_detecting_dataset <https://huggingface.co/datasets/AY000554/Car_plate_detecting_dataset>;CC-BY-4.0 (CC BY 4.0);day
images/real/huggingface_AY000554_Car_plate_detecting_dataset/15612.jpg;########;type1;169,510,148,41;169,510,317,510,317,551,169,551;1;0;huggingface:AY000554/Car_plate_detecting_dataset <https://huggingface.co/datasets/AY000554/Car_plate_detecting_dataset>;CC-BY-4.0 (CC BY 4.0);day,glare
images/real/huggingface_AY000554_Car_plate_detecting_dataset/15619.jpg;########;type1;226,406,86,24;226,406,312,406,312,430,226,430;1;0;huggingface:AY000554/Car_plate_detecting_dataset <https://huggingface.co/datasets/AY000554/Car_plate_detecting_dataset>;CC-BY-4.0 (CC BY 4.0);day
images/real/huggingface_AY000554_Car_plate_detecting_dataset/1562.jpg;########;type1;298,668,238,73;298,668,536,668,536,741,298,741;1;0;huggingface:AY000554/Car_plate_detecting_dataset <https://huggingface.co/datasets/AY000554/Car_plate_detecting_dataset>;CC-BY-4.0 (CC BY 4.0);day,glare
images/real/huggingface_AY000554_Car_plate_detecting_dataset/15621.jpg;########;type1;1031,589,275,72;1031,589,1306,589,1306,661,1031,661;1;0;huggingface:AY000554/Car_plate_detecting_dataset <https://huggingface.co/datasets/AY000554/Car_plate_detecting_dataset>;CC-BY-4.0 (CC BY 4.0);day
images/real/huggingface_AY000554_Car_plate_detecting_dataset/15646.jpg;########;type1;174,512,137,47;174,512,311,512,311,559,174,559;1;0;huggingface:AY000554/Car_plate_detecting_dataset <https://huggingface.co/datasets/AY000554/Car_plate_detecting_dataset>;CC-BY-4.0 (CC BY 4.0);day,glare
images/real/huggingface_AY000554_Car_plate_detecting_dataset/15663.jpg;########;type1;850,442,137,51;850,442,987,442,987,493,850,493;1;0;huggingface:AY000554/Car_plate_detecting_dataset <https://huggingface.co/datasets/AY000554/Car_plate_detecting_dataset>;CC-BY-4.0 (CC BY 4.0);day
images/real/huggingface_AY000554_Car_plate_detecting_dataset/15670.jpg;########;type1;1270,790,345,118;1270,790,1615,790,1615,908,1270,908;1;0;huggingface:AY000554/Car_plate_detecting_dataset <https://huggingface.co/datasets/AY000554/Car_plate_detecting_dataset>;CC-BY-4.0 (CC BY 4.0);day
images/real/huggingface_AY000554_Car_plate_detecting_dataset/15683.jpg;########;type1;568,717,505,103;568,717,1073,717,1073,820,568,820;1;0;huggingface:AY000554/Car_plate_detecting_dataset <https://huggingface.co/datasets/AY000554/Car_plate_detecting_dataset>;CC-BY-4.0 (CC BY 4.0);day
images/real/huggingface_AY000554_Car_plate_detecting_dataset/15689.jpg;########;type1;672,818,139,35;672,818,811,818,811,853,672,853;1;0;huggingface:AY000554/Car_plate_detecting_dataset <https://huggingface.co/datasets/AY000554/Car_plate_detecting_dataset>;CC-BY-4.0 (CC BY 4.0);day
images/real/huggingface_AY000554_Car_plate_detecting_dataset/15694.jpg;########;type1;404,593,236,52;404,593,640,593,640,645,404,645;1;0;huggingface:AY000554/Car_plate_detecting_dataset <https://huggingface.co/datasets/AY000554/Car_plate_detecting_dataset>;CC-BY-4.0 (CC BY 4.0);day,glare
images/real/huggingface_AY000554_Car_plate_detecting_dataset/15701.jpg;########;type1;273,369,150,36;273,369,423,369,423,405,273,405;1;0;huggingface:AY000554/Car_plate_detecting_dataset <https://huggingface.co/datasets/AY000554/Car_plate_detecting_dataset>;CC-BY-4.0 (CC BY 4.0);day
images/real/huggingface_AY000554_Car_plate_detecting_dataset/15714.jpg;########;type1;352,670,73,17;352,670,425,670,425,687,352,687;1;0;huggingface:AY000554/Car_plate_detecting_dataset <https://huggingface.co/datasets/AY000554/Car_plate_detecting_dataset>;CC-BY-4.0 (CC BY 4.0);day
images/real/huggingface_AY000554_Car_plate_detecting_dataset/15715.jpg;########;type1;257,1075,348,128;257,1075,605,1075,605,1203,257,1203;1;0;huggingface:AY000554/Car_plate_detecting_dataset <https://huggingface.co/datasets/AY000554/Car_plate_detecting_dataset>;CC-BY-4.0 (CC BY 4.0);day
images/real/huggingface_AY000554_Car_plate_detecting_dataset/15722.jpg;########;type1;400,1401,86,17;400,1401,486,1401,486,1418,400,1418;1;0;huggingface:AY000554/Car_plate_detecting_dataset <https://huggingface.co/datasets/AY000554/Car_plate_detecting_dataset>;CC-BY-4.0 (CC BY 4.0);day
images/real/huggingface_AY000554_Car_plate_detecting_dataset/15722.jpg;########;type1;557,1556,290,64;557,1556,847,1556,847,1620,557,1620;1;0;huggingface:AY000554/Car_plate_detecting_dataset <https://huggingface.co/datasets/AY000554/Car_plate_detecting_dataset>;CC-BY-4.0 (CC BY 4.0);day
images/real/huggingface_AY000554_Car_plate_detecting_dataset/15735.jpg;########;type1;211,642,272,128;211,642,483,642,483,770,211,770;1;0;huggingface:AY000554/Car_plate_detecting_dataset <https://huggingface.co/datasets/AY000554/Car_plate_detecting_dataset>;CC-BY-4.0 (CC BY 4.0);day,glare
images/real/huggingface_AY000554_Car_plate_detecting_dataset/15736.jpg;########;type1;437,811,215,46;437,811,652,811,652,857,437,857;1;0;huggingface:AY000554/Car_plate_detecting_dataset <https://huggingface.co/datasets/AY000554/Car_plate_detecting_dataset>;CC-BY-4.0 (CC BY 4.0);day,glare
images/real/huggingface_AY000554_Car_plate_detecting_dataset/15767.jpg;########;type1;769,521,176,43;769,521,945,521,945,564,769,564;1;0;huggingface:AY000554/Car_plate_detecting_dataset <https://huggingface.co/datasets/AY000554/Car_plate_detecting_dataset>;CC-BY-4.0 (CC BY 4.0);day
images/real/huggingface_AY000554_Car_plate_detecting_dataset/15768.jpg;########;type1;729,570,164,39;729,570,893,570,893,609,729,609;1;0;huggingface:AY000554/Car_plate_detecting_dataset <https://huggingface.co/datasets/AY000554/Car_plate_detecting_dataset>;CC-BY-4.0 (CC BY 4.0);day,glare
images/real/huggingface_AY000554_Car_plate_detecting_dataset/15780.jpg;########;type1;816,694,388,78;816,694,1204,694,1204,772,816,772;1;0;huggingface:AY000554/Car_plate_detecting_dataset <https://huggingface.co/datasets/AY000554/Car_plate_detecting_dataset>;CC-BY-4.0 (CC BY 4.0);day
images/real/huggingface_AY000554_Car_plate_detecting_dataset/15782.jpg;########;type1;890,869,411,82;890,869,1301,869,1301,951,890,951;1;0;huggingface:AY000554/Car_plate_detecting_dataset <https://huggingface.co/datasets/AY000554/Car_plate_detecting_dataset>;CC-BY-4.0 (CC BY 4.0);day,glare
images/real/huggingface_AY000554_Car_plate_detecting_dataset/15820.jpg;########;type1;199,390,235,154;199,390,434,390,434,544,199,544;1;0;huggingface:AY000554/Car_plate_detecting_dataset <https://huggingface.co/datasets/AY000554/Car_plate_detecting_dataset>;CC-BY-4.0 (CC BY 4.0);day,glare
images/real/huggingface_AY000554_Car_plate_detecting_dataset/15838.jpg;########;type1;951,515,134,52;951,515,1085,515,1085,567,951,567;1;0;huggingface:AY000554/Car_plate_detecting_dataset <https://huggingface.co/datasets/AY000554/Car_plate_detecting_dataset>;CC-BY-4.0 (CC BY 4.0);day
images/real/huggingface_AY000554_Car_plate_detecting_dataset/15839.jpg;########;type1;425,599,189,49;425,599,614,599,614,648,425,648;1;0;huggingface:AY000554/Car_plate_detecting_dataset <https://huggingface.co/datasets/AY000554/Car_plate_detecting_dataset>;CC-BY-4.0 (CC BY 4.0);day,glare
images/real/huggingface_AY000554_Car_plate_detecting_dataset/1584.jpg;########;type1;585,501,235,59;585,501,820,501,820,560,585,560;1;0;huggingface:AY000554/Car_plate_detecting_dataset <https://huggingface.co/datasets/AY000554/Car_plate_detecting_dataset>;CC-BY-4.0 (CC BY 4.0);day
images/real/huggingface_AY000554_Car_plate_detecting_dataset/15872.jpg;########;type1;392,355,166,31;392,355,558,355,558,386,392,386;1;0;huggingface:AY000554/Car_plate_detecting_dataset <https://huggingface.co/datasets/AY000554/Car_plate_detecting_dataset>;CC-BY-4.0 (CC BY 4.0);day
images/real/huggingface_AY000554_Car_plate_detecting_dataset/15907.jpg;########;type1;194,900,202,109;194,900,396,900,396,1009,194,1009;1;0;huggingface:AY000554/Car_plate_detecting_dataset <https://huggingface.co/datasets/AY000554/Car_plate_detecting_dataset>;CC-BY-4.0 (CC BY 4.0);day,motion_blur
images/real/huggingface_AY000554_Car_plate_detecting_dataset/15919.jpg;########;type1;66,529,109,52;66,529,175,529,175,581,66,581;1;0;huggingface:AY000554/Car_plate_detecting_dataset <https://huggingface.co/datasets/AY000554/Car_plate_detecting_dataset>;CC-BY-4.0 (CC BY 4.0);day,glare
images/real/huggingface_AY000554_Car_plate_detecting_dataset/15948.jpg;########;type1;761,406,280,70;761,406,1041,406,1041,476,761,476;1;0;huggingface:AY000554/Car_plate_detecting_dataset <https://huggingface.co/datasets/AY000554/Car_plate_detecting_dataset>;CC-BY-4.0 (CC BY 4.0);day
images/real/huggingface_AY000554_Car_plate_detecting_dataset/15968.jpg;########;type1;497,639,198,45;497,639,695,639,695,684,497,684;1;0;huggingface:AY000554/Car_plate_detecting_dataset <https://huggingface.co/datasets/AY000554/Car_plate_detecting_dataset>;CC-BY-4.0 (CC BY 4.0);day,glare
images/real/huggingface_AY000554_Car_plate_detecting_dataset/15997.jpg;########;type1;609,1058,449,210;609,1058,1058,1058,1058,1268,609,1268;1;0;huggingface:AY000554/Car_plate_detecting_dataset <https://huggingface.co/datasets/AY000554/Car_plate_detecting_dataset>;CC-BY-4.0 (CC BY 4.0);day,glare
images/real/huggingface_AY000554_Car_plate_detecting_dataset/160.jpg;########;type1;358,752,140,38;358,752,498,752,498,790,358,790;1;0;huggingface:AY000554/Car_plate_detecting_dataset <https://huggingface.co/datasets/AY000554/Car_plate_detecting_dataset>;CC-BY-4.0 (CC BY 4.0);day
images/real/huggingface_AY000554_Car_plate_detecting_dataset/160.jpg;########;type1;1203,767,104,27;1203,767,1307,767,1307,794,1203,794;1;0;huggingface:AY000554/Car_plate_detecting_dataset <https://huggingface.co/datasets/AY000554/Car_plate_detecting_dataset>;CC-BY-4.0 (CC BY 4.0);day
images/real/huggingface_AY000554_Car_plate_detecting_dataset/16002.jpg;########;type1;933,507,229,53;933,507,1162,507,1162,560,933,560;1;0;huggingface:AY000554/Car_plate_detecting_dataset <https://huggingface.co/datasets/AY000554/Car_plate_detecting_dataset>;CC-BY-4.0 (CC BY 4.0);day
images/real/huggingface_AY000554_Car_plate_detecting_dataset/16010.jpg;########;type1;347,534,167,42;347,534,514,534,514,576,347,576;1;0;huggingface:AY000554/Car_plate_detecting_dataset <https://huggingface.co/datasets/AY000554/Car_plate_detecting_dataset>;CC-BY-4.0 (CC BY 4.0);day
images/real/huggingface_AY000554_Car_plate_detecting_dataset/16012.jpg;########;type1;164,184,147,33;164,184,311,184,311,217,164,217;1;0;huggingface:AY000554/Car_plate_detecting_dataset <https://huggingface.co/datasets/AY000554/Car_plate_detecting_dataset>;CC-BY-4.0 (CC BY 4.0);day,glare
images/real/huggingface_AY000554_Car_plate_detecting_dataset/16021.jpg;########;type1;194,261,120,29;194,261,314,261,314,290,194,290;1;0;huggingface:AY000554/Car_plate_detecting_dataset <https://huggingface.co/datasets/AY000554/Car_plate_detecting_dataset>;CC-BY-4.0 (CC BY 4.0);day,glare
images/real/huggingface_AY000554_Car_plate_detecting_dataset/16024.jpg;########;type1;1233,599,195,44;1233,599,1428,599,1428,643,1233,643;1;0;huggingface:AY000554/Car_plate_detecting_dataset <https://huggingface.co/datasets/AY000554/Car_plate_detecting_dataset>;CC-BY-4.0 (CC BY 4.0);day,glare
images/real/huggingface_AY000554_Car_plate_detecting_dataset/16024.jpg;########;type1;589,722,265,54;589,722,854,722,854,776,589,776;1;0;huggingface:AY000554/Car_plate_detecting_dataset <https://huggingface.co/datasets/AY000554/Car_plate_detecting_dataset>;CC-BY-4.0 (CC BY 4.0);day,glare
images/real/huggingface_AY000554_Car_plate_detecting_dataset/16044.jpg;########;type1;127,436,142,88;127,436,269,436,269,524,127,524;1;0;huggingface:AY000554/Car_plate_detecting_dataset <https://huggingface.co/datasets/AY000554/Car_plate_detecting_dataset>;CC-BY-4.0 (CC BY 4.0);day,glare
images/real/huggingface_AY000554_Car_plate_detecting_dataset/16076.jpg;########;type1;145,589,135,55;145,589,280,589,280,644,145,644;1;0;huggingface:AY000554/Car_plate_detecting_dataset <https://huggingface.co/datasets/AY000554/Car_plate_detecting_dataset>;CC-BY-4.0 (CC BY 4.0);day
images/real/huggingface_AY000554_Car_plate_detecting_dataset/16078.jpg;########;type1;197,294,146,34;197,294,343,294,343,328,197,328;1;0;huggingface:AY000554/Car_plate_detecting_dataset <https://huggingface.co/datasets/AY000554/Car_plate_detecting_dataset>;CC-BY-4.0 (CC BY 4.0);day
images/real/huggingface_AY000554_Car_plate_detecting_dataset/1610.jpg;########;type1;668,564,230,57;668,564,898,564,898,621,668,621;1;0;huggingface:AY000554/Car_plate_detecting_dataset <https://huggingface.co/datasets/AY000554/Car_plate_detecting_dataset>;CC-BY-4.0 (CC BY 4.0);day
images/real/huggingface_AY000554_Car_plate_detecting_dataset/16132.jpg;########;type1;421,541,291,65;421,541,712,541,712,606,421,606;1;0;huggingface:AY000554/Car_plate_detecting_dataset <https://huggingface.co/datasets/AY000554/Car_plate_detecting_dataset>;CC-BY-4.0 (CC BY 4.0);day
images/real/huggingface_AY000554_Car_plate_detecting_dataset/16148.jpg;########;type1;216,420,50,11;216,420,266,420,266,431,216,431;1;0;huggingface:AY000554/Car_plate_detecting_dataset <https://huggingface.co/datasets/AY000554/Car_plate_detecting_dataset>;CC-BY-4.0 (CC BY 4.0);day
images/real/huggingface_AY000554_Car_plate_detecting_dataset/16148.jpg;########;type1;426,385,87,19;426,385,513,385,513,404,426,404;1;0;huggingface:AY000554/Car_plate_detecting_dataset <https://huggingface.co/datasets/AY000554/Car_plate_detecting_dataset>;CC-BY-4.0 (CC BY 4.0);day
images/real/huggingface_AY000554_Car_plate_detecting_dataset/16171.jpg;########;type1;428,555,241,65;428,555,669,555,669,620,428,620;1;0;huggingface:AY000554/Car_plate_detecting_dataset <https://huggingface.co/datasets/AY000554/Car_plate_detecting_dataset>;CC-BY-4.0 (CC BY 4.0);day
images/real/huggingface_AY000554_Car_plate_detecting_dataset/16192.jpg;########;type1;285,412,260,65;285,412,545,412,545,477,285,477;1;0;huggingface:AY000554/Car_plate_detecting_dataset <https://huggingface.co/datasets/AY000554/Car_plate_detecting_dataset>;CC-BY-4.0 (CC BY 4.0);day,glare
images/real/huggingface_AY000554_Car_plate_detecting_dataset/16206.jpg;########;type1;131,140,86,21;131,140,217,140,217,161,131,161;1;0;huggingface:AY000554/Car_plate_detecting_dataset <https://huggingface.co/datasets/AY000554/Car_plate_detecting_dataset>;CC-BY-4.0 (CC BY 4.0);day
images/real/huggingface_AY000554_Car_plate_detecting_dataset/16219.jpg;########;type1;183,303,157,49;183,303,340,303,340,352,183,352;1;0;huggingface:AY000554/Car_plate_detecting_dataset <https://huggingface.co/datasets/AY000554/Car_plate_detecting_dataset>;CC-BY-4.0 (CC BY 4.0);day,glare
images/real/huggingface_AY000554_Car_plate_detecting_dataset/16232.jpg;########;type1;513,1111,350,86;513,1111,863,1111,863,1197,513,1197;1;0;huggingface:AY000554/Car_plate_detecting_dataset <https://huggingface.co/datasets/AY000554/Car_plate_detecting_dataset>;CC-BY-4.0 (CC BY 4.0);day,glare
images/real/huggingface_AY000554_Car_plate_detecting_dataset/16235.jpg;########;type1;893,510,223,79;893,510,1116,510,1116,589,893,589;1;0;huggingface:AY000554/Car_plate_detecting_dataset <https://huggingface.co/datasets/AY000554/Car_plate_detecting_dataset>;CC-BY-4.0 (CC BY 4.0);day
images/real/huggingface_AY000554_Car_plate_detecting_dataset/16240.jpg;########;type1;330,462,205,44;330,462,535,462,535,506,330,506;1;0;huggingface:AY000554/Car_plate_detecting_dataset <https://huggingface.co/datasets/AY000554/Car_plate_detecting_dataset>;CC-BY-4.0 (CC BY 4.0);day,glare
images/real/huggingface_AY000554_Car_plate_detecting_dataset/16242.jpg;########;type1;368,848,300,95;368,848,668,848,668,943,368,943;1;0;huggingface:AY000554/Car_plate_detecting_dataset <https://huggingface.co/datasets/AY000554/Car_plate_detecting_dataset>;CC-BY-4.0 (CC BY 4.0);day
images/real/huggingface_AY000554_Car_plate_detecting_dataset/16269.jpg;########;type1;280,757,318,77;280,757,598,757,598,834,280,834;1;0;huggingface:AY000554/Car_plate_detecting_dataset <https://huggingface.co/datasets/AY000554/Car_plate_detecting_dataset>;CC-BY-4.0 (CC BY 4.0);day,glare
images/real/huggingface_AY000554_Car_plate_detecting_dataset/16271.jpg;########;type1;662,539,204,72;662,539,866,539,866,611,662,611;1;0;huggingface:AY000554/Car_plate_detecting_dataset <https://huggingface.co/datasets/AY000554/Car_plate_detecting_dataset>;CC-BY-4.0 (CC BY 4.0);day
images/real/huggingface_AY000554_Car_plate_detecting_dataset/16285.jpg;########;type1;589,423,96,34;589,423,685,423,685,457,589,457;1;0;huggingface:AY000554/Car_plate_detecting_dataset <https://huggingface.co/datasets/AY000554/Car_plate_detecting_dataset>;CC-BY-4.0 (CC BY 4.0);night
images/real/huggingface_AY000554_Car_plate_detecting_dataset/16286.jpg;########;type1;274,247,117,27;274,247,391,247,391,274,274,274;1;0;huggingface:AY000554/Car_plate_detecting_dataset <https://huggingface.co/datasets/AY000554/Car_plate_detecting_dataset>;CC-BY-4.0 (CC BY 4.0);day
images/real/huggingface_AY000554_Car_plate_detecting_dataset/16295.jpg;########;type1;974,971,232,48;974,971,1206,971,1206,1019,974,1019;1;0;huggingface:AY000554/Car_plate_detecting_dataset <https://huggingface.co/datasets/AY000554/Car_plate_detecting_dataset>;CC-BY-4.0 (CC BY 4.0);day,glare
images/real/huggingface_AY000554_Car_plate_detecting_dataset/16314.jpg;########;type1;66,405,87,58;66,405,153,405,153,463,66,463;1;0;huggingface:AY000554/Car_plate_detecting_dataset <https://huggingface.co/datasets/AY000554/Car_plate_detecting_dataset>;CC-BY-4.0 (CC BY 4.0);day
images/real/huggingface_AY000554_Car_plate_detecting_dataset/16314.jpg;########;type1;268,658,183,137;268,658,451,658,451,795,268,795;1;0;huggingface:AY000554/Car_plate_detecting_dataset <https://huggingface.co/datasets/AY000554/Car_plate_detecting_dataset>;CC-BY-4.0 (CC BY 4.0);day
images/real/huggingface_AY000554_Car_plate_detecting_dataset/16331.jpg;########;type1;1060,534,208,88;1060,534,1268,534,1268,622,1060,622;1;0;huggingface:AY000554/Car_plate_detecting_dataset <https://huggingface.co/datasets/AY000554/Car_plate_detecting_dataset>;CC-BY-4.0 (CC BY 4.0);day,glare
images/real/huggingface_AY000554_Car_plate_detecting_dataset/16337.jpg;########;type1;514,334,137,40;514,334,651,334,651,374,514,374;1;0;huggingface:AY000554/Car_plate_detecting_dataset <https://huggingface.co/datasets/AY000554/Car_plate_detecting_dataset>;CC-BY-4.0 (CC BY 4.0);day
images/real/huggingface_AY000554_Car_plate_detecting_dataset/16359.jpg;########;type1;756,647,204,49;756,647,960,647,960,696,756,696;1;0;huggingface:AY000554/Car_plate_detecting_dataset <https://huggingface.co/datasets/AY000554/Car_plate_detecting_dataset>;CC-BY-4.0 (CC BY 4.0);day
images/real/huggingface_AY000554_Car_plate_detecting_dataset/16367.jpg;########;type1;478,803,348,87;478,803,826,803,826,890,478,890;1;0;huggingface:AY000554/Car_plate_detecting_dataset <https://huggingface.co/datasets/AY000554/Car_plate_detecting_dataset>;CC-BY-4.0 (CC BY 4.0);day
images/real/huggingface_AY000554_Car_plate_detecting_dataset/16369.jpg;########;type1;141,410,124,51;141,410,265,410,265,461,141,461;1;0;huggingface:AY000554/Car_plate_detecting_dataset <https://huggingface.co/datasets/AY000554/Car_plate_detecting_dataset>;CC-BY-4.0 (CC BY 4.0);day,motion_blur
images/real/huggingface_AY000554_Car_plate_detecting_dataset/16377.jpg;########;type1;526,637,235,50;526,637,761,637,761,687,526,687;1;0;huggingface:AY000554/Car_plate_detecting_dataset <https://huggingface.co/datasets/AY000554/Car_plate_detecting_dataset>;CC-BY-4.0 (CC BY 4.0);day
images/real/huggingface_AY000554_Car_plate_detecting_dataset/16392.jpg;########;type1;584,557,189,50;584,557,773,557,773,607,584,607;1;0;huggingface:AY000554/Car_plate_detecting_dataset <https://huggingface.co/datasets/AY000554/Car_plate_detecting_dataset>;CC-BY-4.0 (CC BY 4.0);day
images/real/huggingface_AY000554_Car_plate_detecting_dataset/16394.jpg;########;type1;689,610,253,56;689,610,942,610,942,666,689,666;1;0;huggingface:AY000554/Car_plate_detecting_dataset <https://huggingface.co/datasets/AY000554/Car_plate_detecting_dataset>;CC-BY-4.0 (CC BY 4.0);day
images/real/huggingface_AY000554_Car_plate_detecting_dataset/16396.jpg;########;type1;186,567,261,118;186,567,447,567,447,685,186,685;1;0;huggingface:AY000554/Car_plate_detecting_dataset <https://huggingface.co/datasets/AY000554/Car_plate_detecting_dataset>;CC-BY-4.0 (CC BY 4.0);day,glare
images/real/huggingface_AY000554_Car_plate_detecting_dataset/16409.jpg;########;type1;799,903,316,79;799,903,1115,903,1115,982,799,982;1;0;huggingface:AY000554/Car_plate_detecting_dataset <https://huggingface.co/datasets/AY000554/Car_plate_detecting_dataset>;CC-BY-4.0 (CC BY 4.0);day,motion_blur
images/real/huggingface_AY000554_Car_plate_detecting_dataset/16411.jpg;########;type1;753,728,183,46;753,728,936,728,936,774,753,774;1;0;huggingface:AY000554/Car_plate_detecting_dataset <https://huggingface.co/datasets/AY000554/Car_plate_detecting_dataset>;CC-BY-4.0 (CC BY 4.0);day
images/real/huggingface_AY000554_Car_plate_detecting_dataset/16431.jpg;########;type1;772,615,181,59;772,615,953,615,953,674,772,674;1;0;huggingface:AY000554/Car_plate_detecting_dataset <https://huggingface.co/datasets/AY000554/Car_plate_detecting_dataset>;CC-BY-4.0 (CC BY 4.0);day
images/real/huggingface_AY000554_Car_plate_detecting_dataset/16460.jpg;########;type1;561,790,328,84;561,790,889,790,889,874,561,874;1;0;huggingface:AY000554/Car_plate_detecting_dataset <https://huggingface.co/datasets/AY000554/Car_plate_detecting_dataset>;CC-BY-4.0 (CC BY 4.0);day
images/real/huggingface_AY000554_Car_plate_detecting_dataset/16508.jpg;########;type1;299,478,161,43;299,478,460,478,460,521,299,521;1;0;huggingface:AY000554/Car_plate_detecting_dataset <https://huggingface.co/datasets/AY000554/Car_plate_detecting_dataset>;CC-BY-4.0 (CC BY 4.0);night
images/real/huggingface_AY000554_Car_plate_detecting_dataset/16512.jpg;########;type1;1035,447,97,36;1035,447,1132,447,1132,483,1035,483;1;0;huggingface:AY000554/Car_plate_detecting_dataset <https://huggingface.co/datasets/AY000554/Car_plate_detecting_dataset>;CC-BY-4.0 (CC BY 4.0);day,glare
images/real/huggingface_AY000554_Car_plate_detecting_dataset/16532.jpg;########;type1;311,526,178,54;311,526,489,526,489,580,311,580;1;0;huggingface:AY000554/Car_plate_detecting_dataset <https://huggingface.co/datasets/AY000554/Car_plate_detecting_dataset>;CC-BY-4.0 (CC BY 4.0);day
images/real/huggingface_AY000554_Car_plate_detecting_dataset/16537.jpg;########;type1;417,203,92,35;417,203,509,203,509,238,417,238;1;0;huggingface:AY000554/Car_plate_detecting_dataset <https://huggingface.co/datasets/AY000554/Car_plate_detecting_dataset>;CC-BY-4.0 (CC BY 4.0);day
images/real/huggingface_AY000554_Car_plate_detecting_dataset/16550.jpg;########;type1;264,426,219,45;264,426,483,426,483,471,264,471;1;0;huggingface:AY000554/Car_plate_detecting_dataset <https://huggingface.co/datasets/AY000554/Car_plate_detecting_dataset>;CC-BY-4.0 (CC BY 4.0);day,glare
images/real/huggingface_AY000554_Car_plate_detecting_dataset/16555.jpg;########;type1;601,306,98,32;601,306,699,306,699,338,601,338;1;0;huggingface:AY000554/Car_plate_detecting_dataset <https://huggingface.co/datasets/AY000554/Car_plate_detecting_dataset>;CC-BY-4.0 (CC BY 4.0);day
images/real/huggingface_AY000554_Car_plate_detecting_dataset/16567.jpg;########;type1;308,674,150,48;308,674,458,674,458,722,308,722;1;0;huggingface:AY000554/Car_plate_detecting_dataset <https://huggingface.co/datasets/AY000554/Car_plate_detecting_dataset>;CC-BY-4.0 (CC BY 4.0);day,glare
images/real/huggingface_AY000554_Car_plate_detecting_dataset/16587.jpg;########;type1b;317,804,113,27;317,804,430,804,430,831,317,831;1;0;huggingface:AY000554/Car_plate_detecting_dataset <https://huggingface.co/datasets/AY000554/Car_plate_detecting_dataset>;CC-BY-4.0 (CC BY 4.0);day
images/real/huggingface_AY000554_Car_plate_detecting_dataset/16601.jpg;########;type1;608,868,401,103;608,868,1009,868,1009,971,608,971;1;0;huggingface:AY000554/Car_plate_detecting_dataset <https://huggingface.co/datasets/AY000554/Car_plate_detecting_dataset>;CC-BY-4.0 (CC BY 4.0);day
images/real/huggingface_AY000554_Car_plate_detecting_dataset/16602.jpg;########;type1;668,414,138,29;668,414,806,414,806,443,668,443;1;0;huggingface:AY000554/Car_plate_detecting_dataset <https://huggingface.co/datasets/AY000554/Car_plate_detecting_dataset>;CC-BY-4.0 (CC BY 4.0);day,glare
images/real/huggingface_AY000554_Car_plate_detecting_dataset/16613.jpg;########;type1;119,312,96,31;119,312,215,312,215,343,119,343;1;0;huggingface:AY000554/Car_plate_detecting_dataset <https://huggingface.co/datasets/AY000554/Car_plate_detecting_dataset>;CC-BY-4.0 (CC BY 4.0);day
images/real/huggingface_AY000554_Car_plate_detecting_dataset/16622.jpg;########;type1;292,141,72,15;292,141,364,141,364,156,292,156;1;0;huggingface:AY000554/Car_plate_detecting_dataset <https://huggingface.co/datasets/AY000554/Car_plate_detecting_dataset>;CC-BY-4.0 (CC BY 4.0);day
images/real/huggingface_AY000554_Car_plate_detecting_dataset/16623.jpg;########;type1;214,498,192,47;214,498,406,498,406,545,214,545;1;0;huggingface:AY000554/Car_plate_detecting_dataset <https://huggingface.co/datasets/AY000554/Car_plate_detecting_dataset>;CC-BY-4.0 (CC BY 4.0);day,glare
images/real/huggingface_AY000554_Car_plate_detecting_dataset/16631.jpg;########;type1;200,537,153,99;200,537,353,537,353,636,200,636;1;0;huggingface:AY000554/Car_plate_detecting_dataset <https://huggingface.co/datasets/AY000554/Car_plate_detecting_dataset>;CC-BY-4.0 (CC BY 4.0);day
images/real/huggingface_AY000554_Car_plate_detecting_dataset/16634.jpg;########;type1;177,532,171,52;177,532,348,532,348,584,177,584;1;0;huggingface:AY000554/Car_plate_detecting_dataset <https://huggingface.co/datasets/AY000554/Car_plate_detecting_dataset>;CC-BY-4.0 (CC BY 4.0);day
images/real/huggingface_AY000554_Car_plate_detecting_dataset/16671.jpg;########;type1;841,604,142,41;841,604,983,604,983,645,841,645;1;0;huggingface:AY000554/Car_plate_detecting_dataset <https://huggingface.co/datasets/AY000554/Car_plate_detecting_dataset>;CC-BY-4.0 (CC BY 4.0);day
images/real/huggingface_AY000554_Car_plate_detecting_dataset/16672.jpg;########;type1;466,974,194,45;466,974,660,974,660,1019,466,1019;1;0;huggingface:AY000554/Car_plate_detecting_dataset <https://huggingface.co/datasets/AY000554/Car_plate_detecting_dataset>;CC-BY-4.0 (CC BY 4.0);day
images/real/huggingface_AY000554_Car_plate_detecting_dataset/16677.jpg;########;type1;1412,690,256,158;1412,690,1668,690,1668,848,1412,848;1;0;huggingface:AY000554/Car_plate_detecting_dataset <https://huggingface.co/datasets/AY000554/Car_plate_detecting_dataset>;CC-BY-4.0 (CC BY 4.0);day,glare
images/real/huggingface_AY000554_Car_plate_detecting_dataset/16686.jpg;########;type1;408,574,166,50;408,574,574,574,574,624,408,624;1;0;huggingface:AY000554/Car_plate_detecting_dataset <https://huggingface.co/datasets/AY000554/Car_plate_detecting_dataset>;CC-BY-4.0 (CC BY 4.0);day
images/real/huggingface_AY000554_Car_plate_detecting_dataset/16702.jpg;########;type1;199,396,175,40;199,396,374,396,374,436,199,436;1;0;huggingface:AY000554/Car_plate_detecting_dataset <https://huggingface.co/datasets/AY000554/Car_plate_detecting_dataset>;CC-BY-4.0 (CC BY 4.0);night
images/real/huggingface_AY000554_Car_plate_detecting_dataset/16710.jpg;########;type1;474,772,334,90;474,772,808,772,808,862,474,862;1;0;huggingface:AY000554/Car_plate_detecting_dataset <https://huggingface.co/datasets/AY000554/Car_plate_detecting_dataset>;CC-BY-4.0 (CC BY 4.0);day,glare
images/real/huggingface_AY000554_Car_plate_detecting_dataset/16714.jpg;########;type1;188,305,101,27;188,305,289,305,289,332,188,332;1;0;huggingface:AY000554/Car_plate_detecting_dataset <https://huggingface.co/datasets/AY000554/Car_plate_detecting_dataset>;CC-BY-4.0 (CC BY 4.0);day
images/real/huggingface_AY000554_Car_plate_detecting_dataset/16714.jpg;########;type1;578,232,61,17;578,232,639,232,639,249,578,249;1;0;huggingface:AY000554/Car_plate_detecting_dataset <https://huggingface.co/datasets/AY000554/Car_plate_detecting_dataset>;CC-BY-4.0 (CC BY 4.0);day
images/real/huggingface_AY000554_Car_plate_detecting_dataset/16723.jpg;########;type1;799,502,122,35;799,502,921,502,921,537,799,537;1;0;huggingface:AY000554/Car_plate_detecting_dataset <https://huggingface.co/datasets/AY000554/Car_plate_detecting_dataset>;CC-BY-4.0 (CC BY 4.0);day,glare
images/real/huggingface_AY000554_Car_plate_detecting_dataset/16730.jpg;########;type1;151,458,136,87;151,458,287,458,287,545,151,545;1;0;huggingface:AY000554/Car_plate_detecting_dataset <https://huggingface.co/datasets/AY000554/Car_plate_detecting_dataset>;CC-BY-4.0 (CC BY 4.0);day,glare
images/real/huggingface_AY000554_Car_plate_detecting_dataset/16736.jpg;########;type1;444,630,233,51;444,630,677,630,677,681,444,681;1;0;huggingface:AY000554/Car_plate_detecting_dataset <https://huggingface.co/datasets/AY000554/Car_plate_detecting_dataset>;CC-BY-4.0 (CC BY 4.0);day,glare,motion_blur
images/real/huggingface_AY000554_Car_plate_detecting_dataset/16738.jpg;########;type1;675,367,157,48;675,367,832,367,832,415,675,415;1;0;huggingface:AY000554/Car_plate_detecting_dataset <https://huggingface.co/datasets/AY000554/Car_plate_detecting_dataset>;CC-BY-4.0 (CC BY 4.0);day
images/real/huggingface_AY000554_Car_plate_detecting_dataset/16748.jpg;########;type1;319,519,183,53;319,519,502,519,502,572,319,572;1;0;huggingface:AY000554/Car_plate_detecting_dataset <https://huggingface.co/datasets/AY000554/Car_plate_detecting_dataset>;CC-BY-4.0 (CC BY 4.0);day
images/real/huggingface_AY000554_Car_plate_detecting_dataset/16758.jpg;########;type1;336,561,184,68;336,561,520,561,520,629,336,629;1;0;huggingface:AY000554/Car_plate_detecting_dataset <https://huggingface.co/datasets/AY000554/Car_plate_detecting_dataset>;CC-BY-4.0 (CC BY 4.0);day
images/real/huggingface_AY000554_Car_plate_detecting_dataset/16764.jpg;########;type1;697,462,134,31;697,462,831,462,831,493,697,493;1;0;huggingface:AY000554/Car_plate_detecting_dataset <https://huggingface.co/datasets/AY000554/Car_plate_detecting_dataset>;CC-BY-4.0 (CC BY 4.0);day,motion_blur
images/real/huggingface_AY000554_Car_plate_detecting_dataset/16786.jpg;########;type1;849,626,238,87;849,626,1087,626,1087,713,849,713;1;0;huggingface:AY000554/Car_plate_detecting_dataset <https://huggingface.co/datasets/AY000554/Car_plate_detecting_dataset>;CC-BY-4.0 (CC BY 4.0);day
images/real/huggingface_AY000554_Car_plate_detecting_dataset/1679.jpg;########;type1;266,362,165,39;266,362,431,362,431,401,266,401;1;0;huggingface:AY000554/Car_plate_detecting_dataset <https://huggingface.co/datasets/AY000554/Car_plate_detecting_dataset>;CC-BY-4.0 (CC BY 4.0);day
images/real/huggingface_AY000554_Car_plate_detecting_dataset/16790.jpg;########;type1;376,572,274,66;376,572,650,572,650,638,376,638;1;0;huggingface:AY000554/Car_plate_detecting_dataset <https://huggingface.co/datasets/AY000554/Car_plate_detecting_dataset>;CC-BY-4.0 (CC BY 4.0);day
images/real/huggingface_AY000554_Car_plate_detecting_dataset/16792.jpg;########;type1;612,544,322,70;612,544,934,544,934,614,612,614;1;0;huggingface:AY000554/Car_plate_detecting_dataset <https://huggingface.co/datasets/AY000554/Car_plate_detecting_dataset>;CC-BY-4.0 (CC BY 4.0);night
images/real/huggingface_AY000554_Car_plate_detecting_dataset/16809.jpg;########;type1;858,666,294,74;858,666,1152,666,1152,740,858,740;1;0;huggingface:AY000554/Car_plate_detecting_dataset <https://huggingface.co/datasets/AY000554/Car_plate_detecting_dataset>;CC-BY-4.0 (CC BY 4.0);day,glare,motion_blur
images/real/huggingface_AY000554_Car_plate_detecting_dataset/16829.jpg;########;type1;639,567,138,30;639,567,777,567,777,597,639,597;1;0;huggingface:AY000554/Car_plate_detecting_dataset <https://huggingface.co/datasets/AY000554/Car_plate_detecting_dataset>;CC-BY-4.0 (CC BY 4.0);day,glare
images/real/huggingface_AY000554_Car_plate_detecting_dataset/16830.jpg;########;type1;996,796,194,66;996,796,1190,796,1190,862,996,862;1;0;huggingface:AY000554/Car_plate_detecting_dataset <https://huggingface.co/datasets/AY000554/Car_plate_detecting_dataset>;CC-BY-4.0 (CC BY 4.0);day
images/real/huggingface_AY000554_Car_plate_detecting_dataset/16836.jpg;########;type1;142,425,168,73;142,425,310,425,310,498,142,498;1;0;huggingface:AY000554/Car_plate_detecting_dataset <https://huggingface.co/datasets/AY000554/Car_plate_detecting_dataset>;CC-BY-4.0 (CC BY 4.0);day,glare
images/real/huggingface_AY000554_Car_plate_detecting_dataset/16848.jpg;########;type1;455,576,420,89;455,576,875,576,875,665,455,665;1;0;huggingface:AY000554/Car_plate_detecting_dataset <https://huggingface.co/datasets/AY000554/Car_plate_detecting_dataset>;CC-BY-4.0 (CC BY 4.0);day
images/real/huggingface_AY000554_Car_plate_detecting_dataset/1685.jpg;########;type1;410,586,241,51;410,586,651,586,651,637,410,637;1;0;huggingface:AY000554/Car_plate_detecting_dataset <https://huggingface.co/datasets/AY000554/Car_plate_detecting_dataset>;CC-BY-4.0 (CC BY 4.0);day
images/real/huggingface_AY000554_Car_plate_detecting_dataset/16852.jpg;########;type1;510,805,147,39;510,805,657,805,657,844,510,844;1;0;huggingface:AY000554/Car_plate_detecting_dataset <https://huggingface.co/datasets/AY000554/Car_plate_detecting_dataset>;CC-BY-4.0 (CC BY 4.0);day
images/real/huggingface_AY000554_Car_plate_detecting_dataset/16859.jpg;########;type1;506,1046,190,47;506,1046,696,1046,696,1093,506,1093;1;0;huggingface:AY000554/Car_plate_detecting_dataset <https://huggingface.co/datasets/AY000554/Car_plate_detecting_dataset>;CC-BY-4.0 (CC BY 4.0);day
images/real/huggingface_AY000554_Car_plate_detecting_dataset/16896.jpg;########;type1;666,958,158,32;666,958,824,958,824,990,666,990;1;0;huggingface:AY000554/Car_plate_detecting_dataset <https://huggingface.co/datasets/AY000554/Car_plate_detecting_dataset>;CC-BY-4.0 (CC BY 4.0);day
images/real/huggingface_AY000554_Car_plate_detecting_dataset/1694.jpg;########;type1;173,450,135,61;173,450,308,450,308,511,173,511;1;0;huggingface:AY000554/Car_plate_detecting_dataset <https://huggingface.co/datasets/AY000554/Car_plate_detecting_dataset>;CC-BY-4.0 (CC BY 4.0);day
images/real/huggingface_AY000554_Car_plate_detecting_dataset/16948.jpg;########;type1;261,386,123,31;261,386,384,386,384,417,261,417;1;0;huggingface:AY000554/Car_plate_detecting_dataset <https://huggingface.co/datasets/AY000554/Car_plate_detecting_dataset>;CC-BY-4.0 (CC BY 4.0);night
images/real/huggingface_AY000554_Car_plate_detecting_dataset/1696.jpg;########;type1;278,445,93,23;278,445,371,445,371,468,278,468;1;0;huggingface:AY000554/Car_plate_detecting_dataset <https://huggingface.co/datasets/AY000554/Car_plate_detecting_dataset>;CC-BY-4.0 (CC BY 4.0);day
images/real/huggingface_AY000554_Car_plate_detecting_dataset/16984.jpg;########;type1;333,352,137,39;333,352,470,352,470,391,333,391;1;0;huggingface:AY000554/Car_plate_detecting_dataset <https://huggingface.co/datasets/AY000554/Car_plate_detecting_dataset>;CC-BY-4.0 (CC BY 4.0);day,glare
images/real/huggingface_AY000554_Car_plate_detecting_dataset/16987.jpg;########;type1;126,597,161,50;126,597,287,597,287,647,126,647;1;0;huggingface:AY000554/Car_plate_detecting_dataset <https://huggingface.co/datasets/AY000554/Car_plate_detecting_dataset>;CC-BY-4.0 (CC BY 4.0);day
images/real/huggingface_AY000554_Car_plate_detecting_dataset/16991.jpg;########;type1;606,606,323,75;606,606,929,606,929,681,606,681;1;0;huggingface:AY000554/Car_plate_detecting_dataset <https://huggingface.co/datasets/AY000554/Car_plate_detecting_dataset>;CC-BY-4.0 (CC BY 4.0);day
images/real/huggingface_AY000554_Car_plate_detecting_dataset/17013.jpg;########;type1;339,489,126,23;339,489,465,489,465,512,339,512;1;0;huggingface:AY000554/Car_plate_detecting_dataset <https://huggingface.co/datasets/AY000554/Car_plate_detecting_dataset>;CC-BY-4.0 (CC BY 4.0);day
images/real/huggingface_AY000554_Car_plate_detecting_dataset/17013.jpg;########;type1;869,513,130,36;869,513,999,513,999,549,869,549;1;0;huggingface:AY000554/Car_plate_detecting_dataset <https://huggingface.co/datasets/AY000554/Car_plate_detecting_dataset>;CC-BY-4.0 (CC BY 4.0);day
images/real/huggingface_AY000554_Car_plate_detecting_dataset/17021.jpg;########;type1;454,644,356,100;454,644,810,644,810,744,454,744;1;0;huggingface:AY000554/Car_plate_detecting_dataset <https://huggingface.co/datasets/AY000554/Car_plate_detecting_dataset>;CC-BY-4.0 (CC BY 4.0);day
images/real/huggingface_AY000554_Car_plate_detecting_dataset/17039.jpg;########;type1;550,765,336,84;550,765,886,765,886,849,550,849;1;0;huggingface:AY000554/Car_plate_detecting_dataset <https://huggingface.co/datasets/AY000554/Car_plate_detecting_dataset>;CC-BY-4.0 (CC BY 4.0);day,glare
images/real/huggingface_AY000554_Car_plate_detecting_dataset/17058.jpg;########;type1;304,559,183,37;304,559,487,559,487,596,304,596;1;0;huggingface:AY000554/Car_plate_detecting_dataset <https://huggingface.co/datasets/AY000554/Car_plate_detecting_dataset>;CC-BY-4.0 (CC BY 4.0);day,glare
images/real/huggingface_AY000554_Car_plate_detecting_dataset/17061.jpg;########;type1;205,643,144,45;205,643,349,643,349,688,205,688;1;0;huggingface:AY000554/Car_plate_detecting_dataset <https://huggingface.co/datasets/AY000554/Car_plate_detecting_dataset>;CC-BY-4.0 (CC BY 4.0);day
images/real/huggingface_AY000554_Car_plate_detecting_dataset/17066.jpg;########;type1;136,154,83,27;136,154,219,154,219,181,136,181;1;0;huggingface:AY000554/Car_plate_detecting_dataset <https://huggingface.co/datasets/AY000554/Car_plate_detecting_dataset>;CC-BY-4.0 (CC BY 4.0);day
images/real/huggingface_AY000554_Car_plate_detecting_dataset/17098.jpg;########;type1;430,630,283,71;430,630,713,630,713,701,430,701;1;0;huggingface:AY000554/Car_plate_detecting_dataset <https://huggingface.co/datasets/AY000554/Car_plate_detecting_dataset>;CC-BY-4.0 (CC BY 4.0);day,glare
images/real/huggingface_AY000554_Car_plate_detecting_dataset/17100.jpg;########;type1;493,483,364,115;493,483,857,483,857,598,493,598;1;0;huggingface:AY000554/Car_plate_detecting_dataset <https://huggingface.co/datasets/AY000554/Car_plate_detecting_dataset>;CC-BY-4.0 (CC BY 4.0);day,glare
images/real/huggingface_AY000554_Car_plate_detecting_dataset/17111.jpg;########;type1;834,643,295,62;834,643,1129,643,1129,705,834,705;1;0;huggingface:AY000554/Car_plate_detecting_dataset <https://huggingface.co/datasets/AY000554/Car_plate_detecting_dataset>;CC-BY-4.0 (CC BY 4.0);day,glare
images/real/huggingface_AY000554_Car_plate_detecting_dataset/17114.jpg;########;type1;293,563,165,39;293,563,458,563,458,602,293,602;1;0;huggingface:AY000554/Car_plate_detecting_dataset <https://huggingface.co/datasets/AY000554/Car_plate_detecting_dataset>;CC-BY-4.0 (CC BY 4.0);day,glare
images/real/huggingface_AY000554_Car_plate_detecting_dataset/17136.jpg;########;type1;375,529,246,60;375,529,621,529,621,589,375,589;1;0;huggingface:AY000554/Car_plate_detecting_dataset <https://huggingface.co/datasets/AY000554/Car_plate_detecting_dataset>;CC-BY-4.0 (CC BY 4.0);day
images/real/huggingface_AY000554_Car_plate_detecting_dataset/17161.jpg;########;type1;568,466,189,42;568,466,757,466,757,508,568,508;1;0;huggingface:AY000554/Car_plate_detecting_dataset <https://huggingface.co/datasets/AY000554/Car_plate_detecting_dataset>;CC-BY-4.0 (CC BY 4.0);day
images/real/huggingface_AY000554_Car_plate_detecting_dataset/17161.jpg;########;type1;191,480,60,16;191,480,251,480,251,496,191,496;1;0;huggingface:AY000554/Car_plate_detecting_dataset <https://huggingface.co/datasets/AY000554/Car_plate_detecting_dataset>;CC-BY-4.0 (CC BY 4.0);day
images/real/huggingface_AY000554_Car_plate_detecting_dataset/17166.jpg;########;type1;246,477,233,72;246,477,479,477,479,549,246,549;1;0;huggingface:AY000554/Car_plate_detecting_dataset <https://huggingface.co/datasets/AY000554/Car_plate_detecting_dataset>;CC-BY-4.0 (CC BY 4.0);day
images/real/huggingface_AY000554_Car_plate_detecting_dataset/1717.jpg;########;type1;165,525,172,107;165,525,337,525,337,632,165,632;1;0;huggingface:AY000554/Car_plate_detecting_dataset <https://huggingface.co/datasets/AY000554/Car_plate_detecting_dataset>;CC-BY-4.0 (CC BY 4.0);day
images/real/huggingface_AY000554_Car_plate_detecting_dataset/17176.jpg;########;type1;163,447,76,37;163,447,239,447,239,484,163,484;1;0;huggingface:AY000554/Car_plate_detecting_dataset <https://huggingface.co/datasets/AY000554/Car_plate_detecting_dataset>;CC-BY-4.0 (CC BY 4.0);day,glare
images/real/huggingface_AY000554_Car_plate_detecting_dataset/17185.jpg;########;type1;574,310,138,35;574,310,712,310,712,345,574,345;1;0;huggingface:AY000554/Car_plate_detecting_dataset <https://huggingface.co/datasets/AY000554/Car_plate_detecting_dataset>;CC-BY-4.0 (CC BY 4.0);day
images/real/huggingface_AY000554_Car_plate_detecting_dataset/17200.jpg;########;type1;27,631,126,29;27,631,153,631,153,660,27,660;1;0;huggingface:AY000554/Car_plate_detecting_dataset <https://huggingface.co/datasets/AY000554/Car_plate_detecting_dataset>;CC-BY-4.0 (CC BY 4.0);day
images/real/huggingface_AY000554_Car_plate_detecting_dataset/17200.jpg;########;type1;426,663,161,42;426,663,587,663,587,705,426,705;1;0;huggingface:AY000554/Car_plate_detecting_dataset <https://huggingface.co/datasets/AY000554/Car_plate_detecting_dataset>;CC-BY-4.0 (CC BY 4.0);day
images/real/huggingface_AY000554_Car_plate_detecting_dataset/17207.jpg;########;type1;680,243,107,50;680,243,787,243,787,293,680,293;1;0;huggingface:AY000554/Car_plate_detecting_dataset <https://huggingface.co/datasets/AY000554/Car_plate_detecting_dataset>;CC-BY-4.0 (CC BY 4.0);day
images/real/huggingface_AY000554_Car_plate_detecting_dataset/17220.jpg;########;type1;645,577,218,52;645,577,863,577,863,629,645,629;1;0;huggingface:AY000554/Car_plate_detecting_dataset <https://huggingface.co/datasets/AY000554/Car_plate_detecting_dataset>;CC-BY-4.0 (CC BY 4.0);day
images/real/huggingface_AY000554_Car_plate_detecting_dataset/17234.jpg;########;type1;774,758,360,133;774,758,1134,758,1134,891,774,891;1;0;huggingface:AY000554/Car_plate_detecting_dataset <https://huggingface.co/datasets/AY000554/Car_plate_detecting_dataset>;CC-BY-4.0 (CC BY 4.0);day,glare
images/real/huggingface_AY000554_Car_plate_detecting_dataset/17241.jpg;########;type1b;453,440,613,118;453,440,1066,440,1066,558,453,558;1;0;huggingface:AY000554/Car_plate_detecting_dataset <https://huggingface.co/datasets/AY000554/Car_plate_detecting_dataset>;CC-BY-4.0 (CC BY 4.0);night,motion_blur
images/real/huggingface_AY000554_Car_plate_detecting_dataset/17255.jpg;########;type1;140,362,166,47;140,362,306,362,306,409,140,409;1;0;huggingface:AY000554/Car_plate_detecting_dataset <https://huggingface.co/datasets/AY000554/Car_plate_detecting_dataset>;CC-BY-4.0 (CC BY 4.0);day
images/real/huggingface_AY000554_Car_plate_detecting_dataset/17271.jpg;########;type1;1771,797,176,44;1771,797,1947,797,1947,841,1771,841;1;0;huggingface:AY000554/Car_plate_detecting_dataset <https://huggingface.co/datasets/AY000554/Car_plate_detecting_dataset>;CC-BY-4.0 (CC BY 4.0);day,glare
images/real/huggingface_AY000554_Car_plate_detecting_dataset/17306.jpg;########;type1;544,677,324,81;544,677,868,677,868,758,544,758;1;0;huggingface:AY000554/Car_plate_detecting_dataset <https://huggingface.co/datasets/AY000554/Car_plate_detecting_dataset>;CC-BY-4.0 (CC BY 4.0);day
images/real/huggingface_AY000554_Car_plate_detecting_dataset/17312.jpg;########;type1;1053,647,258,62;1053,647,1311,647,1311,709,1053,709;1;0;huggingface:AY000554/Car_plate_detecting_dataset <https://huggingface.co/datasets/AY000554/Car_plate_detecting_dataset>;CC-BY-4.0 (CC BY 4.0);day
images/real/huggingface_AY000554_Car_plate_detecting_dataset/17315.jpg;########;type1;147,443,201,60;147,443,348,443,348,503,147,503;1;0;huggingface:AY000554/Car_plate_detecting_dataset <https://huggingface.co/datasets/AY000554/Car_plate_detecting_dataset>;CC-BY-4.0 (CC BY 4.0);day,glare
images/real/huggingface_AY000554_Car_plate_detecting_dataset/1732.jpg;########;type1;745,708,107,22;745,708,852,708,852,730,745,730;1;0;huggingface:AY000554/Car_plate_detecting_dataset <https://huggingface.co/datasets/AY000554/Car_plate_detecting_dataset>;CC-BY-4.0 (CC BY 4.0);day,motion_blur
images/real/huggingface_AY000554_Car_plate_detecting_dataset/17325.jpg;########;type1;618,998,288,75;618,998,906,998,906,1073,618,1073;1;0;huggingface:AY000554/Car_plate_detecting_dataset <https://huggingface.co/datasets/AY000554/Car_plate_detecting_dataset>;CC-BY-4.0 (CC BY 4.0);day,glare
images/real/huggingface_AY000554_Car_plate_detecting_dataset/17329.jpg;########;type1;297,250,125,40;297,250,422,250,422,290,297,290;1;0;huggingface:AY000554/Car_plate_detecting_dataset <https://huggingface.co/datasets/AY000554/Car_plate_detecting_dataset>;CC-BY-4.0 (CC BY 4.0);day
images/real/huggingface_AY000554_Car_plate_detecting_dataset/17333.jpg;########;type1;456,730,399,88;456,730,855,730,855,818,456,818;1;0;huggingface:AY000554/Car_plate_detecting_dataset <https://huggingface.co/datasets/AY000554/Car_plate_detecting_dataset>;CC-BY-4.0 (CC BY 4.0);day,motion_blur
images/real/huggingface_AY000554_Car_plate_detecting_dataset/17343.jpg;########;type1;906,688,192,67;906,688,1098,688,1098,755,906,755;1;0;huggingface:AY000554/Car_plate_detecting_dataset <https://huggingface.co/datasets/AY000554/Car_plate_detecting_dataset>;CC-BY-4.0 (CC BY 4.0);day,glare
images/real/huggingface_AY000554_Car_plate_detecting_dataset/17351.jpg;########;type1;407,939,419,116;407,939,826,939,826,1055,407,1055;1;0;huggingface:AY000554/Car_plate_detecting_dataset <https://huggingface.co/datasets/AY000554/Car_plate_detecting_dataset>;CC-BY-4.0 (CC BY 4.0);day
images/real/huggingface_AY000554_Car_plate_detecting_dataset/17370.jpg;########;type1;277,435,206,53;277,435,483,435,483,488,277,488;1;0;huggingface:AY000554/Car_plate_detecting_dataset <https://huggingface.co/datasets/AY000554/Car_plate_detecting_dataset>;CC-BY-4.0 (CC BY 4.0);day
images/real/huggingface_AY000554_Car_plate_detecting_dataset/17409.jpg;########;type1;162,451,214,71;162,451,376,451,376,522,162,522;1;0;huggingface:AY000554/Car_plate_detecting_dataset <https://huggingface.co/datasets/AY000554/Car_plate_detecting_dataset>;CC-BY-4.0 (CC BY 4.0);day,glare
images/real/huggingface_AY000554_Car_plate_detecting_dataset/17413.jpg;########;type1;1399,873,169,80;1399,873,1568,873,1568,953,1399,953;1;0;huggingface:AY000554/Car_plate_detecting_dataset <https://huggingface.co/datasets/AY000554/Car_plate_detecting_dataset>;CC-BY-4.0 (CC BY 4.0);day
images/real/huggingface_AY000554_Car_plate_detecting_dataset/17422.jpg;########;type1;613,401,208,48;613,401,821,401,821,449,613,449;1;0;huggingface:AY000554/Car_plate_detecting_dataset <https://huggingface.co/datasets/AY000554/Car_plate_detecting_dataset>;CC-BY-4.0 (CC BY 4.0);day,glare
images/real/huggingface_AY000554_Car_plate_detecting_dataset/17426.jpg;########;type1;872,709,385,84;872,709,1257,709,1257,793,872,793;1;0;huggingface:AY000554/Car_plate_detecting_dataset <https://huggingface.co/datasets/AY000554/Car_plate_detecting_dataset>;CC-BY-4.0 (CC BY 4.0);day,motion_blur
images/real/huggingface_AY000554_Car_plate_detecting_dataset/17433.jpg;########;type1;278,420,240,53;278,420,518,420,518,473,278,473;1;0;huggingface:AY000554/Car_plate_detecting_dataset <https://huggingface.co/datasets/AY000554/Car_plate_detecting_dataset>;CC-BY-4.0 (CC BY 4.0);day,glare
images/real/huggingface_AY000554_Car_plate_detecting_dataset/17434.jpg;########;type1;304,613,309,70;304,613,613,613,613,683,304,683;1;0;huggingface:AY000554/Car_plate_detecting_dataset <https://huggingface.co/datasets/AY000554/Car_plate_detecting_dataset>;CC-BY-4.0 (CC BY 4.0);day,motion_blur
images/real/huggingface_AY000554_Car_plate_detecting_dataset/17437.jpg;########;type1;276,570,141,65;276,570,417,570,417,635,276,635;1;0;huggingface:AY000554/Car_plate_detecting_dataset <https://huggingface.co/datasets/AY000554/Car_plate_detecting_dataset>;CC-BY-4.0 (CC BY 4.0);day,glare
images/real/huggingface_AY000554_Car_plate_detecting_dataset/17441.jpg;########;type1b;1002,970,256,81;1002,970,1258,970,1258,1051,1002,1051;1;0;huggingface:AY000554/Car_plate_detecting_dataset <https://huggingface.co/datasets/AY000554/Car_plate_detecting_dataset>;CC-BY-4.0 (CC BY 4.0);day,glare
images/real/huggingface_AY000554_Car_plate_detecting_dataset/17446.jpg;########;type1;853,498,171,43;853,498,1024,498,1024,541,853,541;1;0;huggingface:AY000554/Car_plate_detecting_dataset <https://huggingface.co/datasets/AY000554/Car_plate_detecting_dataset>;CC-BY-4.0 (CC BY 4.0);day
images/real/huggingface_AY000554_Car_plate_detecting_dataset/17447.jpg;########;type1;1000,531,268,80;1000,531,1268,531,1268,611,1000,611;1;0;huggingface:AY000554/Car_plate_detecting_dataset <https://huggingface.co/datasets/AY000554/Car_plate_detecting_dataset>;CC-BY-4.0 (CC BY 4.0);day
images/real/huggingface_AY000554_Car_plate_detecting_dataset/17461.jpg;########;type1;938,898,303,76;938,898,1241,898,1241,974,938,974;1;0;huggingface:AY000554/Car_plate_detecting_dataset <https://huggingface.co/datasets/AY000554/Car_plate_detecting_dataset>;CC-BY-4.0 (CC BY 4.0);day
images/real/huggingface_AY000554_Car_plate_detecting_dataset/17470.jpg;########;type1;262,661,104,23;262,661,366,661,366,684,262,684;1;0;huggingface:AY000554/Car_plate_detecting_dataset <https://huggingface.co/datasets/AY000554/Car_plate_detecting_dataset>;CC-BY-4.0 (CC BY 4.0);day,glare
images/real/huggingface_AY000554_Car_plate_detecting_dataset/17480.jpg;########;type1;1370,752,115,64;1370,752,1485,752,1485,816,1370,816;1;0;huggingface:AY000554/Car_plate_detecting_dataset <https://huggingface.co/datasets/AY000554/Car_plate_detecting_dataset>;CC-BY-4.0 (CC BY 4.0);day
images/real/huggingface_AY000554_Car_plate_detecting_dataset/17488.jpg;########;type1;1318,995,323,135;1318,995,1641,995,1641,1130,1318,1130;1;0;huggingface:AY000554/Car_plate_detecting_dataset <https://huggingface.co/datasets/AY000554/Car_plate_detecting_dataset>;CC-BY-4.0 (CC BY 4.0);day
images/real/huggingface_AY000554_Car_plate_detecting_dataset/1752.jpg;########;type1;666,567,234,89;666,567,900,567,900,656,666,656;1;0;huggingface:AY000554/Car_plate_detecting_dataset <https://huggingface.co/datasets/AY000554/Car_plate_detecting_dataset>;CC-BY-4.0 (CC BY 4.0);day
images/real/huggingface_AY000554_Car_plate_detecting_dataset/17530.jpg;########;type1;152,767,210,49;152,767,362,767,362,816,152,816;1;0;huggingface:AY000554/Car_plate_detecting_dataset <https://huggingface.co/datasets/AY000554/Car_plate_detecting_dataset>;CC-BY-4.0 (CC BY 4.0);day
images/real/huggingface_AY000554_Car_plate_detecting_dataset/17568.jpg;########;type1;259,457,199,74;259,457,458,457,458,531,259,531;1;0;huggingface:AY000554/Car_plate_detecting_dataset <https://huggingface.co/datasets/AY000554/Car_plate_detecting_dataset>;CC-BY-4.0 (CC BY 4.0);day
images/real/huggingface_AY000554_Car_plate_detecting_dataset/17576.jpg;########;type1;1004,1040,402,134;1004,1040,1406,1040,1406,1174,1004,1174;1;0;huggingface:AY000554/Car_plate_detecting_dataset <https://huggingface.co/datasets/AY000554/Car_plate_detecting_dataset>;CC-BY-4.0 (CC BY 4.0);day,glare
images/real/huggingface_AY000554_Car_plate_detecting_dataset/17599.jpg;########;type1;193,342,86,22;193,342,279,342,279,364,193,364;1;0;huggingface:AY000554/Car_plate_detecting_dataset <https://huggingface.co/datasets/AY000554/Car_plate_detecting_dataset>;CC-BY-4.0 (CC BY 4.0);day,glare
images/real/huggingface_AY000554_Car_plate_detecting_dataset/1760.jpg;########;type1;398,962,346,89;398,962,744,962,744,1051,398,1051;1;0;huggingface:AY000554/Car_plate_detecting_dataset <https://huggingface.co/datasets/AY000554/Car_plate_detecting_dataset>;CC-BY-4.0 (CC BY 4.0);day
images/real/huggingface_AY000554_Car_plate_detecting_dataset/17627.jpg;########;type1;752,715,170,77;752,715,922,715,922,792,752,792;1;0;huggingface:AY000554/Car_plate_detecting_dataset <https://huggingface.co/datasets/AY000554/Car_plate_detecting_dataset>;CC-BY-4.0 (CC BY 4.0);day
images/real/huggingface_AY000554_Car_plate_detecting_dataset/17634.jpg;########;type1;199,367,182,39;199,367,381,367,381,406,199,406;1;0;huggingface:AY000554/Car_plate_detecting_dataset <https://huggingface.co/datasets/AY000554/Car_plate_detecting_dataset>;CC-BY-4.0 (CC BY 4.0);day
images/real/huggingface_AY000554_Car_plate_detecting_dataset/17654.jpg;########;type1;747,765,431,83;747,765,1178,765,1178,848,747,848;1;0;huggingface:AY000554/Car_plate_detecting_dataset <https://huggingface.co/datasets/AY000554/Car_plate_detecting_dataset>;CC-BY-4.0 (CC BY 4.0);day
images/real/huggingface_AY000554_Car_plate_detecting_dataset/17658.jpg;########;type1;593,699,383,77;593,699,976,699,976,776,593,776;1;0;huggingface:AY000554/Car_plate_detecting_dataset <https://huggingface.co/datasets/AY000554/Car_plate_detecting_dataset>;CC-BY-4.0 (CC BY 4.0);day
images/real/huggingface_AY000554_Car_plate_detecting_dataset/17662.jpg;########;type1;103,352,70,48;103,352,173,352,173,400,103,400;1;0;huggingface:AY000554/Car_plate_detecting_dataset <https://huggingface.co/datasets/AY000554/Car_plate_detecting_dataset>;CC-BY-4.0 (CC BY 4.0);day,glare
images/real/huggingface_AY000554_Car_plate_detecting_dataset/17673.jpg;########;type1;205,476,131,39;205,476,336,476,336,515,205,515;1;0;huggingface:AY000554/Car_plate_detecting_dataset <https://huggingface.co/datasets/AY000554/Car_plate_detecting_dataset>;CC-BY-4.0 (CC BY 4.0);day
images/real/huggingface_AY000554_Car_plate_detecting_dataset/17693.jpg;########;type1;221,311,103,24;221,311,324,311,324,335,221,335;1;0;huggingface:AY000554/Car_plate_detecting_dataset <https://huggingface.co/datasets/AY000554/Car_plate_detecting_dataset>;CC-BY-4.0 (CC BY 4.0);day
images/real/huggingface_AY000554_Car_plate_detecting_dataset/17713.jpg;########;type1;219,408,185,43;219,408,404,408,404,451,219,451;1;0;huggingface:AY000554/Car_plate_detecting_dataset <https://huggingface.co/datasets/AY000554/Car_plate_detecting_dataset>;CC-BY-4.0 (CC BY 4.0);day
images/real/huggingface_AY000554_Car_plate_detecting_dataset/17714.jpg;########;type1;237,369,216,45;237,369,453,369,453,414,237,414;1;0;huggingface:AY000554/Car_plate_detecting_dataset <https://huggingface.co/datasets/AY000554/Car_plate_detecting_dataset>;CC-BY-4.0 (CC BY 4.0);day,glare
images/real/huggingface_AY000554_Car_plate_detecting_dataset/17716.jpg;########;type1;693,666,235,39;693,666,928,666,928,705,693,705;1;0;huggingface:AY000554/Car_plate_detecting_dataset <https://huggingface.co/datasets/AY000554/Car_plate_detecting_dataset>;CC-BY-4.0 (CC BY 4.0);day
images/real/huggingface_AY000554_Car_plate_detecting_dataset/17718.jpg;########;type1;795,649,182,47;795,649,977,649,977,696,795,696;1;0;huggingface:AY000554/Car_plate_detecting_dataset <https://huggingface.co/datasets/AY000554/Car_plate_detecting_dataset>;CC-BY-4.0 (CC BY 4.0);day
images/real/huggingface_AY000554_Car_plate_detecting_dataset/17726.jpg;########;type1;949,821,123,65;949,821,1072,821,1072,886,949,886;1;0;huggingface:AY000554/Car_plate_detecting_dataset <https://huggingface.co/datasets/AY000554/Car_plate_detecting_dataset>;CC-BY-4.0 (CC BY 4.0);day
images/real/huggingface_AY000554_Car_plate_detecting_dataset/1773.jpg;########;type1;319,437,307,77;319,437,626,437,626,514,319,514;1;0;huggingface:AY000554/Car_plate_detecting_dataset <https://huggingface.co/datasets/AY000554/Car_plate_detecting_dataset>;CC-BY-4.0 (CC BY 4.0);day
images/real/huggingface_AY000554_Car_plate_detecting_dataset/17731.jpg;########;type1;319,602,236,68;319,602,555,602,555,670,319,670;1;0;huggingface:AY000554/Car_plate_detecting_dataset <https://huggingface.co/datasets/AY000554/Car_plate_detecting_dataset>;CC-BY-4.0 (CC BY 4.0);day,glare
images/real/huggingface_AY000554_Car_plate_detecting_dataset/17737.jpg;########;type1;692,381,121,26;692,381,813,381,813,407,692,407;1;0;huggingface:AY000554/Car_plate_detecting_dataset <https://huggingface.co/datasets/AY000554/Car_plate_detecting_dataset>;CC-BY-4.0 (CC BY 4.0);day
images/real/huggingface_AY000554_Car_plate_detecting_dataset/17776.jpg;########;type1;324,488,99,25;324,488,423,488,423,513,324,513;1;0;huggingface:AY000554/Car_plate_detecting_dataset <https://huggingface.co/datasets/AY000554/Car_plate_detecting_dataset>;CC-BY-4.0 (CC BY 4.0);night
images/real/huggingface_AY000554_Car_plate_detecting_dataset/17782.jpg;########;type1;586,664,359,89;586,664,945,664,945,753,586,753;1;0;huggingface:AY000554/Car_plate_detecting_dataset <https://huggingface.co/datasets/AY000554/Car_plate_detecting_dataset>;CC-BY-4.0 (CC BY 4.0);day
images/real/huggingface_AY000554_Car_plate_detecting_dataset/17782.jpg;########;type1;1573,482,85,18;1573,482,1658,482,1658,500,1573,500;1;0;huggingface:AY000554/Car_plate_detecting_dataset <https://huggingface.co/datasets/AY000554/Car_plate_detecting_dataset>;CC-BY-4.0 (CC BY 4.0);day
images/real/huggingface_AY000554_Car_plate_detecting_dataset/17794.jpg;########;type1;801,375,271,86;801,375,1072,375,1072,461,801,461;1;0;huggingface:AY000554/Car_plate_detecting_dataset <https://huggingface.co/datasets/AY000554/Car_plate_detecting_dataset>;CC-BY-4.0 (CC BY 4.0);day,glare
images/real/huggingface_AY000554_Car_plate_detecting_dataset/17800.jpg;########;type1;722,503,209,44;722,503,931,503,931,547,722,547;1;0;huggingface:AY000554/Car_plate_detecting_dataset <https://huggingface.co/datasets/AY000554/Car_plate_detecting_dataset>;CC-BY-4.0 (CC BY 4.0);day
images/real/huggingface_AY000554_Car_plate_detecting_dataset/17813.jpg;########;type1;179,355,132,31;179,355,311,355,311,386,179,386;1;0;huggingface:AY000554/Car_plate_detecting_dataset <https://huggingface.co/datasets/AY000554/Car_plate_detecting_dataset>;CC-BY-4.0 (CC BY 4.0);day,glare
images/real/huggingface_AY000554_Car_plate_detecting_dataset/17857.jpg;########;type1;330,462,196,44;330,462,526,462,526,506,330,506;1;0;huggingface:AY000554/Car_plate_detecting_dataset <https://huggingface.co/datasets/AY000554/Car_plate_detecting_dataset>;CC-BY-4.0 (CC BY 4.0);day
images/real/huggingface_AY000554_Car_plate_detecting_dataset/17859.jpg;########;type1;833,894,305,106;833,894,1138,894,1138,1000,833,1000;1;0;huggingface:AY000554/Car_plate_detecting_dataset <https://huggingface.co/datasets/AY000554/Car_plate_detecting_dataset>;CC-BY-4.0 (CC BY 4.0);day
images/real/huggingface_AY000554_Car_plate_detecting_dataset/17863.jpg;########;type1;275,516,167,39;275,516,442,516,442,555,275,555;1;0;huggingface:AY000554/Car_plate_detecting_dataset <https://huggingface.co/datasets/AY000554/Car_plate_detecting_dataset>;CC-BY-4.0 (CC BY 4.0);day
images/real/huggingface_AY000554_Car_plate_detecting_dataset/17879.jpg;########;type1;293,436,224,50;293,436,517,436,517,486,293,486;1;0;huggingface:AY000554/Car_plate_detecting_dataset <https://huggingface.co/datasets/AY000554/Car_plate_detecting_dataset>;CC-BY-4.0 (CC BY 4.0);day
images/real/huggingface_AY000554_Car_plate_detecting_dataset/17899.jpg;########;type1;1287,425,122,56;1287,425,1409,425,1409,481,1287,481;1;0;huggingface:AY000554/Car_plate_detecting_dataset <https://huggingface.co/datasets/AY000554/Car_plate_detecting_dataset>;CC-BY-4.0 (CC BY 4.0);day
images/real/huggingface_AY000554_Car_plate_detecting_dataset/17928.jpg;########;type1;111,886,171,39;111,886,282,886,282,925,111,925;1;0;huggingface:AY000554/Car_plate_detecting_dataset <https://huggingface.co/datasets/AY000554/Car_plate_detecting_dataset>;CC-BY-4.0 (CC BY 4.0);day
images/real/huggingface_AY000554_Car_plate_detecting_dataset/17938.jpg;########;type1;475,691,487,96;475,691,962,691,962,787,475,787;1;0;huggingface:AY000554/Car_plate_detecting_dataset <https://huggingface.co/datasets/AY000554/Car_plate_detecting_dataset>;CC-BY-4.0 (CC BY 4.0);day
images/real/huggingface_AY000554_Car_plate_detecting_dataset/17939.jpg;########;type1;1019,651,287,82;1019,651,1306,651,1306,733,1019,733;1;0;huggingface:AY000554/Car_plate_detecting_dataset <https://huggingface.co/datasets/AY000554/Car_plate_detecting_dataset>;CC-BY-4.0 (CC BY 4.0);day
images/real/huggingface_AY000554_Car_plate_detecting_dataset/17956.jpg;########;type1;442,734,312,69;442,734,754,734,754,803,442,803;1;0;huggingface:AY000554/Car_plate_detecting_dataset <https://huggingface.co/datasets/AY000554/Car_plate_detecting_dataset>;CC-BY-4.0 (CC BY 4.0);day
images/real/huggingface_AY000554_Car_plate_detecting_dataset/17977.jpg;########;type1;1030,755,89,40;1030,755,1119,755,1119,795,1030,795;1;0;huggingface:AY000554/Car_plate_detecting_dataset <https://huggingface.co/datasets/AY000554/Car_plate_detecting_dataset>;CC-BY-4.0 (CC BY 4.0);day,glare
images/real/huggingface_AY000554_Car_plate_detecting_dataset/17981.jpg;########;type1;1251,1164,285,85;1251,1164,1536,1164,1536,1249,1251,1249;1;0;huggingface:AY000554/Car_plate_detecting_dataset <https://huggingface.co/datasets/AY000554/Car_plate_detecting_dataset>;CC-BY-4.0 (CC BY 4.0);day,glare
images/real/huggingface_AY000554_Car_plate_detecting_dataset/17989.jpg;########;type1;616,316,65,18;616,316,681,316,681,334,616,334;1;0;huggingface:AY000554/Car_plate_detecting_dataset <https://huggingface.co/datasets/AY000554/Car_plate_detecting_dataset>;CC-BY-4.0 (CC BY 4.0);day
images/real/huggingface_AY000554_Car_plate_detecting_dataset/18005.jpg;########;type1;267,471,117,32;267,471,384,471,384,503,267,503;1;0;huggingface:AY000554/Car_plate_detecting_dataset <https://huggingface.co/datasets/AY000554/Car_plate_detecting_dataset>;CC-BY-4.0 (CC BY 4.0);day
images/real/huggingface_AY000554_Car_plate_detecting_dataset/18009.jpg;########;type1;506,703,219,46;506,703,725,703,725,749,506,749;1;0;huggingface:AY000554/Car_plate_detecting_dataset <https://huggingface.co/datasets/AY000554/Car_plate_detecting_dataset>;CC-BY-4.0 (CC BY 4.0);day
images/real/huggingface_AY000554_Car_plate_detecting_dataset/18019.jpg;########;type1;424,521,68,18;424,521,492,521,492,539,424,539;1;0;huggingface:AY000554/Car_plate_detecting_dataset <https://huggingface.co/datasets/AY000554/Car_plate_detecting_dataset>;CC-BY-4.0 (CC BY 4.0);day,glare
images/real/huggingface_AY000554_Car_plate_detecting_dataset/18031.jpg;########;type1;1342,545,278,75;1342,545,1620,545,1620,620,1342,620;1;0;huggingface:AY000554/Car_plate_detecting_dataset <https://huggingface.co/datasets/AY000554/Car_plate_detecting_dataset>;CC-BY-4.0 (CC BY 4.0);day,glare
images/real/huggingface_AY000554_Car_plate_detecting_dataset/18032.jpg;########;type1;332,474,317,67;332,474,649,474,649,541,332,541;1;0;huggingface:AY000554/Car_plate_detecting_dataset <https://huggingface.co/datasets/AY000554/Car_plate_detecting_dataset>;CC-BY-4.0 (CC BY 4.0);day
images/real/huggingface_AY000554_Car_plate_detecting_dataset/18040.jpg;########;type1;556,660,267,67;556,660,823,660,823,727,556,727;1;0;huggingface:AY000554/Car_plate_detecting_dataset <https://huggingface.co/datasets/AY000554/Car_plate_detecting_dataset>;CC-BY-4.0 (CC BY 4.0);day
images/real/huggingface_AY000554_Car_plate_detecting_dataset/18043.jpg;########;type1;232,410,100,61;232,410,332,410,332,471,232,471;1;0;huggingface:AY000554/Car_plate_detecting_dataset <https://huggingface.co/datasets/AY000554/Car_plate_detecting_dataset>;CC-BY-4.0 (CC BY 4.0);day,glare
images/real/huggingface_AY000554_Car_plate_detecting_dataset/18049.jpg;########;type1;608,708,268,55;608,708,876,708,876,763,608,763;1;0;huggingface:AY000554/Car_plate_detecting_dataset <https://huggingface.co/datasets/AY000554/Car_plate_detecting_dataset>;CC-BY-4.0 (CC BY 4.0);day,glare
images/real/huggingface_AY000554_Car_plate_detecting_dataset/18053.jpg;########;type1;609,1374,144,11;609,1374,753,1374,753,1385,609,1385;1;0;huggingface:AY000554/Car_plate_detecting_dataset <https://huggingface.co/datasets/AY000554/Car_plate_detecting_dataset>;CC-BY-4.0 (CC BY 4.0);day,glare
images/real/huggingface_AY000554_Car_plate_detecting_dataset/1807.jpg;########;type1;293,712,231,96;293,712,524,712,524,808,293,808;1;0;huggingface:AY000554/Car_plate_detecting_dataset <https://huggingface.co/datasets/AY000554/Car_plate_detecting_dataset>;CC-BY-4.0 (CC BY 4.0);day,glare
images/real/huggingface_AY000554_Car_plate_detecting_dataset/18094.jpg;########;type1;576,633,372,86;576,633,948,633,948,719,576,719;1;0;huggingface:AY000554/Car_plate_detecting_dataset <https://huggingface.co/datasets/AY000554/Car_plate_detecting_dataset>;CC-BY-4.0 (CC BY 4.0);day,motion_blur
images/real/huggingface_AY000554_Car_plate_detecting_dataset/18094.jpg;########;type1;1242,240,141,41;1242,240,1383,240,1383,281,1242,281;1;0;huggingface:AY000554/Car_plate_detecting_dataset <https://huggingface.co/datasets/AY000554/Car_plate_detecting_dataset>;CC-BY-4.0 (CC BY 4.0);day,motion_blur
images/real/huggingface_AY000554_Car_plate_detecting_dataset/18101.jpg;########;type1;779,576,220,61;779,576,999,576,999,637,779,637;1;0;huggingface:AY000554/Car_plate_detecting_dataset <https://huggingface.co/datasets/AY000554/Car_plate_detecting_dataset>;CC-BY-4.0 (CC BY 4.0);day
images/real/huggingface_AY000554_Car_plate_detecting_dataset/18104.jpg;########;type1;309,440,230,56;309,440,539,440,539,496,309,496;1;0;huggingface:AY000554/Car_plate_detecting_dataset <https://huggingface.co/datasets/AY000554/Car_plate_detecting_dataset>;CC-BY-4.0 (CC BY 4.0);day
images/real/huggingface_AY000554_Car_plate_detecting_dataset/18118.jpg;########;type1;580,447,280,81;580,447,860,447,860,528,580,528;1;0;huggingface:AY000554/Car_plate_detecting_dataset <https://huggingface.co/datasets/AY000554/Car_plate_detecting_dataset>;CC-BY-4.0 (CC BY 4.0);day,glare
images/real/huggingface_AY000554_Car_plate_detecting_dataset/18124.jpg;########;type1;314,981,287,67;314,981,601,981,601,1048,314,1048;1;0;huggingface:AY000554/Car_plate_detecting_dataset <https://huggingface.co/datasets/AY000554/Car_plate_detecting_dataset>;CC-BY-4.0 (CC BY 4.0);day
images/real/huggingface_AY000554_Car_plate_detecting_dataset/18126.jpg;########;type1;387,1129,157,36;387,1129,544,1129,544,1165,387,1165;1;0;huggingface:AY000554/Car_plate_detecting_dataset <https://huggingface.co/datasets/AY000554/Car_plate_detecting_dataset>;CC-BY-4.0 (CC BY 4.0);day,glare
images/real/huggingface_AY000554_Car_plate_detecting_dataset/18148.jpg;########;type1;433,778,138,31;433,778,571,778,571,809,433,809;1;0;huggingface:AY000554/Car_plate_detecting_dataset <https://huggingface.co/datasets/AY000554/Car_plate_detecting_dataset>;CC-BY-4.0 (CC BY 4.0);day,motion_blur
images/real/huggingface_AY000554_Car_plate_detecting_dataset/1815.jpg;########;type1;345,509,306,84;345,509,651,509,651,593,345,593;1;0;huggingface:AY000554/Car_plate_detecting_dataset <https://huggingface.co/datasets/AY000554/Car_plate_detecting_dataset>;CC-BY-4.0 (CC BY 4.0);day,glare
images/real/huggingface_AY000554_Car_plate_detecting_dataset/18154.jpg;########;type1;819,826,219,48;819,826,1038,826,1038,874,819,874;1;0;huggingface:AY000554/Car_plate_detecting_dataset <https://huggingface.co/datasets/AY000554/Car_plate_detecting_dataset>;CC-BY-4.0 (CC BY 4.0);day,glare,motion_blur
images/real/huggingface_AY000554_Car_plate_detecting_dataset/18206.jpg;########;type1;801,587,71,53;801,587,872,587,872,640,801,640;1;0;huggingface:AY000554/Car_plate_detecting_dataset <https://huggingface.co/datasets/AY000554/Car_plate_detecting_dataset>;CC-BY-4.0 (CC BY 4.0);day,glare
images/real/huggingface_AY000554_Car_plate_detecting_dataset/18213.jpg;########;type1;235,467,203,43;235,467,438,467,438,510,235,510;1;0;huggingface:AY000554/Car_plate_detecting_dataset <https://huggingface.co/datasets/AY000554/Car_plate_detecting_dataset>;CC-BY-4.0 (CC BY 4.0);day
images/real/huggingface_AY000554_Car_plate_detecting_dataset/18220.jpg;########;type1;527,869,451,97;527,869,978,869,978,966,527,966;1;0;huggingface:AY000554/Car_plate_detecting_dataset <https://huggingface.co/datasets/AY000554/Car_plate_detecting_dataset>;CC-BY-4.0 (CC BY 4.0);day
images/real/huggingface_AY000554_Car_plate_detecting_dataset/1828.jpg;########;type1;1709,948,157,166;1709,948,1866,948,1866,1114,1709,1114;1;0;huggingface:AY000554/Car_plate_detecting_dataset <https://huggingface.co/datasets/AY000554/Car_plate_detecting_dataset>;CC-BY-4.0 (CC BY 4.0);day,glare
images/real/huggingface_AY000554_Car_plate_detecting_dataset/18280.jpg;########;type1;1413,847,123,105;1413,847,1536,847,1536,952,1413,952;1;0;huggingface:AY000554/Car_plate_detecting_dataset <https://huggingface.co/datasets/AY000554/Car_plate_detecting_dataset>;CC-BY-4.0 (CC BY 4.0);day,glare
images/real/huggingface_AY000554_Car_plate_detecting_dataset/18304.jpg;########;type1;884,466,144,82;884,466,1028,466,1028,548,884,548;1;0;huggingface:AY000554/Car_plate_detecting_dataset <https://huggingface.co/datasets/AY000554/Car_plate_detecting_dataset>;CC-BY-4.0 (CC BY 4.0);day,glare
images/real/huggingface_AY000554_Car_plate_detecting_dataset/18333.jpg;########;type1;595,977,457,127;595,977,1052,977,1052,1104,595,1104;1;0;huggingface:AY000554/Car_plate_detecting_dataset <https://huggingface.co/datasets/AY000554/Car_plate_detecting_dataset>;CC-BY-4.0 (CC BY 4.0);day,glare
images/real/huggingface_AY000554_Car_plate_detecting_dataset/18342.jpg;########;type1;553,568,447,95;553,568,1000,568,1000,663,553,663;1;0;huggingface:AY000554/Car_plate_detecting_dataset <https://huggingface.co/datasets/AY000554/Car_plate_detecting_dataset>;CC-BY-4.0 (CC BY 4.0);day
images/real/huggingface_AY000554_Car_plate_detecting_dataset/18344.jpg;########;type1;413,972,259,60;413,972,672,972,672,1032,413,1032;1;0;huggingface:AY000554/Car_plate_detecting_dataset <https://huggingface.co/datasets/AY000554/Car_plate_detecting_dataset>;CC-BY-4.0 (CC BY 4.0);day,motion_blur
images/real/huggingface_AY000554_Car_plate_detecting_dataset/18348.jpg;########;type1;425,447,141,35;425,447,566,447,566,482,425,482;1;0;huggingface:AY000554/Car_plate_detecting_dataset <https://huggingface.co/datasets/AY000554/Car_plate_detecting_dataset>;CC-BY-4.0 (CC BY 4.0);day
images/real/huggingface_AY000554_Car_plate_detecting_dataset/1835.jpg;########;type1;423,699,249,101;423,699,672,699,672,800,423,800;1;0;huggingface:AY000554/Car_plate_detecting_dataset <https://huggingface.co/datasets/AY000554/Car_plate_detecting_dataset>;CC-BY-4.0 (CC BY 4.0);day
images/real/huggingface_AY000554_Car_plate_detecting_dataset/18353.jpg;########;type1;172,599,109,62;172,599,281,599,281,661,172,661;1;0;huggingface:AY000554/Car_plate_detecting_dataset <https://huggingface.co/datasets/AY000554/Car_plate_detecting_dataset>;CC-BY-4.0 (CC BY 4.0);day,glare
images/real/huggingface_AY000554_Car_plate_detecting_dataset/18366.jpg;########;type1;939,736,329,104;939,736,1268,736,1268,840,939,840;1;0;huggingface:AY000554/Car_plate_detecting_dataset <https://huggingface.co/datasets/AY000554/Car_plate_detecting_dataset>;CC-BY-4.0 (CC BY 4.0);day,glare
images/real/huggingface_AY000554_Car_plate_detecting_dataset/18369.jpg;########;type1;671,702,368,114;671,702,1039,702,1039,816,671,816;1;0;huggingface:AY000554/Car_plate_detecting_dataset <https://huggingface.co/datasets/AY000554/Car_plate_detecting_dataset>;CC-BY-4.0 (CC BY 4.0);night,motion_blur
images/real/huggingface_AY000554_Car_plate_detecting_dataset/18377.jpg;########;type1;957,897,110,34;957,897,1067,897,1067,931,957,931;1;0;huggingface:AY000554/Car_plate_detecting_dataset <https://huggingface.co/datasets/AY000554/Car_plate_detecting_dataset>;CC-BY-4.0 (CC BY 4.0);day
images/real/huggingface_AY000554_Car_plate_detecting_dataset/18393.jpg;########;type1;787,773,273,89;787,773,1060,773,1060,862,787,862;1;0;huggingface:AY000554/Car_plate_detecting_dataset <https://huggingface.co/datasets/AY000554/Car_plate_detecting_dataset>;CC-BY-4.0 (CC BY 4.0);day
images/real/huggingface_AY000554_Car_plate_detecting_dataset/18397.jpg;########;type1;288,582,296,75;288,582,584,582,584,657,288,657;1;0;huggingface:AY000554/Car_plate_detecting_dataset <https://huggingface.co/datasets/AY000554/Car_plate_detecting_dataset>;CC-BY-4.0 (CC BY 4.0);day
images/real/huggingface_AY000554_Car_plate_detecting_dataset/18426.jpg;########;type1;785,741,299,160;785,741,1084,741,1084,901,785,901;1;0;huggingface:AY000554/Car_plate_detecting_dataset <https://huggingface.co/datasets/AY000554/Car_plate_detecting_dataset>;CC-BY-4.0 (CC BY 4.0);day,glare
images/real/huggingface_AY000554_Car_plate_detecting_dataset/18444.jpg;########;type1;483,680,79,44;483,680,562,680,562,724,483,724;1;0;huggingface:AY000554/Car_plate_detecting_dataset <https://huggingface.co/datasets/AY000554/Car_plate_detecting_dataset>;CC-BY-4.0 (CC BY 4.0);day
images/real/huggingface_AY000554_Car_plate_detecting_dataset/18447.jpg;########;type1;414,833,195,54;414,833,609,833,609,887,414,887;1;0;huggingface:AY000554/Car_plate_detecting_dataset <https://huggingface.co/datasets/AY000554/Car_plate_detecting_dataset>;CC-BY-4.0 (CC BY 4.0);day,motion_blur
images/real/huggingface_AY000554_Car_plate_detecting_dataset/18453.jpg;########;type1;635,500,262,57;635,500,897,500,897,557,635,557;1;0;huggingface:AY000554/Car_plate_detecting_dataset <https://huggingface.co/datasets/AY000554/Car_plate_detecting_dataset>;CC-BY-4.0 (CC BY 4.0);night,motion_blur
images/real/huggingface_AY000554_Car_plate_detecting_dataset/18458.jpg;########;type1;505,643,208,44;505,643,713,643,713,687,505,687;1;0;huggingface:AY000554/Car_plate_detecting_dataset <https://huggingface.co/datasets/AY000554/Car_plate_detecting_dataset>;CC-BY-4.0 (CC BY 4.0);day,glare
images/real/huggingface_AY000554_Car_plate_detecting_dataset/18469.jpg;########;type1;110,384,118,60;110,384,228,384,228,444,110,444;1;0;huggingface:AY000554/Car_plate_detecting_dataset <https://huggingface.co/datasets/AY000554/Car_plate_detecting_dataset>;CC-BY-4.0 (CC BY 4.0);day,glare
images/real/huggingface_AY000554_Car_plate_detecting_dataset/18472.jpg;########;type1;361,688,285,57;361,688,646,688,646,745,361,745;1;0;huggingface:AY000554/Car_plate_detecting_dataset <https://huggingface.co/datasets/AY000554/Car_plate_detecting_dataset>;CC-BY-4.0 (CC BY 4.0);day
images/real/huggingface_AY000554_Car_plate_detecting_dataset/18475.jpg;########;type1;748,607,254,52;748,607,1002,607,1002,659,748,659;1;0;huggingface:AY000554/Car_plate_detecting_dataset <https://huggingface.co/datasets/AY000554/Car_plate_detecting_dataset>;CC-BY-4.0 (CC BY 4.0);day
images/real/huggingface_AY000554_Car_plate_detecting_dataset/18504.jpg;########;type1;296,514,184,55;296,514,480,514,480,569,296,569;1;0;huggingface:AY000554/Car_plate_detecting_dataset <https://huggingface.co/datasets/AY000554/Car_plate_detecting_dataset>;CC-BY-4.0 (CC BY 4.0);day,glare
images/real/huggingface_AY000554_Car_plate_detecting_dataset/18517.jpg;########;type1;521,403,50,13;521,403,571,403,571,416,521,416;1;0;huggingface:AY000554/Car_plate_detecting_dataset <https://huggingface.co/datasets/AY000554/Car_plate_detecting_dataset>;CC-BY-4.0 (CC BY 4.0);day
images/real/huggingface_AY000554_Car_plate_detecting_dataset/18530.jpg;########;type1;385,1088,340,80;385,1088,725,1088,725,1168,385,1168;1;0;huggingface:AY000554/Car_plate_detecting_dataset <https://huggingface.co/datasets/AY000554/Car_plate_detecting_dataset>;CC-BY-4.0 (CC BY 4.0);day,glare
images/real/huggingface_AY000554_Car_plate_detecting_dataset/18534.jpg;########;type1;278,332,58,26;278,332,336,332,336,358,278,358;1;0;huggingface:AY000554/Car_plate_detecting_dataset <https://huggingface.co/datasets/AY000554/Car_plate_detecting_dataset>;CC-BY-4.0 (CC BY 4.0);day,glare
images/real/huggingface_AY000554_Car_plate_detecting_dataset/18548.jpg;########;type1;452,580,237,69;452,580,689,580,689,649,452,649;1;0;huggingface:AY000554/Car_plate_detecting_dataset <https://huggingface.co/datasets/AY000554/Car_plate_detecting_dataset>;CC-BY-4.0 (CC BY 4.0);day,glare
images/real/huggingface_AY000554_Car_plate_detecting_dataset/18550.jpg;########;type1;684,606,77,25;684,606,761,606,761,631,684,631;1;0;huggingface:AY000554/Car_plate_detecting_dataset <https://huggingface.co/datasets/AY000554/Car_plate_detecting_dataset>;CC-BY-4.0 (CC BY 4.0);day,glare
images/real/huggingface_AY000554_Car_plate_detecting_dataset/18557.jpg;########;type1;282,309,186,49;282,309,468,309,468,358,282,358;1;0;huggingface:AY000554/Car_plate_detecting_dataset <https://huggingface.co/datasets/AY000554/Car_plate_detecting_dataset>;CC-BY-4.0 (CC BY 4.0);day,motion_blur
images/real/huggingface_AY000554_Car_plate_detecting_dataset/18557.jpg;########;type1;735,386,101,34;735,386,836,386,836,420,735,420;1;0;huggingface:AY000554/Car_plate_detecting_dataset <https://huggingface.co/datasets/AY000554/Car_plate_detecting_dataset>;CC-BY-4.0 (CC BY 4.0);day,motion_blur
images/real/huggingface_AY000554_Car_plate_detecting_dataset/18567.jpg;########;type1;874,500,179,86;874,500,1053,500,1053,586,874,586;1;0;huggingface:AY000554/Car_plate_detecting_dataset <https://huggingface.co/datasets/AY000554/Car_plate_detecting_dataset>;CC-BY-4.0 (CC BY 4.0);day,glare
images/real/huggingface_AY000554_Car_plate_detecting_dataset/18614.jpg;########;type1;174,597,255,85;174,597,429,597,429,682,174,682;1;0;huggingface:AY000554/Car_plate_detecting_dataset <https://huggingface.co/datasets/AY000554/Car_plate_detecting_dataset>;CC-BY-4.0 (CC BY 4.0);day
images/real/huggingface_AY000554_Car_plate_detecting_dataset/18622.jpg;########;type1;270,618,208,48;270,618,478,618,478,666,270,666;1;0;huggingface:AY000554/Car_plate_detecting_dataset <https://huggingface.co/datasets/AY000554/Car_plate_detecting_dataset>;CC-BY-4.0 (CC BY 4.0);day
images/real/huggingface_AY000554_Car_plate_detecting_dataset/18624.jpg;########;type1;273,504,182,55;273,504,455,504,455,559,273,559;1;0;huggingface:AY000554/Car_plate_detecting_dataset <https://huggingface.co/datasets/AY000554/Car_plate_detecting_dataset>;CC-BY-4.0 (CC BY 4.0);day,glare
images/real/huggingface_AY000554_Car_plate_detecting_dataset/18637.jpg;########;type1;1194,1170,201,59;1194,1170,1395,1170,1395,1229,1194,1229;1;0;huggingface:AY000554/Car_plate_detecting_dataset <https://huggingface.co/datasets/AY000554/Car_plate_detecting_dataset>;CC-BY-4.0 (CC BY 4.0);day
images/real/huggingface_AY000554_Car_plate_detecting_dataset/18646.jpg;########;type1;490,329,110,29;490,329,600,329,600,358,490,358;1;0;huggingface:AY000554/Car_plate_detecting_dataset <https://huggingface.co/datasets/AY000554/Car_plate_detecting_dataset>;CC-BY-4.0 (CC BY 4.0);day,glare
images/real/huggingface_AY000554_Car_plate_detecting_dataset/18664.jpg;########;type1;76,331,97,51;76,331,173,331,173,382,76,382;1;0;huggingface:AY000554/Car_plate_detecting_dataset <https://huggingface.co/datasets/AY000554/Car_plate_detecting_dataset>;CC-BY-4.0 (CC BY 4.0);day
images/real/huggingface_AY000554_Car_plate_detecting_dataset/18700.jpg;########;type1;323,485,169,42;323,485,492,485,492,527,323,527;1;0;huggingface:AY000554/Car_plate_detecting_dataset <https://huggingface.co/datasets/AY000554/Car_plate_detecting_dataset>;CC-BY-4.0 (CC BY 4.0);day
images/real/huggingface_AY000554_Car_plate_detecting_dataset/18701.jpg;########;type1;374,493,380,111;374,493,754,493,754,604,374,604;1;0;huggingface:AY000554/Car_plate_detecting_dataset <https://huggingface.co/datasets/AY000554/Car_plate_detecting_dataset>;CC-BY-4.0 (CC BY 4.0);day,glare,motion_blur
images/real/huggingface_AY000554_Car_plate_detecting_dataset/18706.jpg;########;type1;580,236,102,32;580,236,682,236,682,268,580,268;1;0;huggingface:AY000554/Car_plate_detecting_dataset <https://huggingface.co/datasets/AY000554/Car_plate_detecting_dataset>;CC-BY-4.0 (CC BY 4.0);day
images/real/huggingface_AY000554_Car_plate_detecting_dataset/1871.jpg;########;type1;65,674,184,72;65,674,249,674,249,746,65,746;1;0;huggingface:AY000554/Car_plate_detecting_dataset <https://huggingface.co/datasets/AY000554/Car_plate_detecting_dataset>;CC-BY-4.0 (CC BY 4.0);day,glare
images/real/huggingface_AY000554_Car_plate_detecting_dataset/18714.jpg;########;type1b;128,416,99,25;128,416,227,416,227,441,128,441;1;0;huggingface:AY000554/Car_plate_detecting_dataset <https://huggingface.co/datasets/AY000554/Car_plate_detecting_dataset>;CC-BY-4.0 (CC BY 4.0);day,glare
images/real/huggingface_AY000554_Car_plate_detecting_dataset/18732.jpg;########;type1;446,684,270,56;446,684,716,684,716,740,446,740;1;0;huggingface:AY000554/Car_plate_detecting_dataset <https://huggingface.co/datasets/AY000554/Car_plate_detecting_dataset>;CC-BY-4.0 (CC BY 4.0);day
images/real/huggingface_AY000554_Car_plate_detecting_dataset/1876.jpg;########;type1;185,218,175,37;185,218,360,218,360,255,185,255;1;0;huggingface:AY000554/Car_plate_detecting_dataset <https://huggingface.co/datasets/AY000554/Car_plate_detecting_dataset>;CC-BY-4.0 (CC BY 4.0);day,glare
images/real/huggingface_AY000554_Car_plate_detecting_dataset/18800.jpg;########;type1;369,857,219,61;369,857,588,857,588,918,369,918;1;0;huggingface:AY000554/Car_plate_detecting_dataset <https://huggingface.co/datasets/AY000554/Car_plate_detecting_dataset>;CC-BY-4.0 (CC BY 4.0);day,motion_blur
images/real/huggingface_AY000554_Car_plate_detecting_dataset/18807.jpg;########;type1;676,544,172,63;676,544,848,544,848,607,676,607;1;0;huggingface:AY000554/Car_plate_detecting_dataset <https://huggingface.co/datasets/AY000554/Car_plate_detecting_dataset>;CC-BY-4.0 (CC BY 4.0);day,glare
images/real/huggingface_AY000554_Car_plate_detecting_dataset/18808.jpg;########;type1;494,634,345,105;494,634,839,634,839,739,494,739;1;0;huggingface:AY000554/Car_plate_detecting_dataset <https://huggingface.co/datasets/AY000554/Car_plate_detecting_dataset>;CC-BY-4.0 (CC BY 4.0);day
images/real/huggingface_AY000554_Car_plate_detecting_dataset/18829.jpg;########;type1;183,764,173,52;183,764,356,764,356,816,183,816;1;0;huggingface:AY000554/Car_plate_detecting_dataset <https://huggingface.co/datasets/AY000554/Car_plate_detecting_dataset>;CC-BY-4.0 (CC BY 4.0);day
images/real/huggingface_AY000554_Car_plate_detecting_dataset/18842.jpg;########;type1;1078,708,211,105;1078,708,1289,708,1289,813,1078,813;1;0;huggingface:AY000554/Car_plate_detecting_dataset <https://huggingface.co/datasets/AY000554/Car_plate_detecting_dataset>;CC-BY-4.0 (CC BY 4.0);day
images/real/huggingface_AY000554_Car_plate_detecting_dataset/18860.jpg;########;type1;424,806,335,82;424,806,759,806,759,888,424,888;1;0;huggingface:AY000554/Car_plate_detecting_dataset <https://huggingface.co/datasets/AY000554/Car_plate_detecting_dataset>;CC-BY-4.0 (CC BY 4.0);day
images/real/huggingface_AY000554_Car_plate_detecting_dataset/18864.jpg;########;type1;958,834,208,73;958,834,1166,834,1166,907,958,907;1;0;huggingface:AY000554/Car_plate_detecting_dataset <https://huggingface.co/datasets/AY000554/Car_plate_detecting_dataset>;CC-BY-4.0 (CC BY 4.0);day
images/real/huggingface_AY000554_Car_plate_detecting_dataset/18879.jpg;########;type1;123,604,100,43;123,604,223,604,223,647,123,647;1;0;huggingface:AY000554/Car_plate_detecting_dataset <https://huggingface.co/datasets/AY000554/Car_plate_detecting_dataset>;CC-BY-4.0 (CC BY 4.0);day,glare
images/real/huggingface_AY000554_Car_plate_detecting_dataset/18887.jpg;########;type1;347,491,123,29;347,491,470,491,470,520,347,520;1;0;huggingface:AY000554/Car_plate_detecting_dataset <https://huggingface.co/datasets/AY000554/Car_plate_detecting_dataset>;CC-BY-4.0 (CC BY 4.0);day
images/real/huggingface_AY000554_Car_plate_detecting_dataset/18909.jpg;########;type1;301,552,248,60;301,552,549,552,549,612,301,612;1;0;huggingface:AY000554/Car_plate_detecting_dataset <https://huggingface.co/datasets/AY000554/Car_plate_detecting_dataset>;CC-BY-4.0 (CC BY 4.0);day
images/real/huggingface_AY000554_Car_plate_detecting_dataset/18935.jpg;########;type1;197,340,209,74;197,340,406,340,406,414,197,414;1;0;huggingface:AY000554/Car_plate_detecting_dataset <https://huggingface.co/datasets/AY000554/Car_plate_detecting_dataset>;CC-BY-4.0 (CC BY 4.0);day
images/real/huggingface_AY000554_Car_plate_detecting_dataset/18958.jpg;########;type1;877,811,129,31;877,811,1006,811,1006,842,877,842;1;0;huggingface:AY000554/Car_plate_detecting_dataset <https://huggingface.co/datasets/AY000554/Car_plate_detecting_dataset>;CC-BY-4.0 (CC BY 4.0);day,glare
images/real/huggingface_AY000554_Car_plate_detecting_dataset/18960.jpg;########;type1;236,422,191,49;236,422,427,422,427,471,236,471;1;0;huggingface:AY000554/Car_plate_detecting_dataset <https://huggingface.co/datasets/AY000554/Car_plate_detecting_dataset>;CC-BY-4.0 (CC BY 4.0);day
images/real/huggingface_AY000554_Car_plate_detecting_dataset/18976.jpg;########;type1;350,579,135,39;350,579,485,579,485,618,350,618;1;0;huggingface:AY000554/Car_plate_detecting_dataset <https://huggingface.co/datasets/AY000554/Car_plate_detecting_dataset>;CC-BY-4.0 (CC BY 4.0);day,glare
images/real/huggingface_AY000554_Car_plate_detecting_dataset/18983.jpg;########;type1;292,319,133,30;292,319,425,319,425,349,292,349;1;0;huggingface:AY000554/Car_plate_detecting_dataset <https://huggingface.co/datasets/AY000554/Car_plate_detecting_dataset>;CC-BY-4.0 (CC BY 4.0);day
images/real/huggingface_AY000554_Car_plate_detecting_dataset/18983.jpg;########;type1;713,413,101,24;713,413,814,413,814,437,713,437;1;0;huggingface:AY000554/Car_plate_detecting_dataset <https://huggingface.co/datasets/AY000554/Car_plate_detecting_dataset>;CC-BY-4.0 (CC BY 4.0);day
images/real/huggingface_AY000554_Car_plate_detecting_dataset/19014.jpg;########;type1;845,717,205,47;845,717,1050,717,1050,764,845,764;1;0;huggingface:AY000554/Car_plate_detecting_dataset <https://huggingface.co/datasets/AY000554/Car_plate_detecting_dataset>;CC-BY-4.0 (CC BY 4.0);day
images/real/huggingface_AY000554_Car_plate_detecting_dataset/19015.jpg;########;type1;386,506,185,42;386,506,571,506,571,548,386,548;1;0;huggingface:AY000554/Car_plate_detecting_dataset <https://huggingface.co/datasets/AY000554/Car_plate_detecting_dataset>;CC-BY-4.0 (CC BY 4.0);day
images/real/huggingface_AY000554_Car_plate_detecting_dataset/19021.jpg;########;type1;677,541,379,104;677,541,1056,541,1056,645,677,645;1;0;huggingface:AY000554/Car_plate_detecting_dataset <https://huggingface.co/datasets/AY000554/Car_plate_detecting_dataset>;CC-BY-4.0 (CC BY 4.0);day
images/real/huggingface_AY000554_Car_plate_detecting_dataset/19038.jpg;########;type1;621,924,171,37;621,924,792,924,792,961,621,961;1;0;huggingface:AY000554/Car_plate_detecting_dataset <https://huggingface.co/datasets/AY000554/Car_plate_detecting_dataset>;CC-BY-4.0 (CC BY 4.0);day
images/real/huggingface_AY000554_Car_plate_detecting_dataset/19050.jpg;########;type1;270,645,190,36;270,645,460,645,460,681,270,681;1;0;huggingface:AY000554/Car_plate_detecting_dataset <https://huggingface.co/datasets/AY000554/Car_plate_detecting_dataset>;CC-BY-4.0 (CC BY 4.0);day
images/real/huggingface_AY000554_Car_plate_detecting_dataset/19059.jpg;########;type1;411,715,334,71;411,715,745,715,745,786,411,786;1;0;huggingface:AY000554/Car_plate_detecting_dataset <https://huggingface.co/datasets/AY000554/Car_plate_detecting_dataset>;CC-BY-4.0 (CC BY 4.0);day,glare
images/real/huggingface_AY000554_Car_plate_detecting_dataset/19073.jpg;########;type1;261,508,162,37;261,508,423,508,423,545,261,545;1;0;huggingface:AY000554/Car_plate_detecting_dataset <https://huggingface.co/datasets/AY000554/Car_plate_detecting_dataset>;CC-BY-4.0 (CC BY 4.0);day
images/real/huggingface_AY000554_Car_plate_detecting_dataset/19091.jpg;########;type1;763,1623,653,111;763,1623,1416,1623,1416,1734,763,1734;1;0;huggingface:AY000554/Car_plate_detecting_dataset <https://huggingface.co/datasets/AY000554/Car_plate_detecting_dataset>;CC-BY-4.0 (CC BY 4.0);day,glare
images/real/huggingface_AY000554_Car_plate_detecting_dataset/19117.jpg;########;type1;629,715,411,89;629,715,1040,715,1040,804,629,804;1;0;huggingface:AY000554/Car_plate_detecting_dataset <https://huggingface.co/datasets/AY000554/Car_plate_detecting_dataset>;CC-BY-4.0 (CC BY 4.0);day,motion_blur
images/real/huggingface_AY000554_Car_plate_detecting_dataset/19117.jpg;########;type1;0,294,128,31;0,294,128,294,128,325,0,325;1;0;huggingface:AY000554/Car_plate_detecting_dataset <https://huggingface.co/datasets/AY000554/Car_plate_detecting_dataset>;CC-BY-4.0 (CC BY 4.0);day,motion_blur
images/real/huggingface_AY000554_Car_plate_detecting_dataset/19126.jpg;########;type1;138,194,136,38;138,194,274,194,274,232,138,232;1;0;huggingface:AY000554/Car_plate_detecting_dataset <https://huggingface.co/datasets/AY000554/Car_plate_detecting_dataset>;CC-BY-4.0 (CC BY 4.0);day
images/real/huggingface_AY000554_Car_plate_detecting_dataset/19134.jpg;########;type1;722,373,206,57;722,373,928,373,928,430,722,430;1;0;huggingface:AY000554/Car_plate_detecting_dataset <https://huggingface.co/datasets/AY000554/Car_plate_detecting_dataset>;CC-BY-4.0 (CC BY 4.0);day,glare
images/real/huggingface_AY000554_Car_plate_detecting_dataset/19163.jpg;########;type1;142,204,105,22;142,204,247,204,247,226,142,226;1;0;huggingface:AY000554/Car_plate_detecting_dataset <https://huggingface.co/datasets/AY000554/Car_plate_detecting_dataset>;CC-BY-4.0 (CC BY 4.0);day
images/real/huggingface_AY000554_Car_plate_detecting_dataset/19167.jpg;########;type1;763,575,176,54;763,575,939,575,939,629,763,629;1;0;huggingface:AY000554/Car_plate_detecting_dataset <https://huggingface.co/datasets/AY000554/Car_plate_detecting_dataset>;CC-BY-4.0 (CC BY 4.0);day
images/real/huggingface_AY000554_Car_plate_detecting_dataset/19174.jpg;########;type1;179,488,163,37;179,488,342,488,342,525,179,525;1;0;huggingface:AY000554/Car_plate_detecting_dataset <https://huggingface.co/datasets/AY000554/Car_plate_detecting_dataset>;CC-BY-4.0 (CC BY 4.0);day
images/real/huggingface_AY000554_Car_plate_detecting_dataset/19175.jpg;########;type1;243,490,92,33;243,490,335,490,335,523,243,523;1;0;huggingface:AY000554/Car_plate_detecting_dataset <https://huggingface.co/datasets/AY000554/Car_plate_detecting_dataset>;CC-BY-4.0 (CC BY 4.0);day,glare
images/real/huggingface_AY000554_Car_plate_detecting_dataset/19186.jpg;########;type1;831,776,152,31;831,776,983,776,983,807,831,807;1;0;huggingface:AY000554/Car_plate_detecting_dataset <https://huggingface.co/datasets/AY000554/Car_plate_detecting_dataset>;CC-BY-4.0 (CC BY 4.0);day
images/real/huggingface_AY000554_Car_plate_detecting_dataset/19238.jpg;########;type1;498,792,152,37;498,792,650,792,650,829,498,829;1;0;huggingface:AY000554/Car_plate_detecting_dataset <https://huggingface.co/datasets/AY000554/Car_plate_detecting_dataset>;CC-BY-4.0 (CC BY 4.0);day
images/real/huggingface_AY000554_Car_plate_detecting_dataset/19247.jpg;########;type1;414,707,349,73;414,707,763,707,763,780,414,780;1;0;huggingface:AY000554/Car_plate_detecting_dataset <https://huggingface.co/datasets/AY000554/Car_plate_detecting_dataset>;CC-BY-4.0 (CC BY 4.0);day,glare,motion_blur
images/real/huggingface_AY000554_Car_plate_detecting_dataset/19253.jpg;########;type1;1251,907,215,65;1251,907,1466,907,1466,972,1251,972;1;0;huggingface:AY000554/Car_plate_detecting_dataset <https://huggingface.co/datasets/AY000554/Car_plate_detecting_dataset>;CC-BY-4.0 (CC BY 4.0);day,glare
images/real/huggingface_AY000554_Car_plate_detecting_dataset/19258.jpg;########;type1;599,731,192,43;599,731,791,731,791,774,599,774;1;0;huggingface:AY000554/Car_plate_detecting_dataset <https://huggingface.co/datasets/AY000554/Car_plate_detecting_dataset>;CC-BY-4.0 (CC BY 4.0);day
images/real/huggingface_AY000554_Car_plate_detecting_dataset/1926.jpg;########;type1;455,585,153,75;455,585,608,585,608,660,455,660;1;0;huggingface:AY000554/Car_plate_detecting_dataset <https://huggingface.co/datasets/AY000554/Car_plate_detecting_dataset>;CC-BY-4.0 (CC BY 4.0);day,glare
images/real/huggingface_AY000554_Car_plate_detecting_dataset/19272.jpg;########;type1;510,401,122,33;510,401,632,401,632,434,510,434;1;0;huggingface:AY000554/Car_plate_detecting_dataset <https://huggingface.co/datasets/AY000554/Car_plate_detecting_dataset>;CC-BY-4.0 (CC BY 4.0);day,glare
images/real/huggingface_AY000554_Car_plate_detecting_dataset/19343.jpg;########;type1;737,774,199,43;737,774,936,774,936,817,737,817;1;0;huggingface:AY000554/Car_plate_detecting_dataset <https://huggingface.co/datasets/AY000554/Car_plate_detecting_dataset>;CC-BY-4.0 (CC BY 4.0);day,motion_blur
images/real/huggingface_AY000554_Car_plate_detecting_dataset/19350.jpg;########;type1;192,531,247,72;192,531,439,531,439,603,192,603;1;0;huggingface:AY000554/Car_plate_detecting_dataset <https://huggingface.co/datasets/AY000554/Car_plate_detecting_dataset>;CC-BY-4.0 (CC BY 4.0);day,glare
images/real/huggingface_AY000554_Car_plate_detecting_dataset/19358.jpg;########;type1;69,485,215,70;69,485,284,485,284,555,69,555;1;0;huggingface:AY000554/Car_plate_detecting_dataset <https://huggingface.co/datasets/AY000554/Car_plate_detecting_dataset>;CC-BY-4.0 (CC BY 4.0);day
images/real/huggingface_AY000554_Car_plate_detecting_dataset/19381.jpg;########;type1;848,947,145,35;848,947,993,947,993,982,848,982;1;0;huggingface:AY000554/Car_plate_detecting_dataset <https://huggingface.co/datasets/AY000554/Car_plate_detecting_dataset>;CC-BY-4.0 (CC BY 4.0);day
images/real/huggingface_AY000554_Car_plate_detecting_dataset/194.jpg;########;type1;321,759,162,43;321,759,483,759,483,802,321,802;1;0;huggingface:AY000554/Car_plate_detecting_dataset <https://huggingface.co/datasets/AY000554/Car_plate_detecting_dataset>;CC-BY-4.0 (CC BY 4.0);day
images/real/huggingface_AY000554_Car_plate_detecting_dataset/19400.jpg;########;type1;485,415,131,64;485,415,616,415,616,479,485,479;1;0;huggingface:AY000554/Car_plate_detecting_dataset <https://huggingface.co/datasets/AY000554/Car_plate_detecting_dataset>;CC-BY-4.0 (CC BY 4.0);day
images/real/huggingface_AY000554_Car_plate_detecting_dataset/19404.jpg;########;type1;402,639,453,120;402,639,855,639,855,759,402,759;1;0;huggingface:AY000554/Car_plate_detecting_dataset <https://huggingface.co/datasets/AY000554/Car_plate_detecting_dataset>;CC-BY-4.0 (CC BY 4.0);day
images/real/huggingface_AY000554_Car_plate_detecting_dataset/1941.jpg;########;type1;295,365,192,47;295,365,487,365,487,412,295,412;1;0;huggingface:AY000554/Car_plate_detecting_dataset <https://huggingface.co/datasets/AY000554/Car_plate_detecting_dataset>;CC-BY-4.0 (CC BY 4.0);day
images/real/huggingface_AY000554_Car_plate_detecting_dataset/19431.jpg;########;type1;628,230,84,49;628,230,712,230,712,279,628,279;1;0;huggingface:AY000554/Car_plate_detecting_dataset <https://huggingface.co/datasets/AY000554/Car_plate_detecting_dataset>;CC-BY-4.0 (CC BY 4.0);day
images/real/huggingface_AY000554_Car_plate_detecting_dataset/19438.jpg;########;type1;1256,878,280,100;1256,878,1536,878,1536,978,1256,978;1;0;huggingface:AY000554/Car_plate_detecting_dataset <https://huggingface.co/datasets/AY000554/Car_plate_detecting_dataset>;CC-BY-4.0 (CC BY 4.0);day,glare
images/real/huggingface_AY000554_Car_plate_detecting_dataset/19471.jpg;########;type1;472,654,180,45;472,654,652,654,652,699,472,699;1;0;huggingface:AY000554/Car_plate_detecting_dataset <https://huggingface.co/datasets/AY000554/Car_plate_detecting_dataset>;CC-BY-4.0 (CC BY 4.0);day
images/real/huggingface_AY000554_Car_plate_detecting_dataset/19474.jpg;########;type1;270,266,119,28;270,266,389,266,389,294,270,294;1;0;huggingface:AY000554/Car_plate_detecting_dataset <https://huggingface.co/datasets/AY000554/Car_plate_detecting_dataset>;CC-BY-4.0 (CC BY 4.0);day
images/real/huggingface_AY000554_Car_plate_detecting_dataset/19494.jpg;########;type1;585,412,152,89;585,412,737,412,737,501,585,501;1;0;huggingface:AY000554/Car_plate_detecting_dataset <https://huggingface.co/datasets/AY000554/Car_plate_detecting_dataset>;CC-BY-4.0 (CC BY 4.0);day
images/real/huggingface_AY000554_Car_plate_detecting_dataset/19495.jpg;########;type1;172,265,81,18;172,265,253,265,253,283,172,283;1;0;huggingface:AY000554/Car_plate_detecting_dataset <https://huggingface.co/datasets/AY000554/Car_plate_detecting_dataset>;CC-BY-4.0 (CC BY 4.0);day
images/real/huggingface_AY000554_Car_plate_detecting_dataset/19517.jpg;########;type1;869,470,74,27;869,470,943,470,943,497,869,497;1;0;huggingface:AY000554/Car_plate_detecting_dataset <https://huggingface.co/datasets/AY000554/Car_plate_detecting_dataset>;CC-BY-4.0 (CC BY 4.0);day
images/real/huggingface_AY000554_Car_plate_detecting_dataset/19518.jpg;########;type1;240,871,163,94;240,871,403,871,403,965,240,965;1;0;huggingface:AY000554/Car_plate_detecting_dataset <https://huggingface.co/datasets/AY000554/Car_plate_detecting_dataset>;CC-BY-4.0 (CC BY 4.0);day,glare
images/real/huggingface_AY000554_Car_plate_detecting_dataset/19520.jpg;########;type1;1467,990,364,164;1467,990,1831,990,1831,1154,1467,1154;1;0;huggingface:AY000554/Car_plate_detecting_dataset <https://huggingface.co/datasets/AY000554/Car_plate_detecting_dataset>;CC-BY-4.0 (CC BY 4.0);day,glare
images/real/huggingface_AY000554_Car_plate_detecting_dataset/19531.jpg;########;type1;477,353,174,50;477,353,651,353,651,403,477,403;1;0;huggingface:AY000554/Car_plate_detecting_dataset <https://huggingface.co/datasets/AY000554/Car_plate_detecting_dataset>;CC-BY-4.0 (CC BY 4.0);day
images/real/huggingface_AY000554_Car_plate_detecting_dataset/19572.jpg;########;type1;309,547,235,92;309,547,544,547,544,639,309,639;1;0;huggingface:AY000554/Car_plate_detecting_dataset <https://huggingface.co/datasets/AY000554/Car_plate_detecting_dataset>;CC-BY-4.0 (CC BY 4.0);day
images/real/huggingface_AY000554_Car_plate_detecting_dataset/19576.jpg;########;type1;236,398,174,34;236,398,410,398,410,432,236,432;1;0;huggingface:AY000554/Car_plate_detecting_dataset <https://huggingface.co/datasets/AY000554/Car_plate_detecting_dataset>;CC-BY-4.0 (CC BY 4.0);day
images/real/huggingface_AY000554_Car_plate_detecting_dataset/19576.jpg;########;type1;700,336,71,17;700,336,771,336,771,353,700,353;1;0;huggingface:AY000554/Car_plate_detecting_dataset <https://huggingface.co/datasets/AY000554/Car_plate_detecting_dataset>;CC-BY-4.0 (CC BY 4.0);day
images/real/huggingface_AY000554_Car_plate_detecting_dataset/19591.jpg;########;type1;1181,911,377,77;1181,911,1558,911,1558,988,1181,988;1;0;huggingface:AY000554/Car_plate_detecting_dataset <https://huggingface.co/datasets/AY000554/Car_plate_detecting_dataset>;CC-BY-4.0 (CC BY 4.0);day,motion_blur
images/real/huggingface_AY000554_Car_plate_detecting_dataset/19628.jpg;########;type1;671,888,402,77;671,888,1073,888,1073,965,671,965;1;0;huggingface:AY000554/Car_plate_detecting_dataset <https://huggingface.co/datasets/AY000554/Car_plate_detecting_dataset>;CC-BY-4.0 (CC BY 4.0);day,glare
images/real/huggingface_AY000554_Car_plate_detecting_dataset/19632.jpg;########;type1;503,826,149,31;503,826,652,826,652,857,503,857;1;0;huggingface:AY000554/Car_plate_detecting_dataset <https://huggingface.co/datasets/AY000554/Car_plate_detecting_dataset>;CC-BY-4.0 (CC BY 4.0);day
images/real/huggingface_AY000554_Car_plate_detecting_dataset/19647.jpg;########;type1;676,594,267,58;676,594,943,594,943,652,676,652;1;0;huggingface:AY000554/Car_plate_detecting_dataset <https://huggingface.co/datasets/AY000554/Car_plate_detecting_dataset>;CC-BY-4.0 (CC BY 4.0);day
images/real/huggingface_AY000554_Car_plate_detecting_dataset/19648.jpg;########;type1;1029,569,223,75;1029,569,1252,569,1252,644,1029,644;1;0;huggingface:AY000554/Car_plate_detecting_dataset <https://huggingface.co/datasets/AY000554/Car_plate_detecting_dataset>;CC-BY-4.0 (CC BY 4.0);day
images/real/huggingface_AY000554_Car_plate_detecting_dataset/19652.jpg;########;type1;262,364,173,37;262,364,435,364,435,401,262,401;1;0;huggingface:AY000554/Car_plate_detecting_dataset <https://huggingface.co/datasets/AY000554/Car_plate_detecting_dataset>;CC-BY-4.0 (CC BY 4.0);night
images/real/huggingface_AY000554_Car_plate_detecting_dataset/19669.jpg;########;type1;434,428,170,60;434,428,604,428,604,488,434,488;1;0;huggingface:AY000554/Car_plate_detecting_dataset <https://huggingface.co/datasets/AY000554/Car_plate_detecting_dataset>;CC-BY-4.0 (CC BY 4.0);day
images/real/huggingface_AY000554_Car_plate_detecting_dataset/19686.jpg;########;type1;205,262,114,34;205,262,319,262,319,296,205,296;1;0;huggingface:AY000554/Car_plate_detecting_dataset <https://huggingface.co/datasets/AY000554/Car_plate_detecting_dataset>;CC-BY-4.0 (CC BY 4.0);day,glare
images/real/huggingface_AY000554_Car_plate_detecting_dataset/19686.jpg;########;type1;2,194,63,25;2,194,65,194,65,219,2,219;1;0;huggingface:AY000554/Car_plate_detecting_dataset <https://huggingface.co/datasets/AY000554/Car_plate_detecting_dataset>;CC-BY-4.0 (CC BY 4.0);day,glare
images/real/huggingface_AY000554_Car_plate_detecting_dataset/19686.jpg;########;type1;679,180,74,26;679,180,753,180,753,206,679,206;1;0;huggingface:AY000554/Car_plate_detecting_dataset <https://huggingface.co/datasets/AY000554/Car_plate_detecting_dataset>;CC-BY-4.0 (CC BY 4.0);day,glare
images/real/huggingface_AY000554_Car_plate_detecting_dataset/19687.jpg;########;type1;509,534,112,37;509,534,621,534,621,571,509,571;1;0;huggingface:AY000554/Car_plate_detecting_dataset <https://huggingface.co/datasets/AY000554/Car_plate_detecting_dataset>;CC-BY-4.0 (CC BY 4.0);day
images/real/huggingface_AY000554_Car_plate_detecting_dataset/19695.jpg;########;type1;229,687,199,92;229,687,428,687,428,779,229,779;1;0;huggingface:AY000554/Car_plate_detecting_dataset <https://huggingface.co/datasets/AY000554/Car_plate_detecting_dataset>;CC-BY-4.0 (CC BY 4.0);day
images/real/huggingface_AY000554_Car_plate_detecting_dataset/197.jpg;########;type1;998,493,320,84;998,493,1318,493,1318,577,998,577;1;0;huggingface:AY000554/Car_plate_detecting_dataset <https://huggingface.co/datasets/AY000554/Car_plate_detecting_dataset>;CC-BY-4.0 (CC BY 4.0);day
images/real/huggingface_AY000554_Car_plate_detecting_dataset/19704.jpg;########;type1;630,643,138,39;630,643,768,643,768,682,630,682;1;0;huggingface:AY000554/Car_plate_detecting_dataset <https://huggingface.co/datasets/AY000554/Car_plate_detecting_dataset>;CC-BY-4.0 (CC BY 4.0);day
images/real/huggingface_AY000554_Car_plate_detecting_dataset/19713.jpg;########;type1;279,575,275,82;279,575,554,575,554,657,279,657;1;0;huggingface:AY000554/Car_plate_detecting_dataset <https://huggingface.co/datasets/AY000554/Car_plate_detecting_dataset>;CC-BY-4.0 (CC BY 4.0);day,glare
images/real/huggingface_AY000554_Car_plate_detecting_dataset/19717.jpg;########;type1;628,659,158,33;628,659,786,659,786,692,628,692;1;0;huggingface:AY000554/Car_plate_detecting_dataset <https://huggingface.co/datasets/AY000554/Car_plate_detecting_dataset>;CC-BY-4.0 (CC BY 4.0);day
images/real/huggingface_AY000554_Car_plate_detecting_dataset/19725.jpg;########;type1;822,644,248,70;822,644,1070,644,1070,714,822,714;1;0;huggingface:AY000554/Car_plate_detecting_dataset <https://huggingface.co/datasets/AY000554/Car_plate_detecting_dataset>;CC-BY-4.0 (CC BY 4.0);day,glare
images/real/huggingface_AY000554_Car_plate_detecting_dataset/19742.jpg;########;type1;1152,881,121,29;1152,881,1273,881,1273,910,1152,910;1;0;huggingface:AY000554/Car_plate_detecting_dataset <https://huggingface.co/datasets/AY000554/Car_plate_detecting_dataset>;CC-BY-4.0 (CC BY 4.0);day
images/real/huggingface_AY000554_Car_plate_detecting_dataset/19752.jpg;########;type1;185,705,205,62;185,705,390,705,390,767,185,767;1;0;huggingface:AY000554/Car_plate_detecting_dataset <https://huggingface.co/datasets/AY000554/Car_plate_detecting_dataset>;CC-BY-4.0 (CC BY 4.0);day
images/real/huggingface_AY000554_Car_plate_detecting_dataset/19753.jpg;########;type1;214,320,132,41;214,320,346,320,346,361,214,361;1;0;huggingface:AY000554/Car_plate_detecting_dataset <https://huggingface.co/datasets/AY000554/Car_plate_detecting_dataset>;CC-BY-4.0 (CC BY 4.0);day,motion_blur
images/real/huggingface_AY000554_Car_plate_detecting_dataset/19754.jpg;########;type1;498,586,270,62;498,586,768,586,768,648,498,648;1;0;huggingface:AY000554/Car_plate_detecting_dataset <https://huggingface.co/datasets/AY000554/Car_plate_detecting_dataset>;CC-BY-4.0 (CC BY 4.0);day,glare
images/real/huggingface_AY000554_Car_plate_detecting_dataset/19761.jpg;########;type1;957,623,209,78;957,623,1166,623,1166,701,957,701;1;0;huggingface:AY000554/Car_plate_detecting_dataset <https://huggingface.co/datasets/AY000554/Car_plate_detecting_dataset>;CC-BY-4.0 (CC BY 4.0);day
images/real/huggingface_AY000554_Car_plate_detecting_dataset/19771.jpg;########;type1;319,745,210,41;319,745,529,745,529,786,319,786;1;0;huggingface:AY000554/Car_plate_detecting_dataset <https://huggingface.co/datasets/AY000554/Car_plate_detecting_dataset>;CC-BY-4.0 (CC BY 4.0);day
images/real/huggingface_AY000554_Car_plate_detecting_dataset/19784.jpg;########;type1;219,868,210,60;219,868,429,868,429,928,219,928;1;0;huggingface:AY000554/Car_plate_detecting_dataset <https://huggingface.co/datasets/AY000554/Car_plate_detecting_dataset>;CC-BY-4.0 (CC BY 4.0);day
images/real/huggingface_AY000554_Car_plate_detecting_dataset/19815.jpg;########;type1;293,877,387,105;293,877,680,877,680,982,293,982;1;0;huggingface:AY000554/Car_plate_detecting_dataset <https://huggingface.co/datasets/AY000554/Car_plate_detecting_dataset>;CC-BY-4.0 (CC BY 4.0);day
images/real/huggingface_AY000554_Car_plate_detecting_dataset/19820.jpg;########;type1;687,765,185,55;687,765,872,765,872,820,687,820;1;0;huggingface:AY000554/Car_plate_detecting_dataset <https://huggingface.co/datasets/AY000554/Car_plate_detecting_dataset>;CC-BY-4.0 (CC BY 4.0);day
images/real/huggingface_AY000554_Car_plate_detecting_dataset/19822.jpg;########;type1b;298,607,215,87;298,607,513,607,513,694,298,694;1;0;huggingface:AY000554/Car_plate_detecting_dataset <https://huggingface.co/datasets/AY000554/Car_plate_detecting_dataset>;CC-BY-4.0 (CC BY 4.0);day
images/real/huggingface_AY000554_Car_plate_detecting_dataset/1984.jpg;########;type1;892,531,232,50;892,531,1124,531,1124,581,892,581;1;0;huggingface:AY000554/Car_plate_detecting_dataset <https://huggingface.co/datasets/AY000554/Car_plate_detecting_dataset>;CC-BY-4.0 (CC BY 4.0);day,glare
images/real/huggingface_AY000554_Car_plate_detecting_dataset/19840.jpg;########;type1;185,383,150,36;185,383,335,383,335,419,185,419;1;0;huggingface:AY000554/Car_plate_detecting_dataset <https://huggingface.co/datasets/AY000554/Car_plate_detecting_dataset>;CC-BY-4.0 (CC BY 4.0);day
images/real/huggingface_AY000554_Car_plate_detecting_dataset/19849.jpg;########;type1;588,400,217,45;588,400,805,400,805,445,588,445;1;0;huggingface:AY000554/Car_plate_detecting_dataset <https://huggingface.co/datasets/AY000554/Car_plate_detecting_dataset>;CC-BY-4.0 (CC BY 4.0);day
images/real/huggingface_AY000554_Car_plate_detecting_dataset/19850.jpg;########;type1;428,425,141,62;428,425,569,425,569,487,428,487;1;0;huggingface:AY000554/Car_plate_detecting_dataset <https://huggingface.co/datasets/AY000554/Car_plate_detecting_dataset>;CC-BY-4.0 (CC BY 4.0);day
images/real/huggingface_AY000554_Car_plate_detecting_dataset/19877.jpg;########;type1;415,817,226,63;415,817,641,817,641,880,415,880;1;0;huggingface:AY000554/Car_plate_detecting_dataset <https://huggingface.co/datasets/AY000554/Car_plate_detecting_dataset>;CC-BY-4.0 (CC BY 4.0);day
images/real/huggingface_AY000554_Car_plate_detecting_dataset/19886.jpg;########;type1;475,780,131,33;475,780,606,780,606,813,475,813;1;0;huggingface:AY000554/Car_plate_detecting_dataset <https://huggingface.co/datasets/AY000554/Car_plate_detecting_dataset>;CC-BY-4.0 (CC BY 4.0);day,glare
images/real/huggingface_AY000554_Car_plate_detecting_dataset/19898.jpg;########;type1;241,538,214,74;241,538,455,538,455,612,241,612;1;0;huggingface:AY000554/Car_plate_detecting_dataset <https://huggingface.co/datasets/AY000554/Car_plate_detecting_dataset>;CC-BY-4.0 (CC BY 4.0);day,glare
images/real/huggingface_AY000554_Car_plate_detecting_dataset/19904.jpg;########;type1;1310,839,206,117;1310,839,1516,839,1516,956,1310,956;1;0;huggingface:AY000554/Car_plate_detecting_dataset <https://huggingface.co/datasets/AY000554/Car_plate_detecting_dataset>;CC-BY-4.0 (CC BY 4.0);day,glare
images/real/huggingface_AY000554_Car_plate_detecting_dataset/19910.jpg;########;type1;258,504,165,49;258,504,423,504,423,553,258,553;1;0;huggingface:AY000554/Car_plate_detecting_dataset <https://huggingface.co/datasets/AY000554/Car_plate_detecting_dataset>;CC-BY-4.0 (CC BY 4.0);day
images/real/huggingface_AY000554_Car_plate_detecting_dataset/19924.jpg;########;type1;320,1231,192,91;320,1231,512,1231,512,1322,320,1322;1;0;huggingface:AY000554/Car_plate_detecting_dataset <https://huggingface.co/datasets/AY000554/Car_plate_detecting_dataset>;CC-BY-4.0 (CC BY 4.0);day,glare
images/real/huggingface_AY000554_Car_plate_detecting_dataset/19965.jpg;########;type1;410,526,310,67;410,526,720,526,720,593,410,593;1;0;huggingface:AY000554/Car_plate_detecting_dataset <https://huggingface.co/datasets/AY000554/Car_plate_detecting_dataset>;CC-BY-4.0 (CC BY 4.0);day
images/real/huggingface_AY000554_Car_plate_detecting_dataset/19971.jpg;########;type1;557,1073,239,58;557,1073,796,1073,796,1131,557,1131;1;0;huggingface:AY000554/Car_plate_detecting_dataset <https://huggingface.co/datasets/AY000554/Car_plate_detecting_dataset>;CC-BY-4.0 (CC BY 4.0);day,motion_blur
images/real/huggingface_AY000554_Car_plate_detecting_dataset/19980.jpg;########;type1;253,502,192,64;253,502,445,502,445,566,253,566;1;0;huggingface:AY000554/Car_plate_detecting_dataset <https://huggingface.co/datasets/AY000554/Car_plate_detecting_dataset>;CC-BY-4.0 (CC BY 4.0);day
images/real/huggingface_AY000554_Car_plate_detecting_dataset/20.jpg;########;type1;764,708,336,81;764,708,1100,708,1100,789,764,789;1;0;huggingface:AY000554/Car_plate_detecting_dataset <https://huggingface.co/datasets/AY000554/Car_plate_detecting_dataset>;CC-BY-4.0 (CC BY 4.0);day
images/real/huggingface_AY000554_Car_plate_detecting_dataset/2004.jpg;########;type1;523,541,264,67;523,541,787,541,787,608,523,608;1;0;huggingface:AY000554/Car_plate_detecting_dataset <https://huggingface.co/datasets/AY000554/Car_plate_detecting_dataset>;CC-BY-4.0 (CC BY 4.0);day,glare
images/real/huggingface_AY000554_Car_plate_detecting_dataset/20050.jpg;########;type1;332,596,272,62;332,596,604,596,604,658,332,658;1;0;huggingface:AY000554/Car_plate_detecting_dataset <https://huggingface.co/datasets/AY000554/Car_plate_detecting_dataset>;CC-BY-4.0 (CC BY 4.0);day,motion_blur
images/real/huggingface_AY000554_Car_plate_detecting_dataset/20066.jpg;########;type1;594,417,152,48;594,417,746,417,746,465,594,465;1;0;huggingface:AY000554/Car_plate_detecting_dataset <https://huggingface.co/datasets/AY000554/Car_plate_detecting_dataset>;CC-BY-4.0 (CC BY 4.0);day,motion_blur
images/real/huggingface_AY000554_Car_plate_detecting_dataset/2007.jpg;########;type1;235,343,114,38;235,343,349,343,349,381,235,381;1;0;huggingface:AY000554/Car_plate_detecting_dataset <https://huggingface.co/datasets/AY000554/Car_plate_detecting_dataset>;CC-BY-4.0 (CC BY 4.0);day
images/real/huggingface_AY000554_Car_plate_detecting_dataset/2009.jpg;########;type1;1182,493,348,86;1182,493,1530,493,1530,579,1182,579;1;0;huggingface:AY000554/Car_plate_detecting_dataset <https://huggingface.co/datasets/AY000554/Car_plate_detecting_dataset>;CC-BY-4.0 (CC BY 4.0);day
images/real/huggingface_AY000554_Car_plate_detecting_dataset/20112.jpg;########;type1;438,431,225,44;438,431,663,431,663,475,438,475;1;0;huggingface:AY000554/Car_plate_detecting_dataset <https://huggingface.co/datasets/AY000554/Car_plate_detecting_dataset>;CC-BY-4.0 (CC BY 4.0);day,glare
images/real/huggingface_AY000554_Car_plate_detecting_dataset/20127.jpg;########;type1;405,469,98,20;405,469,503,469,503,489,405,489;1;0;huggingface:AY000554/Car_plate_detecting_dataset <https://huggingface.co/datasets/AY000554/Car_plate_detecting_dataset>;CC-BY-4.0 (CC BY 4.0);day
images/real/huggingface_AY000554_Car_plate_detecting_dataset/2013.jpg;########;type1;194,568,140,41;194,568,334,568,334,609,194,609;1;0;huggingface:AY000554/Car_plate_detecting_dataset <https://huggingface.co/datasets/AY000554/Car_plate_detecting_dataset>;CC-BY-4.0 (CC BY 4.0);day,glare
images/real/huggingface_AY000554_Car_plate_detecting_dataset/2013.jpg;########;type1;1065,578,172,54;1065,578,1237,578,1237,632,1065,632;1;0;huggingface:AY000554/Car_plate_detecting_dataset <https://huggingface.co/datasets/AY000554/Car_plate_detecting_dataset>;CC-BY-4.0 (CC BY 4.0);day,glare
images/real/huggingface_AY000554_Car_plate_detecting_dataset/20152.jpg;########;type1;220,461,140,45;220,461,360,461,360,506,220,506;1;0;huggingface:AY000554/Car_plate_detecting_dataset <https://huggingface.co/datasets/AY000554/Car_plate_detecting_dataset>;CC-BY-4.0 (CC BY 4.0);day,glare
images/real/huggingface_AY000554_Car_plate_detecting_dataset/20160.jpg;########;type1;203,211,139,32;203,211,342,211,342,243,203,243;1;0;huggingface:AY000554/Car_plate_detecting_dataset <https://huggingface.co/datasets/AY000554/Car_plate_detecting_dataset>;CC-BY-4.0 (CC BY 4.0);day
images/real/huggingface_AY000554_Car_plate_detecting_dataset/20165.jpg;########;type1;141,633,182,121;141,633,323,633,323,754,141,754;1;0;huggingface:AY000554/Car_plate_detecting_dataset <https://huggingface.co/datasets/AY000554/Car_plate_detecting_dataset>;CC-BY-4.0 (CC BY 4.0);day,glare
images/real/huggingface_AY000554_Car_plate_detecting_dataset/20174.jpg;########;type1;650,524,171,75;650,524,821,524,821,599,650,599;1;0;huggingface:AY000554/Car_plate_detecting_dataset <https://huggingface.co/datasets/AY000554/Car_plate_detecting_dataset>;CC-BY-4.0 (CC BY 4.0);day,glare
images/real/huggingface_AY000554_Car_plate_detecting_dataset/20180.jpg;########;type1;125,811,148,31;125,811,273,811,273,842,125,842;1;0;huggingface:AY000554/Car_plate_detecting_dataset <https://huggingface.co/datasets/AY000554/Car_plate_detecting_dataset>;CC-BY-4.0 (CC BY 4.0);day
images/real/huggingface_AY000554_Car_plate_detecting_dataset/20187.jpg;########;type1;711,435,99,23;711,435,810,435,810,458,711,458;1;0;huggingface:AY000554/Car_plate_detecting_dataset <https://huggingface.co/datasets/AY000554/Car_plate_detecting_dataset>;CC-BY-4.0 (CC BY 4.0);day
images/real/huggingface_AY000554_Car_plate_detecting_dataset/20194.jpg;########;type1;699,492,259,91;699,492,958,492,958,583,699,583;1;0;huggingface:AY000554/Car_plate_detecting_dataset <https://huggingface.co/datasets/AY000554/Car_plate_detecting_dataset>;CC-BY-4.0 (CC BY 4.0);day,glare
images/real/huggingface_AY000554_Car_plate_detecting_dataset/20196.jpg;########;type1;772,450,133,32;772,450,905,450,905,482,772,482;1;0;huggingface:AY000554/Car_plate_detecting_dataset <https://huggingface.co/datasets/AY000554/Car_plate_detecting_dataset>;CC-BY-4.0 (CC BY 4.0);day
images/real/huggingface_AY000554_Car_plate_detecting_dataset/2021.jpg;########;type1;255,508,217,55;255,508,472,508,472,563,255,563;1;0;huggingface:AY000554/Car_plate_detecting_dataset <https://huggingface.co/datasets/AY000554/Car_plate_detecting_dataset>;CC-BY-4.0 (CC BY 4.0);day
images/real/huggingface_AY000554_Car_plate_detecting_dataset/20213.jpg;########;type1;312,689,364,134;312,689,676,689,676,823,312,823;1;0;huggingface:AY000554/Car_plate_detecting_dataset <https://huggingface.co/datasets/AY000554/Car_plate_detecting_dataset>;CC-BY-4.0 (CC BY 4.0);day,glare
images/real/huggingface_AY000554_Car_plate_detecting_dataset/20217.jpg;########;type1;757,534,178,51;757,534,935,534,935,585,757,585;1;0;huggingface:AY000554/Car_plate_detecting_dataset <https://huggingface.co/datasets/AY000554/Car_plate_detecting_dataset>;CC-BY-4.0 (CC BY 4.0);day
images/real/huggingface_AY000554_Car_plate_detecting_dataset/20247.jpg;########;type1;132,573,45,31;132,573,177,573,177,604,132,604;1;0;huggingface:AY000554/Car_plate_detecting_dataset <https://huggingface.co/datasets/AY000554/Car_plate_detecting_dataset>;CC-BY-4.0 (CC BY 4.0);day
images/real/huggingface_AY000554_Car_plate_detecting_dataset/20263.jpg;########;type1;685,786,457,94;685,786,1142,786,1142,880,685,880;1;0;huggingface:AY000554/Car_plate_detecting_dataset <https://huggingface.co/datasets/AY000554/Car_plate_detecting_dataset>;CC-BY-4.0 (CC BY 4.0);day,motion_blur
images/real/huggingface_AY000554_Car_plate_detecting_dataset/20291.jpg;########;type1;837,817,402,90;837,817,1239,817,1239,907,837,907;1;0;huggingface:AY000554/Car_plate_detecting_dataset <https://huggingface.co/datasets/AY000554/Car_plate_detecting_dataset>;CC-BY-4.0 (CC BY 4.0);day,glare
images/real/huggingface_AY000554_Car_plate_detecting_dataset/2030.jpg;########;type1;904,650,159,76;904,650,1063,650,1063,726,904,726;1;0;huggingface:AY000554/Car_plate_detecting_dataset <https://huggingface.co/datasets/AY000554/Car_plate_detecting_dataset>;CC-BY-4.0 (CC BY 4.0);day
images/real/huggingface_AY000554_Car_plate_detecting_dataset/20305.jpg;########;type1;319,688,123,28;319,688,442,688,442,716,319,716;1;0;huggingface:AY000554/Car_plate_detecting_dataset <https://huggingface.co/datasets/AY000554/Car_plate_detecting_dataset>;CC-BY-4.0 (CC BY 4.0);day,glare
images/real/huggingface_AY000554_Car_plate_detecting_dataset/20308.jpg;########;type1;105,450,148,51;105,450,253,450,253,501,105,501;1;0;huggingface:AY000554/Car_plate_detecting_dataset <https://huggingface.co/datasets/AY000554/Car_plate_detecting_dataset>;CC-BY-4.0 (CC BY 4.0);day,glare
images/real/huggingface_AY000554_Car_plate_detecting_dataset/2033.jpg;########;type1;320,410,238,52;320,410,558,410,558,462,320,462;1;0;huggingface:AY000554/Car_plate_detecting_dataset <https://huggingface.co/datasets/AY000554/Car_plate_detecting_dataset>;CC-BY-4.0 (CC BY 4.0);day
images/real/huggingface_AY000554_Car_plate_detecting_dataset/20337.jpg;########;type1;840,954,161,100;840,954,1001,954,1001,1054,840,1054;1;0;huggingface:AY000554/Car_plate_detecting_dataset <https://huggingface.co/datasets/AY000554/Car_plate_detecting_dataset>;CC-BY-4.0 (CC BY 4.0);day,motion_blur
images/real/huggingface_AY000554_Car_plate_detecting_dataset/20351.jpg;########;type1;399,648,252,57;399,648,651,648,651,705,399,705;1;0;huggingface:AY000554/Car_plate_detecting_dataset <https://huggingface.co/datasets/AY000554/Car_plate_detecting_dataset>;CC-BY-4.0 (CC BY 4.0);day,motion_blur
images/real/huggingface_AY000554_Car_plate_detecting_dataset/20353.jpg;########;type1;431,928,269,59;431,928,700,928,700,987,431,987;1;0;huggingface:AY000554/Car_plate_detecting_dataset <https://huggingface.co/datasets/AY000554/Car_plate_detecting_dataset>;CC-BY-4.0 (CC BY 4.0);day
images/real/huggingface_AY000554_Car_plate_detecting_dataset/20354.jpg;########;type1;417,679,205,46;417,679,622,679,622,725,417,725;1;0;huggingface:AY000554/Car_plate_detecting_dataset <https://huggingface.co/datasets/AY000554/Car_plate_detecting_dataset>;CC-BY-4.0 (CC BY 4.0);day,glare
images/real/huggingface_AY000554_Car_plate_detecting_dataset/20354.jpg;########;type1;1034,618,133,34;1034,618,1167,618,1167,652,1034,652;1;0;huggingface:AY000554/Car_plate_detecting_dataset <https://huggingface.co/datasets/AY000554/Car_plate_detecting_dataset>;CC-BY-4.0 (CC BY 4.0);day,glare
images/real/huggingface_AY000554_Car_plate_detecting_dataset/20356.jpg;########;type1;283,726,363,76;283,726,646,726,646,802,283,802;1;0;huggingface:AY000554/Car_plate_detecting_dataset <https://huggingface.co/datasets/AY000554/Car_plate_detecting_dataset>;CC-BY-4.0 (CC BY 4.0);day,glare
images/real/huggingface_AY000554_Car_plate_detecting_dataset/2036.jpg;########;type1;278,378,222,66;278,378,500,378,500,444,278,444;1;0;huggingface:AY000554/Car_plate_detecting_dataset <https://huggingface.co/datasets/AY000554/Car_plate_detecting_dataset>;CC-BY-4.0 (CC BY 4.0);day
images/real/huggingface_AY000554_Car_plate_detecting_dataset/20366.jpg;########;type1;341,569,258,65;341,569,599,569,599,634,341,634;1;0;huggingface:AY000554/Car_plate_detecting_dataset <https://huggingface.co/datasets/AY000554/Car_plate_detecting_dataset>;CC-BY-4.0 (CC BY 4.0);day,motion_blur
images/real/huggingface_AY000554_Car_plate_detecting_dataset/20397.jpg;########;type1;273,582,198,40;273,582,471,582,471,622,273,622;1;0;huggingface:AY000554/Car_plate_detecting_dataset <https://huggingface.co/datasets/AY000554/Car_plate_detecting_dataset>;CC-BY-4.0 (CC BY 4.0);day,glare
images/real/huggingface_AY000554_Car_plate_detecting_dataset/20400.jpg;########;type1;684,619,197,45;684,619,881,619,881,664,684,664;1;0;huggingface:AY000554/Car_plate_detecting_dataset <https://huggingface.co/datasets/AY000554/Car_plate_detecting_dataset>;CC-BY-4.0 (CC BY 4.0);day,motion_blur
images/real/huggingface_AY000554_Car_plate_detecting_dataset/2041.jpg;########;type1;410,603,206,51;410,603,616,603,616,654,410,654;1;0;huggingface:AY000554/Car_plate_detecting_dataset <https://huggingface.co/datasets/AY000554/Car_plate_detecting_dataset>;CC-BY-4.0 (CC BY 4.0);day
images/real/huggingface_AY000554_Car_plate_detecting_dataset/2041.jpg;########;type1;1103,509,116,26;1103,509,1219,509,1219,535,1103,535;1;0;huggingface:AY000554/Car_plate_detecting_dataset <https://huggingface.co/datasets/AY000554/Car_plate_detecting_dataset>;CC-BY-4.0 (CC BY 4.0);day
images/real/huggingface_AY000554_Car_plate_detecting_dataset/20420.jpg;########;type1;514,427,137,36;514,427,651,427,651,463,514,463;1;0;huggingface:AY000554/Car_plate_detecting_dataset <https://huggingface.co/datasets/AY000554/Car_plate_detecting_dataset>;CC-BY-4.0 (CC BY 4.0);day,glare
images/real/huggingface_AY000554_Car_plate_detecting_dataset/20423.jpg;########;type1;938,874,349,134;938,874,1287,874,1287,1008,938,1008;1;0;huggingface:AY000554/Car_plate_detecting_dataset <https://huggingface.co/datasets/AY000554/Car_plate_detecting_dataset>;CC-BY-4.0 (CC BY 4.0);day
images/real/huggingface_AY000554_Car_plate_detecting_dataset/20424.jpg;########;type1;494,495,294,73;494,495,788,495,788,568,494,568;1;0;huggingface:AY000554/Car_plate_detecting_dataset <https://huggingface.co/datasets/AY000554/Car_plate_detecting_dataset>;CC-BY-4.0 (CC BY 4.0);day,glare
images/real/huggingface_AY000554_Car_plate_detecting_dataset/2043.jpg;########;type1;378,307,94,49;378,307,472,307,472,356,378,356;1;0;huggingface:AY000554/Car_plate_detecting_dataset <https://huggingface.co/datasets/AY000554/Car_plate_detecting_dataset>;CC-BY-4.0 (CC BY 4.0);day
images/real/huggingface_AY000554_Car_plate_detecting_dataset/20453.jpg;########;type1;1157,1087,467,155;1157,1087,1624,1087,1624,1242,1157,1242;1;0;huggingface:AY000554/Car_plate_detecting_dataset <https://huggingface.co/datasets/AY000554/Car_plate_detecting_dataset>;CC-BY-4.0 (CC BY 4.0);day,glare
images/real/huggingface_AY000554_Car_plate_detecting_dataset/20490.jpg;########;type1;838,535,208,103;838,535,1046,535,1046,638,838,638;1;0;huggingface:AY000554/Car_plate_detecting_dataset <https://huggingface.co/datasets/AY000554/Car_plate_detecting_dataset>;CC-BY-4.0 (CC BY 4.0);day,glare
images/real/huggingface_AY000554_Car_plate_detecting_dataset/20492.jpg;########;type1;66,484,101,33;66,484,167,484,167,517,66,517;1;0;huggingface:AY000554/Car_plate_detecting_dataset <https://huggingface.co/datasets/AY000554/Car_plate_detecting_dataset>;CC-BY-4.0 (CC BY 4.0);day
images/real/huggingface_AY000554_Car_plate_detecting_dataset/20492.jpg;########;type1;521,448,150,33;521,448,671,448,671,481,521,481;1;0;huggingface:AY000554/Car_plate_detecting_dataset <https://huggingface.co/datasets/AY000554/Car_plate_detecting_dataset>;CC-BY-4.0 (CC BY 4.0);day
images/real/huggingface_AY000554_Car_plate_detecting_dataset/20512.jpg;########;type1;778,529,260,69;778,529,1038,529,1038,598,778,598;1;0;huggingface:AY000554/Car_plate_detecting_dataset <https://huggingface.co/datasets/AY000554/Car_plate_detecting_dataset>;CC-BY-4.0 (CC BY 4.0);day,glare
images/real/huggingface_AY000554_Car_plate_detecting_dataset/20516.jpg;########;type1;1382,657,118,46;1382,657,1500,657,1500,703,1382,703;1;0;huggingface:AY000554/Car_plate_detecting_dataset <https://huggingface.co/datasets/AY000554/Car_plate_detecting_dataset>;CC-BY-4.0 (CC BY 4.0);day
images/real/huggingface_AY000554_Car_plate_detecting_dataset/20519.jpg;########;type1;294,408,138,36;294,408,432,408,432,444,294,444;1;0;huggingface:AY000554/Car_plate_detecting_dataset <https://huggingface.co/datasets/AY000554/Car_plate_detecting_dataset>;CC-BY-4.0 (CC BY 4.0);day
images/real/huggingface_AY000554_Car_plate_detecting_dataset/20528.jpg;########;type1;149,292,103,52;149,292,252,292,252,344,149,344;1;0;huggingface:AY000554/Car_plate_detecting_dataset <https://huggingface.co/datasets/AY000554/Car_plate_detecting_dataset>;CC-BY-4.0 (CC BY 4.0);day
images/real/huggingface_AY000554_Car_plate_detecting_dataset/20529.jpg;########;type1;541,720,173,43;541,720,714,720,714,763,541,763;1;0;huggingface:AY000554/Car_plate_detecting_dataset <https://huggingface.co/datasets/AY000554/Car_plate_detecting_dataset>;CC-BY-4.0 (CC BY 4.0);day
images/real/huggingface_AY000554_Car_plate_detecting_dataset/20542.jpg;########;type1;263,985,374,153;263,985,637,985,637,1138,263,1138;1;0;huggingface:AY000554/Car_plate_detecting_dataset <https://huggingface.co/datasets/AY000554/Car_plate_detecting_dataset>;CC-BY-4.0 (CC BY 4.0);day,glare
images/real/huggingface_AY000554_Car_plate_detecting_dataset/20543.jpg;########;type1;464,518,260,56;464,518,724,518,724,574,464,574;1;0;huggingface:AY000554/Car_plate_detecting_dataset <https://huggingface.co/datasets/AY000554/Car_plate_detecting_dataset>;CC-BY-4.0 (CC BY 4.0);day,glare
images/real/huggingface_AY000554_Car_plate_detecting_dataset/20553.jpg;########;type1;526,723,78,37;526,723,604,723,604,760,526,760;1;0;huggingface:AY000554/Car_plate_detecting_dataset <https://huggingface.co/datasets/AY000554/Car_plate_detecting_dataset>;CC-BY-4.0 (CC BY 4.0);day,glare
images/real/huggingface_AY000554_Car_plate_detecting_dataset/20561.jpg;########;type1;330,799,146,59;330,799,476,799,476,858,330,858;1;0;huggingface:AY000554/Car_plate_detecting_dataset <https://huggingface.co/datasets/AY000554/Car_plate_detecting_dataset>;CC-BY-4.0 (CC BY 4.0);day,glare
images/real/huggingface_AY000554_Car_plate_detecting_dataset/20562.jpg;########;type1;1084,831,267,103;1084,831,1351,831,1351,934,1084,934;1;0;huggingface:AY000554/Car_plate_detecting_dataset <https://huggingface.co/datasets/AY000554/Car_plate_detecting_dataset>;CC-BY-4.0 (CC BY 4.0);day
images/real/huggingface_AY000554_Car_plate_detecting_dataset/20563.jpg;########;type1;316,852,226,46;316,852,542,852,542,898,316,898;1;0;huggingface:AY000554/Car_plate_detecting_dataset <https://huggingface.co/datasets/AY000554/Car_plate_detecting_dataset>;CC-BY-4.0 (CC BY 4.0);day
images/real/huggingface_AY000554_Car_plate_detecting_dataset/20571.jpg;########;type1;1292,950,395,87;1292,950,1687,950,1687,1037,1292,1037;1;0;huggingface:AY000554/Car_plate_detecting_dataset <https://huggingface.co/datasets/AY000554/Car_plate_detecting_dataset>;CC-BY-4.0 (CC BY 4.0);day
images/real/huggingface_AY000554_Car_plate_detecting_dataset/20576.jpg;########;type1;249,1103,380,164;249,1103,629,1103,629,1267,249,1267;1;0;huggingface:AY000554/Car_plate_detecting_dataset <https://huggingface.co/datasets/AY000554/Car_plate_detecting_dataset>;CC-BY-4.0 (CC BY 4.0);day
images/real/huggingface_AY000554_Car_plate_detecting_dataset/20587.jpg;########;type1;481,628,182,41;481,628,663,628,663,669,481,669;1;0;huggingface:AY000554/Car_plate_detecting_dataset <https://huggingface.co/datasets/AY000554/Car_plate_detecting_dataset>;CC-BY-4.0 (CC BY 4.0);day
images/real/huggingface_AY000554_Car_plate_detecting_dataset/20592.jpg;########;type1;566,444,89,45;566,444,655,444,655,489,566,489;1;0;huggingface:AY000554/Car_plate_detecting_dataset <https://huggingface.co/datasets/AY000554/Car_plate_detecting_dataset>;CC-BY-4.0 (CC BY 4.0);day,glare
images/real/huggingface_AY000554_Car_plate_detecting_dataset/20610.jpg;########;type1;413,701,148,35;413,701,561,701,561,736,413,736;1;0;huggingface:AY000554/Car_plate_detecting_dataset <https://huggingface.co/datasets/AY000554/Car_plate_detecting_dataset>;CC-BY-4.0 (CC BY 4.0);day
images/real/huggingface_AY000554_Car_plate_detecting_dataset/20616.jpg;########;type1;386,610,362,92;386,610,748,610,748,702,386,702;1;0;huggingface:AY000554/Car_plate_detecting_dataset <https://huggingface.co/datasets/AY000554/Car_plate_detecting_dataset>;CC-BY-4.0 (CC BY 4.0);day
images/real/huggingface_AY000554_Car_plate_detecting_dataset/20637.jpg;########;type1;250,720,282,72;250,720,532,720,532,792,250,792;1;0;huggingface:AY000554/Car_plate_detecting_dataset <https://huggingface.co/datasets/AY000554/Car_plate_detecting_dataset>;CC-BY-4.0 (CC BY 4.0);day
images/real/huggingface_AY000554_Car_plate_detecting_dataset/20643.jpg;########;type1;344,506,140,37;344,506,484,506,484,543,344,543;1;0;huggingface:AY000554/Car_plate_detecting_dataset <https://huggingface.co/datasets/AY000554/Car_plate_detecting_dataset>;CC-BY-4.0 (CC BY 4.0);day
images/real/huggingface_AY000554_Car_plate_detecting_dataset/20654.jpg;########;type1;192,465,180,47;192,465,372,465,372,512,192,512;1;0;huggingface:AY000554/Car_plate_detecting_dataset <https://huggingface.co/datasets/AY000554/Car_plate_detecting_dataset>;CC-BY-4.0 (CC BY 4.0);night
images/real/huggingface_AY000554_Car_plate_detecting_dataset/20659.jpg;########;type1;193,484,166,44;193,484,359,484,359,528,193,528;1;0;huggingface:AY000554/Car_plate_detecting_dataset <https://huggingface.co/datasets/AY000554/Car_plate_detecting_dataset>;CC-BY-4.0 (CC BY 4.0);day
images/real/huggingface_AY000554_Car_plate_detecting_dataset/2068.jpg;########;type1;626,251,142,43;626,251,768,251,768,294,626,294;1;0;huggingface:AY000554/Car_plate_detecting_dataset <https://huggingface.co/datasets/AY000554/Car_plate_detecting_dataset>;CC-BY-4.0 (CC BY 4.0);day
images/real/huggingface_AY000554_Car_plate_detecting_dataset/20700.jpg;########;type1;455,455,282,58;455,455,737,455,737,513,455,513;1;0;huggingface:AY000554/Car_plate_detecting_dataset <https://huggingface.co/datasets/AY000554/Car_plate_detecting_dataset>;CC-BY-4.0 (CC BY 4.0);day,glare,motion_blur
images/real/huggingface_AY000554_Car_plate_detecting_dataset/20714.jpg;########;type1;158,682,232,105;158,682,390,682,390,787,158,787;1;0;huggingface:AY000554/Car_plate_detecting_dataset <https://huggingface.co/datasets/AY000554/Car_plate_detecting_dataset>;CC-BY-4.0 (CC BY 4.0);day,glare
images/real/huggingface_AY000554_Car_plate_detecting_dataset/20721.jpg;########;type1;480,946,405,110;480,946,885,946,885,1056,480,1056;1;0;huggingface:AY000554/Car_plate_detecting_dataset <https://huggingface.co/datasets/AY000554/Car_plate_detecting_dataset>;CC-BY-4.0 (CC BY 4.0);day,motion_blur
images/real/huggingface_AY000554_Car_plate_detecting_dataset/20726.jpg;########;type1;217,401,213,65;217,401,430,401,430,466,217,466;1;0;huggingface:AY000554/Car_plate_detecting_dataset <https://huggingface.co/datasets/AY000554/Car_plate_detecting_dataset>;CC-BY-4.0 (CC BY 4.0);day,glare
images/real/huggingface_AY000554_Car_plate_detecting_dataset/20747.jpg;########;type1;656,462,150,51;656,462,806,462,806,513,656,513;1;0;huggingface:AY000554/Car_plate_detecting_dataset <https://huggingface.co/datasets/AY000554/Car_plate_detecting_dataset>;CC-BY-4.0 (CC BY 4.0);day
images/real/huggingface_AY000554_Car_plate_detecting_dataset/20748.jpg;########;type1;623,671,311,55;623,671,934,671,934,726,623,726;1;0;huggingface:AY000554/Car_plate_detecting_dataset <https://huggingface.co/datasets/AY000554/Car_plate_detecting_dataset>;CC-BY-4.0 (CC BY 4.0);day
images/real/huggingface_AY000554_Car_plate_detecting_dataset/2075.jpg;########;type1;286,585,242,65;286,585,528,585,528,650,286,650;1;0;huggingface:AY000554/Car_plate_detecting_dataset <https://huggingface.co/datasets/AY000554/Car_plate_detecting_dataset>;CC-BY-4.0 (CC BY 4.0);day,glare
images/real/huggingface_AY000554_Car_plate_detecting_dataset/20763.jpg;########;type1;254,971,323,225;254,971,577,971,577,1196,254,1196;1;0;huggingface:AY000554/Car_plate_detecting_dataset <https://huggingface.co/datasets/AY000554/Car_plate_detecting_dataset>;CC-BY-4.0 (CC BY 4.0);day,glare
images/real/huggingface_AY000554_Car_plate_detecting_dataset/20828.jpg;########;type1;491,475,185,57;491,475,676,475,676,532,491,532;1;0;huggingface:AY000554/Car_plate_detecting_dataset <https://huggingface.co/datasets/AY000554/Car_plate_detecting_dataset>;CC-BY-4.0 (CC BY 4.0);day,glare
images/real/huggingface_AY000554_Car_plate_detecting_dataset/20852.jpg;########;type1;891,1237,177,39;891,1237,1068,1237,1068,1276,891,1276;1;0;huggingface:AY000554/Car_plate_detecting_dataset <https://huggingface.co/datasets/AY000554/Car_plate_detecting_dataset>;CC-BY-4.0 (CC BY 4.0);day
images/real/huggingface_AY000554_Car_plate_detecting_dataset/20874.jpg;########;type1;708,707,197,51;708,707,905,707,905,758,708,758;1;0;huggingface:AY000554/Car_plate_detecting_dataset <https://huggingface.co/datasets/AY000554/Car_plate_detecting_dataset>;CC-BY-4.0 (CC BY 4.0);day
images/real/huggingface_AY000554_Car_plate_detecting_dataset/20878.jpg;########;type1;1009,575,313,149;1009,575,1322,575,1322,724,1009,724;1;0;huggingface:AY000554/Car_plate_detecting_dataset <https://huggingface.co/datasets/AY000554/Car_plate_detecting_dataset>;CC-BY-4.0 (CC BY 4.0);day
images/real/huggingface_AY000554_Car_plate_detecting_dataset/20890.jpg;########;type1;237,371,120,38;237,371,357,371,357,409,237,409;1;0;huggingface:AY000554/Car_plate_detecting_dataset <https://huggingface.co/datasets/AY000554/Car_plate_detecting_dataset>;CC-BY-4.0 (CC BY 4.0);day
images/real/huggingface_AY000554_Car_plate_detecting_dataset/2090.jpg;########;type1;558,846,420,158;558,846,978,846,978,1004,558,1004;1;0;huggingface:AY000554/Car_plate_detecting_dataset <https://huggingface.co/datasets/AY000554/Car_plate_detecting_dataset>;CC-BY-4.0 (CC BY 4.0);day,glare
images/real/huggingface_AY000554_Car_plate_detecting_dataset/20916.jpg;########;type1;592,80,60,19;592,80,652,80,652,99,592,99;1;0;huggingface:AY000554/Car_plate_detecting_dataset <https://huggingface.co/datasets/AY000554/Car_plate_detecting_dataset>;CC-BY-4.0 (CC BY 4.0);day
images/real/huggingface_AY000554_Car_plate_detecting_dataset/20916.jpg;########;type1;903,91,57,18;903,91,960,91,960,109,903,109;1;0;huggingface:AY000554/Car_plate_detecting_dataset <https://huggingface.co/datasets/AY000554/Car_plate_detecting_dataset>;CC-BY-4.0 (CC BY 4.0);day
images/real/huggingface_AY000554_Car_plate_detecting_dataset/20916.jpg;########;type1;707,577,217,80;707,577,924,577,924,657,707,657;1;0;huggingface:AY000554/Car_plate_detecting_dataset <https://huggingface.co/datasets/AY000554/Car_plate_detecting_dataset>;CC-BY-4.0 (CC BY 4.0);day
images/real/huggingface_AY000554_Car_plate_detecting_dataset/20925.jpg;########;type1;210,1033,313,59;210,1033,523,1033,523,1092,210,1092;1;0;huggingface:AY000554/Car_plate_detecting_dataset <https://huggingface.co/datasets/AY000554/Car_plate_detecting_dataset>;CC-BY-4.0 (CC BY 4.0);day,motion_blur
images/real/huggingface_AY000554_Car_plate_detecting_dataset/20940.jpg;########;type1;367,297,96,23;367,297,463,297,463,320,367,320;1;0;huggingface:AY000554/Car_plate_detecting_dataset <https://huggingface.co/datasets/AY000554/Car_plate_detecting_dataset>;CC-BY-4.0 (CC BY 4.0);day,glare
images/real/huggingface_AY000554_Car_plate_detecting_dataset/20944.jpg;########;type1;156,420,143,70;156,420,299,420,299,490,156,490;1;0;huggingface:AY000554/Car_plate_detecting_dataset <https://huggingface.co/datasets/AY000554/Car_plate_detecting_dataset>;CC-BY-4.0 (CC BY 4.0);day
images/real/huggingface_AY000554_Car_plate_detecting_dataset/20977.jpg;########;type1;1330,790,232,127;1330,790,1562,790,1562,917,1330,917;1;0;huggingface:AY000554/Car_plate_detecting_dataset <https://huggingface.co/datasets/AY000554/Car_plate_detecting_dataset>;CC-BY-4.0 (CC BY 4.0);day
images/real/huggingface_AY000554_Car_plate_detecting_dataset/2102.jpg;########;type1;1031,471,192,59;1031,471,1223,471,1223,530,1031,530;1;0;huggingface:AY000554/Car_plate_detecting_dataset <https://huggingface.co/datasets/AY000554/Car_plate_detecting_dataset>;CC-BY-4.0 (CC BY 4.0);day
images/real/huggingface_AY000554_Car_plate_detecting_dataset/21030.jpg;########;type1;422,695,208,62;422,695,630,695,630,757,422,757;1;0;huggingface:AY000554/Car_plate_detecting_dataset <https://huggingface.co/datasets/AY000554/Car_plate_detecting_dataset>;CC-BY-4.0 (CC BY 4.0);day
images/real/huggingface_AY000554_Car_plate_detecting_dataset/21042.jpg;########;type1;232,677,274,96;232,677,506,677,506,773,232,773;1;0;huggingface:AY000554/Car_plate_detecting_dataset <https://huggingface.co/datasets/AY000554/Car_plate_detecting_dataset>;CC-BY-4.0 (CC BY 4.0);day,glare
images/real/huggingface_AY000554_Car_plate_detecting_dataset/21055.jpg;########;type1;289,415,163,37;289,415,452,415,452,452,289,452;1;0;huggingface:AY000554/Car_plate_detecting_dataset <https://huggingface.co/datasets/AY000554/Car_plate_detecting_dataset>;CC-BY-4.0 (CC BY 4.0);day
images/real/huggingface_AY000554_Car_plate_detecting_dataset/21082.jpg;########;type1;924,770,245,62;924,770,1169,770,1169,832,924,832;1;0;huggingface:AY000554/Car_plate_detecting_dataset <https://huggingface.co/datasets/AY000554/Car_plate_detecting_dataset>;CC-BY-4.0 (CC BY 4.0);day
images/real/huggingface_AY000554_Car_plate_detecting_dataset/21139.jpg;########;type1;859,819,160,40;859,819,1019,819,1019,859,859,859;1;0;huggingface:AY000554/Car_plate_detecting_dataset <https://huggingface.co/datasets/AY000554/Car_plate_detecting_dataset>;CC-BY-4.0 (CC BY 4.0);day
images/real/huggingface_AY000554_Car_plate_detecting_dataset/21140.jpg;########;type1;164,402,116,51;164,402,280,402,280,453,164,453;1;0;huggingface:AY000554/Car_plate_detecting_dataset <https://huggingface.co/datasets/AY000554/Car_plate_detecting_dataset>;CC-BY-4.0 (CC BY 4.0);day
images/real/huggingface_AY000554_Car_plate_detecting_dataset/21143.jpg;########;type1;287,510,277,72;287,510,564,510,564,582,287,582;1;0;huggingface:AY000554/Car_plate_detecting_dataset <https://huggingface.co/datasets/AY000554/Car_plate_detecting_dataset>;CC-BY-4.0 (CC BY 4.0);day,glare
images/real/huggingface_AY000554_Car_plate_detecting_dataset/21145.jpg;########;type1;1107,1505,297,62;1107,1505,1404,1505,1404,1567,1107,1567;1;0;huggingface:AY000554/Car_plate_detecting_dataset <https://huggingface.co/datasets/AY000554/Car_plate_detecting_dataset>;CC-BY-4.0 (CC BY 4.0);day,motion_blur
images/real/huggingface_AY000554_Car_plate_detecting_dataset/21147.jpg;########;type1;224,744,257,93;224,744,481,744,481,837,224,837;1;0;huggingface:AY000554/Car_plate_detecting_dataset <https://huggingface.co/datasets/AY000554/Car_plate_detecting_dataset>;CC-BY-4.0 (CC BY 4.0);day
images/real/huggingface_AY000554_Car_plate_detecting_dataset/21167.jpg;########;type1;360,764,160,49;360,764,520,764,520,813,360,813;1;0;huggingface:AY000554/Car_plate_detecting_dataset <https://huggingface.co/datasets/AY000554/Car_plate_detecting_dataset>;CC-BY-4.0 (CC BY 4.0);day,glare
images/real/huggingface_AY000554_Car_plate_detecting_dataset/21175.jpg;########;type1;472,766,223,55;472,766,695,766,695,821,472,821;1;0;huggingface:AY000554/Car_plate_detecting_dataset <https://huggingface.co/datasets/AY000554/Car_plate_detecting_dataset>;CC-BY-4.0 (CC BY 4.0);day
images/real/huggingface_AY000554_Car_plate_detecting_dataset/21180.jpg;########;type1;218,567,170,38;218,567,388,567,388,605,218,605;1;0;huggingface:AY000554/Car_plate_detecting_dataset <https://huggingface.co/datasets/AY000554/Car_plate_detecting_dataset>;CC-BY-4.0 (CC BY 4.0);day
images/real/huggingface_AY000554_Car_plate_detecting_dataset/21202.jpg;########;type1;408,431,184,47;408,431,592,431,592,478,408,478;1;0;huggingface:AY000554/Car_plate_detecting_dataset <https://huggingface.co/datasets/AY000554/Car_plate_detecting_dataset>;CC-BY-4.0 (CC BY 4.0);day,glare
images/real/huggingface_AY000554_Car_plate_detecting_dataset/2121.jpg;########;type1;667,666,233,107;667,666,900,666,900,773,667,773;1;0;huggingface:AY000554/Car_plate_detecting_dataset <https://huggingface.co/datasets/AY000554/Car_plate_detecting_dataset>;CC-BY-4.0 (CC BY 4.0);day
images/real/huggingface_AY000554_Car_plate_detecting_dataset/21213.jpg;########;type1;493,881,349,90;493,881,842,881,842,971,493,971;1;0;huggingface:AY000554/Car_plate_detecting_dataset <https://huggingface.co/datasets/AY000554/Car_plate_detecting_dataset>;CC-BY-4.0 (CC BY 4.0);day,glare,motion_blur
images/real/huggingface_AY000554_Car_plate_detecting_dataset/21215.jpg;########;type1;575,494,230,48;575,494,805,494,805,542,575,542;1;0;huggingface:AY000554/Car_plate_detecting_dataset <https://huggingface.co/datasets/AY000554/Car_plate_detecting_dataset>;CC-BY-4.0 (CC BY 4.0);day
images/real/huggingface_AY000554_Car_plate_detecting_dataset/21223.jpg;########;type1;645,716,240,69;645,716,885,716,885,785,645,785;1;0;huggingface:AY000554/Car_plate_detecting_dataset <https://huggingface.co/datasets/AY000554/Car_plate_detecting_dataset>;CC-BY-4.0 (CC BY 4.0);day
images/real/huggingface_AY000554_Car_plate_detecting_dataset/21227.jpg;########;type1;488,671,439,112;488,671,927,671,927,783,488,783;1;0;huggingface:AY000554/Car_plate_detecting_dataset <https://huggingface.co/datasets/AY000554/Car_plate_detecting_dataset>;CC-BY-4.0 (CC BY 4.0);day
images/real/huggingface_AY000554_Car_plate_detecting_dataset/2123.jpg;########;type1;937,639,214,61;937,639,1151,639,1151,700,937,700;1;0;huggingface:AY000554/Car_plate_detecting_dataset <https://huggingface.co/datasets/AY000554/Car_plate_detecting_dataset>;CC-BY-4.0 (CC BY 4.0);day,glare
images/real/huggingface_AY000554_Car_plate_detecting_dataset/21230.jpg;########;type1;992,468,120,96;992,468,1112,468,1112,564,992,564;1;0;huggingface:AY000554/Car_plate_detecting_dataset <https://huggingface.co/datasets/AY000554/Car_plate_detecting_dataset>;CC-BY-4.0 (CC BY 4.0);day
images/real/huggingface_AY000554_Car_plate_detecting_dataset/21235.jpg;########;type1;1212,570,180,73;1212,570,1392,570,1392,643,1212,643;1;0;huggingface:AY000554/Car_plate_detecting_dataset <https://huggingface.co/datasets/AY000554/Car_plate_detecting_dataset>;CC-BY-4.0 (CC BY 4.0);day
images/real/huggingface_AY000554_Car_plate_detecting_dataset/21282.jpg;########;type1;503,592,598,114;503,592,1101,592,1101,706,503,706;1;0;huggingface:AY000554/Car_plate_detecting_dataset <https://huggingface.co/datasets/AY000554/Car_plate_detecting_dataset>;CC-BY-4.0 (CC BY 4.0);day,glare
images/real/huggingface_AY000554_Car_plate_detecting_dataset/21336.jpg;########;type1;514,541,338,71;514,541,852,541,852,612,514,612;1;0;huggingface:AY000554/Car_plate_detecting_dataset <https://huggingface.co/datasets/AY000554/Car_plate_detecting_dataset>;CC-BY-4.0 (CC BY 4.0);day
images/real/huggingface_AY000554_Car_plate_detecting_dataset/21337.jpg;########;type1;200,589,152,44;200,589,352,589,352,633,200,633;1;0;huggingface:AY000554/Car_plate_detecting_dataset <https://huggingface.co/datasets/AY000554/Car_plate_detecting_dataset>;CC-BY-4.0 (CC BY 4.0);day,glare
images/real/huggingface_AY000554_Car_plate_detecting_dataset/21362.jpg;########;type1;1094,722,270,93;1094,722,1364,722,1364,815,1094,815;1;0;huggingface:AY000554/Car_plate_detecting_dataset <https://huggingface.co/datasets/AY000554/Car_plate_detecting_dataset>;CC-BY-4.0 (CC BY 4.0);day
images/real/huggingface_AY000554_Car_plate_detecting_dataset/21372.jpg;########;type1;264,387,237,57;264,387,501,387,501,444,264,444;1;0;huggingface:AY000554/Car_plate_detecting_dataset <https://huggingface.co/datasets/AY000554/Car_plate_detecting_dataset>;CC-BY-4.0 (CC BY 4.0);day,motion_blur
images/real/huggingface_AY000554_Car_plate_detecting_dataset/21376.jpg;########;type1;933,768,108,31;933,768,1041,768,1041,799,933,799;1;0;huggingface:AY000554/Car_plate_detecting_dataset <https://huggingface.co/datasets/AY000554/Car_plate_detecting_dataset>;CC-BY-4.0 (CC BY 4.0);day
images/real/huggingface_AY000554_Car_plate_detecting_dataset/21382.jpg;########;type1;609,646,372,81;609,646,981,646,981,727,609,727;1;0;huggingface:AY000554/Car_plate_detecting_dataset <https://huggingface.co/datasets/AY000554/Car_plate_detecting_dataset>;CC-BY-4.0 (CC BY 4.0);day
images/real/huggingface_AY000554_Car_plate_detecting_dataset/21390.jpg;########;type1;173,465,90,45;173,465,263,465,263,510,173,510;1;0;huggingface:AY000554/Car_plate_detecting_dataset <https://huggingface.co/datasets/AY000554/Car_plate_detecting_dataset>;CC-BY-4.0 (CC BY 4.0);day
images/real/huggingface_AY000554_Car_plate_detecting_dataset/21390.jpg;########;type1;596,557,96,48;596,557,692,557,692,605,596,605;1;0;huggingface:AY000554/Car_plate_detecting_dataset <https://huggingface.co/datasets/AY000554/Car_plate_detecting_dataset>;CC-BY-4.0 (CC BY 4.0);day
images/real/huggingface_AY000554_Car_plate_detecting_dataset/21412.jpg;########;type1;1255,923,172,66;1255,923,1427,923,1427,989,1255,989;1;0;huggingface:AY000554/Car_plate_detecting_dataset <https://huggingface.co/datasets/AY000554/Car_plate_detecting_dataset>;CC-BY-4.0 (CC BY 4.0);day,glare
images/real/huggingface_AY000554_Car_plate_detecting_dataset/21444.jpg;########;type1;1432,947,316,177;1432,947,1748,947,1748,1124,1432,1124;1;0;huggingface:AY000554/Car_plate_detecting_dataset <https://huggingface.co/datasets/AY000554/Car_plate_detecting_dataset>;CC-BY-4.0 (CC BY 4.0);day
images/real/huggingface_AY000554_Car_plate_detecting_dataset/21448.jpg;########;type1;338,1192,503,142;338,1192,841,1192,841,1334,338,1334;1;0;huggingface:AY000554/Car_plate_detecting_dataset <https://huggingface.co/datasets/AY000554/Car_plate_detecting_dataset>;CC-BY-4.0 (CC BY 4.0);day,glare,motion_blur
images/real/huggingface_AY000554_Car_plate_detecting_dataset/2145.jpg;########;type1;401,747,373,101;401,747,774,747,774,848,401,848;1;0;huggingface:AY000554/Car_plate_detecting_dataset <https://huggingface.co/datasets/AY000554/Car_plate_detecting_dataset>;CC-BY-4.0 (CC BY 4.0);day,glare
images/real/huggingface_AY000554_Car_plate_detecting_dataset/21450.jpg;########;type1;1150,809,272,100;1150,809,1422,809,1422,909,1150,909;1;0;huggingface:AY000554/Car_plate_detecting_dataset <https://huggingface.co/datasets/AY000554/Car_plate_detecting_dataset>;CC-BY-4.0 (CC BY 4.0);day
images/real/huggingface_AY000554_Car_plate_detecting_dataset/21454.jpg;########;type1;954,755,241,109;954,755,1195,755,1195,864,954,864;1;0;huggingface:AY000554/Car_plate_detecting_dataset <https://huggingface.co/datasets/AY000554/Car_plate_detecting_dataset>;CC-BY-4.0 (CC BY 4.0);day,glare
images/real/huggingface_AY000554_Car_plate_detecting_dataset/21462.jpg;########;type1;850,796,441,124;850,796,1291,796,1291,920,850,920;1;0;huggingface:AY000554/Car_plate_detecting_dataset <https://huggingface.co/datasets/AY000554/Car_plate_detecting_dataset>;CC-BY-4.0 (CC BY 4.0);day
images/real/huggingface_AY000554_Car_plate_detecting_dataset/21464.jpg;########;type1;1068,588,177,46;1068,588,1245,588,1245,634,1068,634;1;0;huggingface:AY000554/Car_plate_detecting_dataset <https://huggingface.co/datasets/AY000554/Car_plate_detecting_dataset>;CC-BY-4.0 (CC BY 4.0);day
images/real/huggingface_AY000554_Car_plate_detecting_dataset/21475.jpg;########;type1;325,898,176,64;325,898,501,898,501,962,325,962;1;0;huggingface:AY000554/Car_plate_detecting_dataset <https://huggingface.co/datasets/AY000554/Car_plate_detecting_dataset>;CC-BY-4.0 (CC BY 4.0);day,motion_blur
images/real/huggingface_AY000554_Car_plate_detecting_dataset/21491.jpg;########;type1;337,785,225,46;337,785,562,785,562,831,337,831;1;0;huggingface:AY000554/Car_plate_detecting_dataset <https://huggingface.co/datasets/AY000554/Car_plate_detecting_dataset>;CC-BY-4.0 (CC BY 4.0);day
images/real/huggingface_AY000554_Car_plate_detecting_dataset/21515.jpg;########;type1;395,304,188,36;395,304,583,304,583,340,395,340;1;0;huggingface:AY000554/Car_plate_detecting_dataset <https://huggingface.co/datasets/AY000554/Car_plate_detecting_dataset>;CC-BY-4.0 (CC BY 4.0);day
images/real/huggingface_AY000554_Car_plate_detecting_dataset/21535.jpg;########;type1;552,554,370,92;552,554,922,554,922,646,552,646;1;0;huggingface:AY000554/Car_plate_detecting_dataset <https://huggingface.co/datasets/AY000554/Car_plate_detecting_dataset>;CC-BY-4.0 (CC BY 4.0);day,motion_blur
images/real/huggingface_AY000554_Car_plate_detecting_dataset/21545.jpg;########;type1;260,1067,323,246;260,1067,583,1067,583,1313,260,1313;1;0;huggingface:AY000554/Car_plate_detecting_dataset <https://huggingface.co/datasets/AY000554/Car_plate_detecting_dataset>;CC-BY-4.0 (CC BY 4.0);day,glare,motion_blur
images/real/huggingface_AY000554_Car_plate_detecting_dataset/21549.jpg;########;type1;1079,642,264,69;1079,642,1343,642,1343,711,1079,711;1;0;huggingface:AY000554/Car_plate_detecting_dataset <https://huggingface.co/datasets/AY000554/Car_plate_detecting_dataset>;CC-BY-4.0 (CC BY 4.0);day
images/real/huggingface_AY000554_Car_plate_detecting_dataset/21555.jpg;########;type1;509,501,255,58;509,501,764,501,764,559,509,559;1;0;huggingface:AY000554/Car_plate_detecting_dataset <https://huggingface.co/datasets/AY000554/Car_plate_detecting_dataset>;CC-BY-4.0 (CC BY 4.0);day
images/real/huggingface_AY000554_Car_plate_detecting_dataset/21575.jpg;########;type1;796,645,152,37;796,645,948,645,948,682,796,682;1;0;huggingface:AY000554/Car_plate_detecting_dataset <https://huggingface.co/datasets/AY000554/Car_plate_detecting_dataset>;CC-BY-4.0 (CC BY 4.0);day
images/real/huggingface_AY000554_Car_plate_detecting_dataset/21595.jpg;########;type1;429,849,213,46;429,849,642,849,642,895,429,895;1;0;huggingface:AY000554/Car_plate_detecting_dataset <https://huggingface.co/datasets/AY000554/Car_plate_detecting_dataset>;CC-BY-4.0 (CC BY 4.0);day,glare
images/real/huggingface_AY000554_Car_plate_detecting_dataset/21614.jpg;########;type1;222,885,331,85;222,885,553,885,553,970,222,970;1;0;huggingface:AY000554/Car_plate_detecting_dataset <https://huggingface.co/datasets/AY000554/Car_plate_detecting_dataset>;CC-BY-4.0 (CC BY 4.0);day,glare
images/real/huggingface_AY000554_Car_plate_detecting_dataset/2164.jpg;########;type1;358,571,304,67;358,571,662,571,662,638,358,638;1;0;huggingface:AY000554/Car_plate_detecting_dataset <https://huggingface.co/datasets/AY000554/Car_plate_detecting_dataset>;CC-BY-4.0 (CC BY 4.0);day
images/real/huggingface_AY000554_Car_plate_detecting_dataset/21674.jpg;########;type1;736,474,225,61;736,474,961,474,961,535,736,535;1;0;huggingface:AY000554/Car_plate_detecting_dataset <https://huggingface.co/datasets/AY000554/Car_plate_detecting_dataset>;CC-BY-4.0 (CC BY 4.0);day
images/real/huggingface_AY000554_Car_plate_detecting_dataset/21674.jpg;########;type1;1238,378,87,27;1238,378,1325,378,1325,405,1238,405;1;0;huggingface:AY000554/Car_plate_detecting_dataset <https://huggingface.co/datasets/AY000554/Car_plate_detecting_dataset>;CC-BY-4.0 (CC BY 4.0);day
images/real/huggingface_AY000554_Car_plate_detecting_dataset/21681.jpg;########;type1;866,770,358,99;866,770,1224,770,1224,869,866,869;1;0;huggingface:AY000554/Car_plate_detecting_dataset <https://huggingface.co/datasets/AY000554/Car_plate_detecting_dataset>;CC-BY-4.0 (CC BY 4.0);day,glare
images/real/huggingface_AY000554_Car_plate_detecting_dataset/21684.jpg;########;type1;330,425,351,83;330,425,681,425,681,508,330,508;1;0;huggingface:AY000554/Car_plate_detecting_dataset <https://huggingface.co/datasets/AY000554/Car_plate_detecting_dataset>;CC-BY-4.0 (CC BY 4.0);day
images/real/huggingface_AY000554_Car_plate_detecting_dataset/21709.jpg;########;type1;514,750,271,98;514,750,785,750,785,848,514,848;1;0;huggingface:AY000554/Car_plate_detecting_dataset <https://huggingface.co/datasets/AY000554/Car_plate_detecting_dataset>;CC-BY-4.0 (CC BY 4.0);day,glare
images/real/huggingface_AY000554_Car_plate_detecting_dataset/21717.jpg;########;type1;161,181,137,45;161,181,298,181,298,226,161,226;1;0;huggingface:AY000554/Car_plate_detecting_dataset <https://huggingface.co/datasets/AY000554/Car_plate_detecting_dataset>;CC-BY-4.0 (CC BY 4.0);day
images/real/huggingface_AY000554_Car_plate_detecting_dataset/21729.jpg;########;type1;323,499,211,49;323,499,534,499,534,548,323,548;1;0;huggingface:AY000554/Car_plate_detecting_dataset <https://huggingface.co/datasets/AY000554/Car_plate_detecting_dataset>;CC-BY-4.0 (CC BY 4.0);day,glare
images/real/huggingface_AY000554_Car_plate_detecting_dataset/21736.jpg;########;type1;208,656,212,62;208,656,420,656,420,718,208,718;1;0;huggingface:AY000554/Car_plate_detecting_dataset <https://huggingface.co/datasets/AY000554/Car_plate_detecting_dataset>;CC-BY-4.0 (CC BY 4.0);day
images/real/huggingface_AY000554_Car_plate_detecting_dataset/2174.jpg;########;type1;541,383,85,27;541,383,626,383,626,410,541,410;1;0;huggingface:AY000554/Car_plate_detecting_dataset <https://huggingface.co/datasets/AY000554/Car_plate_detecting_dataset>;CC-BY-4.0 (CC BY 4.0);day
images/real/huggingface_AY000554_Car_plate_detecting_dataset/21746.jpg;########;type1;674,625,123,27;674,625,797,625,797,652,674,652;1;0;huggingface:AY000554/Car_plate_detecting_dataset <https://huggingface.co/datasets/AY000554/Car_plate_detecting_dataset>;CC-BY-4.0 (CC BY 4.0);day,glare
images/real/huggingface_AY000554_Car_plate_detecting_dataset/21754.jpg;########;type1;574,747,219,53;574,747,793,747,793,800,574,800;1;0;huggingface:AY000554/Car_plate_detecting_dataset <https://huggingface.co/datasets/AY000554/Car_plate_detecting_dataset>;CC-BY-4.0 (CC BY 4.0);day
images/real/huggingface_AY000554_Car_plate_detecting_dataset/21774.jpg;########;type1;407,764,223,60;407,764,630,764,630,824,407,824;1;0;huggingface:AY000554/Car_plate_detecting_dataset <https://huggingface.co/datasets/AY000554/Car_plate_detecting_dataset>;CC-BY-4.0 (CC BY 4.0);day,glare
images/real/huggingface_AY000554_Car_plate_detecting_dataset/21788.jpg;########;type1;251,480,250,54;251,480,501,480,501,534,251,534;1;0;huggingface:AY000554/Car_plate_detecting_dataset <https://huggingface.co/datasets/AY000554/Car_plate_detecting_dataset>;CC-BY-4.0 (CC BY 4.0);day
images/real/huggingface_AY000554_Car_plate_detecting_dataset/21802.jpg;########;type1;556,628,70,18;556,628,626,628,626,646,556,646;1;0;huggingface:AY000554/Car_plate_detecting_dataset <https://huggingface.co/datasets/AY000554/Car_plate_detecting_dataset>;CC-BY-4.0 (CC BY 4.0);day,glare
images/real/huggingface_AY000554_Car_plate_detecting_dataset/21826.jpg;########;type1;613,624,173,46;613,624,786,624,786,670,613,670;1;0;huggingface:AY000554/Car_plate_detecting_dataset <https://huggingface.co/datasets/AY000554/Car_plate_detecting_dataset>;CC-BY-4.0 (CC BY 4.0);day
images/real/huggingface_AY000554_Car_plate_detecting_dataset/21841.jpg;########;type1;477,285,186,56;477,285,663,285,663,341,477,341;1;0;huggingface:AY000554/Car_plate_detecting_dataset <https://huggingface.co/datasets/AY000554/Car_plate_detecting_dataset>;CC-BY-4.0 (CC BY 4.0);day
images/real/huggingface_AY000554_Car_plate_detecting_dataset/2185.jpg;########;type1;1135,734,226,91;1135,734,1361,734,1361,825,1135,825;1;0;huggingface:AY000554/Car_plate_detecting_dataset <https://huggingface.co/datasets/AY000554/Car_plate_detecting_dataset>;CC-BY-4.0 (CC BY 4.0);day
images/real/huggingface_AY000554_Car_plate_detecting_dataset/21854.jpg;########;type1;279,668,357,209;279,668,636,668,636,877,279,877;1;0;huggingface:AY000554/Car_plate_detecting_dataset <https://huggingface.co/datasets/AY000554/Car_plate_detecting_dataset>;CC-BY-4.0 (CC BY 4.0);day,glare
images/real/huggingface_AY000554_Car_plate_detecting_dataset/21870.jpg;########;type1;394,870,235,52;394,870,629,870,629,922,394,922;1;0;huggingface:AY000554/Car_plate_detecting_dataset <https://huggingface.co/datasets/AY000554/Car_plate_detecting_dataset>;CC-BY-4.0 (CC BY 4.0);day,motion_blur
images/real/huggingface_AY000554_Car_plate_detecting_dataset/21889.jpg;########;type1;427,777,483,95;427,777,910,777,910,872,427,872;1;0;huggingface:AY000554/Car_plate_detecting_dataset <https://huggingface.co/datasets/AY000554/Car_plate_detecting_dataset>;CC-BY-4.0 (CC BY 4.0);day
images/real/huggingface_AY000554_Car_plate_detecting_dataset/21922.jpg;########;type1;1394,860,179,62;1394,860,1573,860,1573,922,1394,922;1;0;huggingface:AY000554/Car_plate_detecting_dataset <https://huggingface.co/datasets/AY000554/Car_plate_detecting_dataset>;CC-BY-4.0 (CC BY 4.0);day,glare
images/real/huggingface_AY000554_Car_plate_detecting_dataset/21934.jpg;########;type1;971,711,309,74;971,711,1280,711,1280,785,971,785;1;0;huggingface:AY000554/Car_plate_detecting_dataset <https://huggingface.co/datasets/AY000554/Car_plate_detecting_dataset>;CC-BY-4.0 (CC BY 4.0);day
images/real/huggingface_AY000554_Car_plate_detecting_dataset/21939.jpg;########;type1;372,561,224,229;372,561,596,561,596,790,372,790;1;0;huggingface:AY000554/Car_plate_detecting_dataset <https://huggingface.co/datasets/AY000554/Car_plate_detecting_dataset>;CC-BY-4.0 (CC BY 4.0);day,glare
images/real/huggingface_AY000554_Car_plate_detecting_dataset/21945.jpg;########;type1;257,386,167,49;257,386,424,386,424,435,257,435;1;0;huggingface:AY000554/Car_plate_detecting_dataset <https://huggingface.co/datasets/AY000554/Car_plate_detecting_dataset>;CC-BY-4.0 (CC BY 4.0);day
images/real/huggingface_AY000554_Car_plate_detecting_dataset/21958.jpg;########;type1;202,217,190,42;202,217,392,217,392,259,202,259;1;0;huggingface:AY000554/Car_plate_detecting_dataset <https://huggingface.co/datasets/AY000554/Car_plate_detecting_dataset>;CC-BY-4.0 (CC BY 4.0);day,glare
images/real/huggingface_AY000554_Car_plate_detecting_dataset/2200.jpg;########;type1;958,1060,386,53;958,1060,1344,1060,1344,1113,958,1113;1;0;huggingface:AY000554/Car_plate_detecting_dataset <https://huggingface.co/datasets/AY000554/Car_plate_detecting_dataset>;CC-BY-4.0 (CC BY 4.0);day,glare
images/real/huggingface_AY000554_Car_plate_detecting_dataset/2202.jpg;########;type1;196,332,124,40;196,332,320,332,320,372,196,372;1;0;huggingface:AY000554/Car_plate_detecting_dataset <https://huggingface.co/datasets/AY000554/Car_plate_detecting_dataset>;CC-BY-4.0 (CC BY 4.0);day
images/real/huggingface_AY000554_Car_plate_detecting_dataset/22033.jpg;########;type1;380,539,372,93;380,539,752,539,752,632,380,632;1;0;huggingface:AY000554/Car_plate_detecting_dataset <https://huggingface.co/datasets/AY000554/Car_plate_detecting_dataset>;CC-BY-4.0 (CC BY 4.0);day,glare
images/real/huggingface_AY000554_Car_plate_detecting_dataset/22064.jpg;########;type1;514,906,264,67;514,906,778,906,778,973,514,973;1;0;huggingface:AY000554/Car_plate_detecting_dataset <https://huggingface.co/datasets/AY000554/Car_plate_detecting_dataset>;CC-BY-4.0 (CC BY 4.0);day,glare
images/real/huggingface_AY000554_Car_plate_detecting_dataset/22112.jpg;########;type1;478,873,144,39;478,873,622,873,622,912,478,912;1;0;huggingface:AY000554/Car_plate_detecting_dataset <https://huggingface.co/datasets/AY000554/Car_plate_detecting_dataset>;CC-BY-4.0 (CC BY 4.0);day
images/real/huggingface_AY000554_Car_plate_detecting_dataset/22116.jpg;########;type1;445,757,254,92;445,757,699,757,699,849,445,849;1;0;huggingface:AY000554/Car_plate_detecting_dataset <https://huggingface.co/datasets/AY000554/Car_plate_detecting_dataset>;CC-BY-4.0 (CC BY 4.0);day
images/real/huggingface_AY000554_Car_plate_detecting_dataset/22128.jpg;########;type1;733,818,197,41;733,818,930,818,930,859,733,859;1;0;huggingface:AY000554/Car_plate_detecting_dataset <https://huggingface.co/datasets/AY000554/Car_plate_detecting_dataset>;CC-BY-4.0 (CC BY 4.0);day
images/real/huggingface_AY000554_Car_plate_detecting_dataset/22143.jpg;########;type1;667,421,135,30;667,421,802,421,802,451,667,451;1;0;huggingface:AY000554/Car_plate_detecting_dataset <https://huggingface.co/datasets/AY000554/Car_plate_detecting_dataset>;CC-BY-4.0 (CC BY 4.0);day
images/real/huggingface_AY000554_Car_plate_detecting_dataset/22158.jpg;########;type1;315,440,202,44;315,440,517,440,517,484,315,484;1;0;huggingface:AY000554/Car_plate_detecting_dataset <https://huggingface.co/datasets/AY000554/Car_plate_detecting_dataset>;CC-BY-4.0 (CC BY 4.0);day
images/real/huggingface_AY000554_Car_plate_detecting_dataset/22160.jpg;########;type1;243,571,298,81;243,571,541,571,541,652,243,652;1;0;huggingface:AY000554/Car_plate_detecting_dataset <https://huggingface.co/datasets/AY000554/Car_plate_detecting_dataset>;CC-BY-4.0 (CC BY 4.0);day,glare
images/real/huggingface_AY000554_Car_plate_detecting_dataset/22165.jpg;########;type1b;350,947,119,31;350,947,469,947,469,978,350,978;1;0;huggingface:AY000554/Car_plate_detecting_dataset <https://huggingface.co/datasets/AY000554/Car_plate_detecting_dataset>;CC-BY-4.0 (CC BY 4.0);day
images/real/huggingface_AY000554_Car_plate_detecting_dataset/22198.jpg;########;type1;983,754,305,72;983,754,1288,754,1288,826,983,826;1;0;huggingface:AY000554/Car_plate_detecting_dataset <https://huggingface.co/datasets/AY000554/Car_plate_detecting_dataset>;CC-BY-4.0 (CC BY 4.0);day
images/real/huggingface_AY000554_Car_plate_detecting_dataset/22199.jpg;########;type1;461,291,220,47;461,291,681,291,681,338,461,338;1;0;huggingface:AY000554/Car_plate_detecting_dataset <https://huggingface.co/datasets/AY000554/Car_plate_detecting_dataset>;CC-BY-4.0 (CC BY 4.0);day,glare
images/real/huggingface_AY000554_Car_plate_detecting_dataset/2220.jpg;########;type1;263,360,85,26;263,360,348,360,348,386,263,386;1;0;huggingface:AY000554/Car_plate_detecting_dataset <https://huggingface.co/datasets/AY000554/Car_plate_detecting_dataset>;CC-BY-4.0 (CC BY 4.0);day,glare
images/real/huggingface_AY000554_Car_plate_detecting_dataset/22208.jpg;########;type1;656,514,154,33;656,514,810,514,810,547,656,547;1;0;huggingface:AY000554/Car_plate_detecting_dataset <https://huggingface.co/datasets/AY000554/Car_plate_detecting_dataset>;CC-BY-4.0 (CC BY 4.0);day
images/real/huggingface_AY000554_Car_plate_detecting_dataset/22222.jpg;########;type1;1095,692,270,71;1095,692,1365,692,1365,763,1095,763;1;0;huggingface:AY000554/Car_plate_detecting_dataset <https://huggingface.co/datasets/AY000554/Car_plate_detecting_dataset>;CC-BY-4.0 (CC BY 4.0);day
images/real/huggingface_AY000554_Car_plate_detecting_dataset/22230.jpg;########;type1b;348,485,178,50;348,485,526,485,526,535,348,535;1;0;huggingface:AY000554/Car_plate_detecting_dataset <https://huggingface.co/datasets/AY000554/Car_plate_detecting_dataset>;CC-BY-4.0 (CC BY 4.0);night
images/real/huggingface_AY000554_Car_plate_detecting_dataset/22237.jpg;########;type1;507,613,153,43;507,613,660,613,660,656,507,656;1;0;huggingface:AY000554/Car_plate_detecting_dataset <https://huggingface.co/datasets/AY000554/Car_plate_detecting_dataset>;CC-BY-4.0 (CC BY 4.0);day,motion_blur
images/real/huggingface_AY000554_Car_plate_detecting_dataset/22241.jpg;########;type1;1217,567,138,77;1217,567,1355,567,1355,644,1217,644;1;0;huggingface:AY000554/Car_plate_detecting_dataset <https://huggingface.co/datasets/AY000554/Car_plate_detecting_dataset>;CC-BY-4.0 (CC BY 4.0);day,glare
images/real/huggingface_AY000554_Car_plate_detecting_dataset/22244.jpg;########;type1;447,656,381,123;447,656,828,656,828,779,447,779;1;0;huggingface:AY000554/Car_plate_detecting_dataset <https://huggingface.co/datasets/AY000554/Car_plate_detecting_dataset>;CC-BY-4.0 (CC BY 4.0);day,motion_blur
images/real/huggingface_AY000554_Car_plate_detecting_dataset/22290.jpg;########;type1;1158,572,110,35;1158,572,1268,572,1268,607,1158,607;1;0;huggingface:AY000554/Car_plate_detecting_dataset <https://huggingface.co/datasets/AY000554/Car_plate_detecting_dataset>;CC-BY-4.0 (CC BY 4.0);day,glare
images/real/huggingface_AY000554_Car_plate_detecting_dataset/2230.jpg;########;type1;843,647,253,50;843,647,1096,647,1096,697,843,697;1;0;huggingface:AY000554/Car_plate_detecting_dataset <https://huggingface.co/datasets/AY000554/Car_plate_detecting_dataset>;CC-BY-4.0 (CC BY 4.0);day
images/real/huggingface_AY000554_Car_plate_detecting_dataset/22300.jpg;########;type1;1357,904,174,58;1357,904,1531,904,1531,962,1357,962;1;0;huggingface:AY000554/Car_plate_detecting_dataset <https://huggingface.co/datasets/AY000554/Car_plate_detecting_dataset>;CC-BY-4.0 (CC BY 4.0);day,glare
images/real/huggingface_AY000554_Car_plate_detecting_dataset/22301.jpg;########;type1;390,593,250,93;390,593,640,593,640,686,390,686;1;0;huggingface:AY000554/Car_plate_detecting_dataset <https://huggingface.co/datasets/AY000554/Car_plate_detecting_dataset>;CC-BY-4.0 (CC BY 4.0);day
images/real/huggingface_AY000554_Car_plate_detecting_dataset/22320.jpg;########;type1;212,619,183,41;212,619,395,619,395,660,212,660;1;0;huggingface:AY000554/Car_plate_detecting_dataset <https://huggingface.co/datasets/AY000554/Car_plate_detecting_dataset>;CC-BY-4.0 (CC BY 4.0);day
images/real/huggingface_AY000554_Car_plate_detecting_dataset/22331.jpg;########;type1;454,853,349,74;454,853,803,853,803,927,454,927;1;0;huggingface:AY000554/Car_plate_detecting_dataset <https://huggingface.co/datasets/AY000554/Car_plate_detecting_dataset>;CC-BY-4.0 (CC BY 4.0);day,glare
images/real/huggingface_AY000554_Car_plate_detecting_dataset/22361.jpg;########;type1;748,524,66,23;748,524,814,524,814,547,748,547;1;0;huggingface:AY000554/Car_plate_detecting_dataset <https://huggingface.co/datasets/AY000554/Car_plate_detecting_dataset>;CC-BY-4.0 (CC BY 4.0);day,glare
images/real/huggingface_AY000554_Car_plate_detecting_dataset/22364.jpg;########;type1;48,391,193,41;48,391,241,391,241,432,48,432;1;0;huggingface:AY000554/Car_plate_detecting_dataset <https://huggingface.co/datasets/AY000554/Car_plate_detecting_dataset>;CC-BY-4.0 (CC BY 4.0);night
images/real/huggingface_AY000554_Car_plate_detecting_dataset/22372.jpg;########;type1;174,474,148,34;174,474,322,474,322,508,174,508;1;0;huggingface:AY000554/Car_plate_detecting_dataset <https://huggingface.co/datasets/AY000554/Car_plate_detecting_dataset>;CC-BY-4.0 (CC BY 4.0);day
images/real/huggingface_AY000554_Car_plate_detecting_dataset/22386.jpg;########;type1;1057,646,151,65;1057,646,1208,646,1208,711,1057,711;1;0;huggingface:AY000554/Car_plate_detecting_dataset <https://huggingface.co/datasets/AY000554/Car_plate_detecting_dataset>;CC-BY-4.0 (CC BY 4.0);day,glare
images/real/huggingface_AY000554_Car_plate_detecting_dataset/22413.jpg;########;type1;871,536,192,81;871,536,1063,536,1063,617,871,617;1;0;huggingface:AY000554/Car_plate_detecting_dataset <https://huggingface.co/datasets/AY000554/Car_plate_detecting_dataset>;CC-BY-4.0 (CC BY 4.0);day
images/real/huggingface_AY000554_Car_plate_detecting_dataset/22416.jpg;########;type1;487,822,221,57;487,822,708,822,708,879,487,879;1;0;huggingface:AY000554/Car_plate_detecting_dataset <https://huggingface.co/datasets/AY000554/Car_plate_detecting_dataset>;CC-BY-4.0 (CC BY 4.0);day,motion_blur
images/real/huggingface_AY000554_Car_plate_detecting_dataset/22418.jpg;########;type1;292,732,252,71;292,732,544,732,544,803,292,803;1;0;huggingface:AY000554/Car_plate_detecting_dataset <https://huggingface.co/datasets/AY000554/Car_plate_detecting_dataset>;CC-BY-4.0 (CC BY 4.0);day
images/real/huggingface_AY000554_Car_plate_detecting_dataset/22424.jpg;########;type1;297,433,290,84;297,433,587,433,587,517,297,517;1;0;huggingface:AY000554/Car_plate_detecting_dataset <https://huggingface.co/datasets/AY000554/Car_plate_detecting_dataset>;CC-BY-4.0 (CC BY 4.0);day,motion_blur
images/real/huggingface_AY000554_Car_plate_detecting_dataset/22426.jpg;########;type1;605,634,419,82;605,634,1024,634,1024,716,605,716;1;0;huggingface:AY000554/Car_plate_detecting_dataset <https://huggingface.co/datasets/AY000554/Car_plate_detecting_dataset>;CC-BY-4.0 (CC BY 4.0);day
images/real/huggingface_AY000554_Car_plate_detecting_dataset/22433.jpg;########;type1;684,413,84,26;684,413,768,413,768,439,684,439;1;0;huggingface:AY000554/Car_plate_detecting_dataset <https://huggingface.co/datasets/AY000554/Car_plate_detecting_dataset>;CC-BY-4.0 (CC BY 4.0);day,motion_blur
images/real/huggingface_AY000554_Car_plate_detecting_dataset/22445.jpg;########;type1;277,603,178,42;277,603,455,603,455,645,277,645;1;0;huggingface:AY000554/Car_plate_detecting_dataset <https://huggingface.co/datasets/AY000554/Car_plate_detecting_dataset>;CC-BY-4.0 (CC BY 4.0);night
images/real/huggingface_AY000554_Car_plate_detecting_dataset/22455.jpg;########;type1;537,809,295,102;537,809,832,809,832,911,537,911;1;0;huggingface:AY000554/Car_plate_detecting_dataset <https://huggingface.co/datasets/AY000554/Car_plate_detecting_dataset>;CC-BY-4.0 (CC BY 4.0);day
images/real/huggingface_AY000554_Car_plate_detecting_dataset/2248.jpg;########;type1;494,855,235,100;494,855,729,855,729,955,494,955;1;0;huggingface:AY000554/Car_plate_detecting_dataset <https://huggingface.co/datasets/AY000554/Car_plate_detecting_dataset>;CC-BY-4.0 (CC BY 4.0);day,glare
images/real/huggingface_AY000554_Car_plate_detecting_dataset/22488.jpg;########;type1;528,567,316,73;528,567,844,567,844,640,528,640;1;0;huggingface:AY000554/Car_plate_detecting_dataset <https://huggingface.co/datasets/AY000554/Car_plate_detecting_dataset>;CC-BY-4.0 (CC BY 4.0);day
images/real/huggingface_AY000554_Car_plate_detecting_dataset/22495.jpg;########;type1;1101,663,225,129;1101,663,1326,663,1326,792,1101,792;1;0;huggingface:AY000554/Car_plate_detecting_dataset <https://huggingface.co/datasets/AY000554/Car_plate_detecting_dataset>;CC-BY-4.0 (CC BY 4.0);day,glare
images/real/huggingface_AY000554_Car_plate_detecting_dataset/22496.jpg;########;type1;245,334,236,51;245,334,481,334,481,385,245,385;1;0;huggingface:AY000554/Car_plate_detecting_dataset <https://huggingface.co/datasets/AY000554/Car_plate_detecting_dataset>;CC-BY-4.0 (CC BY 4.0);day,glare
images/real/huggingface_AY000554_Car_plate_detecting_dataset/22523.jpg;########;type1;198,616,279,124;198,616,477,616,477,740,198,740;1;0;huggingface:AY000554/Car_plate_detecting_dataset <https://huggingface.co/datasets/AY000554/Car_plate_detecting_dataset>;CC-BY-4.0 (CC BY 4.0);day
images/real/huggingface_AY000554_Car_plate_detecting_dataset/22528.jpg;########;type1;234,313,228,52;234,313,462,313,462,365,234,365;1;0;huggingface:AY000554/Car_plate_detecting_dataset <https://huggingface.co/datasets/AY000554/Car_plate_detecting_dataset>;CC-BY-4.0 (CC BY 4.0);night
images/real/huggingface_AY000554_Car_plate_detecting_dataset/2255.jpg;########;type1;1263,707,279,161;1263,707,1542,707,1542,868,1263,868;1;0;huggingface:AY000554/Car_plate_detecting_dataset <https://huggingface.co/datasets/AY000554/Car_plate_detecting_dataset>;CC-BY-4.0 (CC BY 4.0);day
images/real/huggingface_AY000554_Car_plate_detecting_dataset/22557.jpg;########;type1;497,713,391,96;497,713,888,713,888,809,497,809;1;0;huggingface:AY000554/Car_plate_detecting_dataset <https://huggingface.co/datasets/AY000554/Car_plate_detecting_dataset>;CC-BY-4.0 (CC BY 4.0);day
images/real/huggingface_AY000554_Car_plate_detecting_dataset/22563.jpg;########;type1;2,134,63,18;2,134,65,134,65,152,2,152;1;0;huggingface:AY000554/Car_plate_detecting_dataset <https://huggingface.co/datasets/AY000554/Car_plate_detecting_dataset>;CC-BY-4.0 (CC BY 4.0);day
images/real/huggingface_AY000554_Car_plate_detecting_dataset/22563.jpg;########;type1;747,650,230,123;747,650,977,650,977,773,747,773;1;0;huggingface:AY000554/Car_plate_detecting_dataset <https://huggingface.co/datasets/AY000554/Car_plate_detecting_dataset>;CC-BY-4.0 (CC BY 4.0);day
images/real/huggingface_AY000554_Car_plate_detecting_dataset/22578.jpg;########;type1;1229,629,239,111;1229,629,1468,629,1468,740,1229,740;1;0;huggingface:AY000554/Car_plate_detecting_dataset <https://huggingface.co/datasets/AY000554/Car_plate_detecting_dataset>;CC-BY-4.0 (CC BY 4.0);day,glare
images/real/huggingface_AY000554_Car_plate_detecting_dataset/22589.jpg;########;type1;323,646,207,49;323,646,530,646,530,695,323,695;1;0;huggingface:AY000554/Car_plate_detecting_dataset <https://huggingface.co/datasets/AY000554/Car_plate_detecting_dataset>;CC-BY-4.0 (CC BY 4.0);day
images/real/huggingface_AY000554_Car_plate_detecting_dataset/22593.jpg;########;type1;328,417,208,46;328,417,536,417,536,463,328,463;1;0;huggingface:AY000554/Car_plate_detecting_dataset <https://huggingface.co/datasets/AY000554/Car_plate_detecting_dataset>;CC-BY-4.0 (CC BY 4.0);day,glare
images/real/huggingface_AY000554_Car_plate_detecting_dataset/22608.jpg;########;type1;876,548,249,59;876,548,1125,548,1125,607,876,607;1;0;huggingface:AY000554/Car_plate_detecting_dataset <https://huggingface.co/datasets/AY000554/Car_plate_detecting_dataset>;CC-BY-4.0 (CC BY 4.0);day
images/real/huggingface_AY000554_Car_plate_detecting_dataset/2262.jpg;########;type1;663,479,144,38;663,479,807,479,807,517,663,517;1;0;huggingface:AY000554/Car_plate_detecting_dataset <https://huggingface.co/datasets/AY000554/Car_plate_detecting_dataset>;CC-BY-4.0 (CC BY 4.0);day
images/real/huggingface_AY000554_Car_plate_detecting_dataset/22650.jpg;########;type1;132,300,89,36;132,300,221,300,221,336,132,336;1;0;huggingface:AY000554/Car_plate_detecting_dataset <https://huggingface.co/datasets/AY000554/Car_plate_detecting_dataset>;CC-BY-4.0 (CC BY 4.0);day
images/real/huggingface_AY000554_Car_plate_detecting_dataset/22651.jpg;########;type1;94,257,122,45;94,257,216,257,216,302,94,302;1;0;huggingface:AY000554/Car_plate_detecting_dataset <https://huggingface.co/datasets/AY000554/Car_plate_detecting_dataset>;CC-BY-4.0 (CC BY 4.0);day,glare
images/real/huggingface_AY000554_Car_plate_detecting_dataset/22687.jpg;########;type1;136,320,91,20;136,320,227,320,227,340,136,340;1;0;huggingface:AY000554/Car_plate_detecting_dataset <https://huggingface.co/datasets/AY000554/Car_plate_detecting_dataset>;CC-BY-4.0 (CC BY 4.0);day
images/real/huggingface_AY000554_Car_plate_detecting_dataset/22698.jpg;########;type1;814,676,274,65;814,676,1088,676,1088,741,814,741;1;0;huggingface:AY000554/Car_plate_detecting_dataset <https://huggingface.co/datasets/AY000554/Car_plate_detecting_dataset>;CC-BY-4.0 (CC BY 4.0);day
images/real/huggingface_AY000554_Car_plate_detecting_dataset/227.jpg;########;type1;243,474,100,29;243,474,343,474,343,503,243,503;1;0;huggingface:AY000554/Car_plate_detecting_dataset <https://huggingface.co/datasets/AY000554/Car_plate_detecting_dataset>;CC-BY-4.0 (CC BY 4.0);day,glare
images/real/huggingface_AY000554_Car_plate_detecting_dataset/22700.jpg;########;type1;564,559,192,40;564,559,756,559,756,599,564,599;1;0;huggingface:AY000554/Car_plate_detecting_dataset <https://huggingface.co/datasets/AY000554/Car_plate_detecting_dataset>;CC-BY-4.0 (CC BY 4.0);day
images/real/huggingface_AY000554_Car_plate_detecting_dataset/22707.jpg;########;type1;264,284,192,58;264,284,456,284,456,342,264,342;1;0;huggingface:AY000554/Car_plate_detecting_dataset <https://huggingface.co/datasets/AY000554/Car_plate_detecting_dataset>;CC-BY-4.0 (CC BY 4.0);day
images/real/huggingface_AY000554_Car_plate_detecting_dataset/22713.jpg;########;type1;283,714,290,118;283,714,573,714,573,832,283,832;1;0;huggingface:AY000554/Car_plate_detecting_dataset <https://huggingface.co/datasets/AY000554/Car_plate_detecting_dataset>;CC-BY-4.0 (CC BY 4.0);day
images/real/huggingface_AY000554_Car_plate_detecting_dataset/22727.jpg;########;type1;405,349,107,33;405,349,512,349,512,382,405,382;1;0;huggingface:AY000554/Car_plate_detecting_dataset <https://huggingface.co/datasets/AY000554/Car_plate_detecting_dataset>;CC-BY-4.0 (CC BY 4.0);day,glare
images/real/huggingface_AY000554_Car_plate_detecting_dataset/22727.jpg;########;type1;563,287,42,12;563,287,605,287,605,299,563,299;1;0;huggingface:AY000554/Car_plate_detecting_dataset <https://huggingface.co/datasets/AY000554/Car_plate_detecting_dataset>;CC-BY-4.0 (CC BY 4.0);day,glare
images/real/huggingface_AY000554_Car_plate_detecting_dataset/22743.jpg;########;type1;150,283,84,25;150,283,234,283,234,308,150,308;1;0;huggingface:AY000554/Car_plate_detecting_dataset <https://huggingface.co/datasets/AY000554/Car_plate_detecting_dataset>;CC-BY-4.0 (CC BY 4.0);day
images/real/huggingface_AY000554_Car_plate_detecting_dataset/22748.jpg;########;type1;130,587,178,70;130,587,308,587,308,657,130,657;1;0;huggingface:AY000554/Car_plate_detecting_dataset <https://huggingface.co/datasets/AY000554/Car_plate_detecting_dataset>;CC-BY-4.0 (CC BY 4.0);day,glare
images/real/huggingface_AY000554_Car_plate_detecting_dataset/22752.jpg;########;type1;697,705,421,103;697,705,1118,705,1118,808,697,808;1;0;huggingface:AY000554/Car_plate_detecting_dataset <https://huggingface.co/datasets/AY000554/Car_plate_detecting_dataset>;CC-BY-4.0 (CC BY 4.0);day
images/real/huggingface_AY000554_Car_plate_detecting_dataset/22766.jpg;########;type1b;1276,637,390,84;1276,637,1666,637,1666,721,1276,721;1;0;huggingface:AY000554/Car_plate_detecting_dataset <https://huggingface.co/datasets/AY000554/Car_plate_detecting_dataset>;CC-BY-4.0 (CC BY 4.0);night,motion_blur
images/real/huggingface_AY000554_Car_plate_detecting_dataset/22770.jpg;########;type1;621,717,203,51;621,717,824,717,824,768,621,768;1;0;huggingface:AY000554/Car_plate_detecting_dataset <https://huggingface.co/datasets/AY000554/Car_plate_detecting_dataset>;CC-BY-4.0 (CC BY 4.0);day,motion_blur
images/real/huggingface_AY000554_Car_plate_detecting_dataset/22799.jpg;########;type1;445,326,172,44;445,326,617,326,617,370,445,370;1;0;huggingface:AY000554/Car_plate_detecting_dataset <https://huggingface.co/datasets/AY000554/Car_plate_detecting_dataset>;CC-BY-4.0 (CC BY 4.0);day,glare
images/real/huggingface_AY000554_Car_plate_detecting_dataset/2280.jpg;########;type1;1172,1104,231,102;1172,1104,1403,1104,1403,1206,1172,1206;1;0;huggingface:AY000554/Car_plate_detecting_dataset <https://huggingface.co/datasets/AY000554/Car_plate_detecting_dataset>;CC-BY-4.0 (CC BY 4.0);day,motion_blur
images/real/huggingface_AY000554_Car_plate_detecting_dataset/22820.jpg;########;type1;223,281,207,42;223,281,430,281,430,323,223,323;1;0;huggingface:AY000554/Car_plate_detecting_dataset <https://huggingface.co/datasets/AY000554/Car_plate_detecting_dataset>;CC-BY-4.0 (CC BY 4.0);day
images/real/huggingface_AY000554_Car_plate_detecting_dataset/22828.jpg;########;type1;219,667,305,96;219,667,524,667,524,763,219,763;1;0;huggingface:AY000554/Car_plate_detecting_dataset <https://huggingface.co/datasets/AY000554/Car_plate_detecting_dataset>;CC-BY-4.0 (CC BY 4.0);day
images/real/huggingface_AY000554_Car_plate_detecting_dataset/22836.jpg;########;type1;850,636,274,118;850,636,1124,636,1124,754,850,754;1;0;huggingface:AY000554/Car_plate_detecting_dataset <https://huggingface.co/datasets/AY000554/Car_plate_detecting_dataset>;CC-BY-4.0 (CC BY 4.0);day,glare
images/real/huggingface_AY000554_Car_plate_detecting_dataset/22836.jpg;########;type1;1300,288,100,31;1300,288,1400,288,1400,319,1300,319;1;0;huggingface:AY000554/Car_plate_detecting_dataset <https://huggingface.co/datasets/AY000554/Car_plate_detecting_dataset>;CC-BY-4.0 (CC BY 4.0);day,glare
images/real/huggingface_AY000554_Car_plate_detecting_dataset/22850.jpg;########;type1;665,707,252,71;665,707,917,707,917,778,665,778;1;0;huggingface:AY000554/Car_plate_detecting_dataset <https://huggingface.co/datasets/AY000554/Car_plate_detecting_dataset>;CC-BY-4.0 (CC BY 4.0);day,glare
images/real/huggingface_AY000554_Car_plate_detecting_dataset/22853.jpg;########;type1;296,287,144,66;296,287,440,287,440,353,296,353;1;0;huggingface:AY000554/Car_plate_detecting_dataset <https://huggingface.co/datasets/AY000554/Car_plate_detecting_dataset>;CC-BY-4.0 (CC BY 4.0);day
images/real/huggingface_AY000554_Car_plate_detecting_dataset/22865.jpg;########;type1;207,722,216,64;207,722,423,722,423,786,207,786;1;0;huggingface:AY000554/Car_plate_detecting_dataset <https://huggingface.co/datasets/AY000554/Car_plate_detecting_dataset>;CC-BY-4.0 (CC BY 4.0);day
images/real/huggingface_AY000554_Car_plate_detecting_dataset/22871.jpg;########;type1;170,699,225,74;170,699,395,699,395,773,170,773;1;0;huggingface:AY000554/Car_plate_detecting_dataset <https://huggingface.co/datasets/AY000554/Car_plate_detecting_dataset>;CC-BY-4.0 (CC BY 4.0);day,glare
images/real/huggingface_AY000554_Car_plate_detecting_dataset/22883.jpg;########;type1;84,434,79,48;84,434,163,434,163,482,84,482;1;0;huggingface:AY000554/Car_plate_detecting_dataset <https://huggingface.co/datasets/AY000554/Car_plate_detecting_dataset>;CC-BY-4.0 (CC BY 4.0);day
images/real/huggingface_AY000554_Car_plate_detecting_dataset/22886.jpg;########;type1;521,556,269,54;521,556,790,556,790,610,521,610;1;0;huggingface:AY000554/Car_plate_detecting_dataset <https://huggingface.co/datasets/AY000554/Car_plate_detecting_dataset>;CC-BY-4.0 (CC BY 4.0);day
images/real/huggingface_AY000554_Car_plate_detecting_dataset/22886.jpg;########;type1;105,442,96,22;105,442,201,442,201,464,105,464;1;0;huggingface:AY000554/Car_plate_detecting_dataset <https://huggingface.co/datasets/AY000554/Car_plate_detecting_dataset>;CC-BY-4.0 (CC BY 4.0);day
images/real/huggingface_AY000554_Car_plate_detecting_dataset/22889.jpg;########;type1;300,671,241,64;300,671,541,671,541,735,300,735;1;0;huggingface:AY000554/Car_plate_detecting_dataset <https://huggingface.co/datasets/AY000554/Car_plate_detecting_dataset>;CC-BY-4.0 (CC BY 4.0);day
images/real/huggingface_AY000554_Car_plate_detecting_dataset/22896.jpg;########;type1;237,512,108,34;237,512,345,512,345,546,237,546;1;0;huggingface:AY000554/Car_plate_detecting_dataset <https://huggingface.co/datasets/AY000554/Car_plate_detecting_dataset>;CC-BY-4.0 (CC BY 4.0);day
images/real/huggingface_AY000554_Car_plate_detecting_dataset/2292.jpg;########;type1;385,355,142,31;385,355,527,355,527,386,385,386;1;0;huggingface:AY000554/Car_plate_detecting_dataset <https://huggingface.co/datasets/AY000554/Car_plate_detecting_dataset>;CC-BY-4.0 (CC BY 4.0);day
images/real/huggingface_AY000554_Car_plate_detecting_dataset/22921.jpg;########;type1;633,279,318,39;633,279,951,279,951,318,633,318;1;0;huggingface:AY000554/Car_plate_detecting_dataset <https://huggingface.co/datasets/AY000554/Car_plate_detecting_dataset>;CC-BY-4.0 (CC BY 4.0);day,glare
images/real/huggingface_AY000554_Car_plate_detecting_dataset/22924.jpg;########;type1;308,545,204,52;308,545,512,545,512,597,308,597;1;0;huggingface:AY000554/Car_plate_detecting_dataset <https://huggingface.co/datasets/AY000554/Car_plate_detecting_dataset>;CC-BY-4.0 (CC BY 4.0);day
images/real/huggingface_AY000554_Car_plate_detecting_dataset/22976.jpg;########;type1;530,645,196,41;530,645,726,645,726,686,530,686;1;0;huggingface:AY000554/Car_plate_detecting_dataset <https://huggingface.co/datasets/AY000554/Car_plate_detecting_dataset>;CC-BY-4.0 (CC BY 4.0);day,motion_blur
images/real/huggingface_AY000554_Car_plate_detecting_dataset/22986.jpg;########;type1;311,711,316,84;311,711,627,711,627,795,311,795;1;0;huggingface:AY000554/Car_plate_detecting_dataset <https://huggingface.co/datasets/AY000554/Car_plate_detecting_dataset>;CC-BY-4.0 (CC BY 4.0);day,glare
images/real/huggingface_AY000554_Car_plate_detecting_dataset/22991.jpg;########;type1;185,239,165,37;185,239,350,239,350,276,185,276;1;0;huggingface:AY000554/Car_plate_detecting_dataset <https://huggingface.co/datasets/AY000554/Car_plate_detecting_dataset>;CC-BY-4.0 (CC BY 4.0);day,glare
images/real/huggingface_AY000554_Car_plate_detecting_dataset/23.jpg;########;type1;848,618,206,91;848,618,1054,618,1054,709,848,709;1;0;huggingface:AY000554/Car_plate_detecting_dataset <https://huggingface.co/datasets/AY000554/Car_plate_detecting_dataset>;CC-BY-4.0 (CC BY 4.0);day,glare
images/real/huggingface_AY000554_Car_plate_detecting_dataset/23011.jpg;########;type1;610,877,200,57;610,877,810,877,810,934,610,934;1;0;huggingface:AY000554/Car_plate_detecting_dataset <https://huggingface.co/datasets/AY000554/Car_plate_detecting_dataset>;CC-BY-4.0 (CC BY 4.0);day
images/real/huggingface_AY000554_Car_plate_detecting_dataset/23016.jpg;########;type1;492,519,144,29;492,519,636,519,636,548,492,548;1;0;huggingface:AY000554/Car_plate_detecting_dataset <https://huggingface.co/datasets/AY000554/Car_plate_detecting_dataset>;CC-BY-4.0 (CC BY 4.0);day
images/real/huggingface_AY000554_Car_plate_detecting_dataset/23016.jpg;########;type1;933,466,63,17;933,466,996,466,996,483,933,483;1;0;huggingface:AY000554/Car_plate_detecting_dataset <https://huggingface.co/datasets/AY000554/Car_plate_detecting_dataset>;CC-BY-4.0 (CC BY 4.0);day
images/real/huggingface_AY000554_Car_plate_detecting_dataset/23034.jpg;########;type1;717,577,257,73;717,577,974,577,974,650,717,650;1;0;huggingface:AY000554/Car_plate_detecting_dataset <https://huggingface.co/datasets/AY000554/Car_plate_detecting_dataset>;CC-BY-4.0 (CC BY 4.0);day,glare
images/real/huggingface_AY000554_Car_plate_detecting_dataset/23039.jpg;########;type1;541,691,220,51;541,691,761,691,761,742,541,742;1;0;huggingface:AY000554/Car_plate_detecting_dataset <https://huggingface.co/datasets/AY000554/Car_plate_detecting_dataset>;CC-BY-4.0 (CC BY 4.0);day
images/real/huggingface_AY000554_Car_plate_detecting_dataset/23040.jpg;########;type1;531,863,162,31;531,863,693,863,693,894,531,894;1;0;huggingface:AY000554/Car_plate_detecting_dataset <https://huggingface.co/datasets/AY000554/Car_plate_detecting_dataset>;CC-BY-4.0 (CC BY 4.0);day,glare
images/real/huggingface_AY000554_Car_plate_detecting_dataset/23041.jpg;########;type1;335,876,304,93;335,876,639,876,639,969,335,969;1;0;huggingface:AY000554/Car_plate_detecting_dataset <https://huggingface.co/datasets/AY000554/Car_plate_detecting_dataset>;CC-BY-4.0 (CC BY 4.0);day
images/real/huggingface_AY000554_Car_plate_detecting_dataset/23045.jpg;########;type1;216,299,121,35;216,299,337,299,337,334,216,334;1;0;huggingface:AY000554/Car_plate_detecting_dataset <https://huggingface.co/datasets/AY000554/Car_plate_detecting_dataset>;CC-BY-4.0 (CC BY 4.0);day
images/real/huggingface_AY000554_Car_plate_detecting_dataset/23069.jpg;########;type1;430,500,240,51;430,500,670,500,670,551,430,551;1;0;huggingface:AY000554/Car_plate_detecting_dataset <https://huggingface.co/datasets/AY000554/Car_plate_detecting_dataset>;CC-BY-4.0 (CC BY 4.0);day,glare
images/real/huggingface_AY000554_Car_plate_detecting_dataset/23098.jpg;########;type1;744,803,436,96;744,803,1180,803,1180,899,744,899;1;0;huggingface:AY000554/Car_plate_detecting_dataset <https://huggingface.co/datasets/AY000554/Car_plate_detecting_dataset>;CC-BY-4.0 (CC BY 4.0);day
images/real/huggingface_AY000554_Car_plate_detecting_dataset/23127.jpg;########;type1;206,321,170,54;206,321,376,321,376,375,206,375;1;0;huggingface:AY000554/Car_plate_detecting_dataset <https://huggingface.co/datasets/AY000554/Car_plate_detecting_dataset>;CC-BY-4.0 (CC BY 4.0);day
images/real/huggingface_AY000554_Car_plate_detecting_dataset/23159.jpg;########;type1;751,817,395,85;751,817,1146,817,1146,902,751,902;1;0;huggingface:AY000554/Car_plate_detecting_dataset <https://huggingface.co/datasets/AY000554/Car_plate_detecting_dataset>;CC-BY-4.0 (CC BY 4.0);day,glare
images/real/huggingface_AY000554_Car_plate_detecting_dataset/23160.jpg;########;type1;766,628,83,36;766,628,849,628,849,664,766,664;1;0;huggingface:AY000554/Car_plate_detecting_dataset <https://huggingface.co/datasets/AY000554/Car_plate_detecting_dataset>;CC-BY-4.0 (CC BY 4.0);day,glare
images/real/huggingface_AY000554_Car_plate_detecting_dataset/23161.jpg;########;type1;489,373,130,31;489,373,619,373,619,404,489,404;1;0;huggingface:AY000554/Car_plate_detecting_dataset <https://huggingface.co/datasets/AY000554/Car_plate_detecting_dataset>;CC-BY-4.0 (CC BY 4.0);day,glare
images/real/huggingface_AY000554_Car_plate_detecting_dataset/23178.jpg;########;type1;1099,610,150,40;1099,610,1249,610,1249,650,1099,650;1;0;huggingface:AY000554/Car_plate_detecting_dataset <https://huggingface.co/datasets/AY000554/Car_plate_detecting_dataset>;CC-BY-4.0 (CC BY 4.0);night
images/real/huggingface_AY000554_Car_plate_detecting_dataset/23181.jpg;########;type1;655,341,170,51;655,341,825,341,825,392,655,392;1;0;huggingface:AY000554/Car_plate_detecting_dataset <https://huggingface.co/datasets/AY000554/Car_plate_detecting_dataset>;CC-BY-4.0 (CC BY 4.0);day,glare
images/real/huggingface_AY000554_Car_plate_detecting_dataset/23181.jpg;########;type1;40,187,51,18;40,187,91,187,91,205,40,205;1;0;huggingface:AY000554/Car_plate_detecting_dataset <https://huggingface.co/datasets/AY000554/Car_plate_detecting_dataset>;CC-BY-4.0 (CC BY 4.0);day,glare
images/real/huggingface_AY000554_Car_plate_detecting_dataset/23186.jpg;########;type1;371,410,196,44;371,410,567,410,567,454,371,454;1;0;huggingface:AY000554/Car_plate_detecting_dataset <https://huggingface.co/datasets/AY000554/Car_plate_detecting_dataset>;CC-BY-4.0 (CC BY 4.0);day,glare
images/real/huggingface_AY000554_Car_plate_detecting_dataset/23201.jpg;########;type1;630,302,124,37;630,302,754,302,754,339,630,339;1;0;huggingface:AY000554/Car_plate_detecting_dataset <https://huggingface.co/datasets/AY000554/Car_plate_detecting_dataset>;CC-BY-4.0 (CC BY 4.0);day
images/real/huggingface_AY000554_Car_plate_detecting_dataset/23201.jpg;########;type1;151,155,54,14;151,155,205,155,205,169,151,169;1;0;huggingface:AY000554/Car_plate_detecting_dataset <https://huggingface.co/datasets/AY000554/Car_plate_detecting_dataset>;CC-BY-4.0 (CC BY 4.0);day
images/real/huggingface_AY000554_Car_plate_detecting_dataset/23202.jpg;########;type1;562,465,257,51;562,465,819,465,819,516,562,516;1;0;huggingface:AY000554/Car_plate_detecting_dataset <https://huggingface.co/datasets/AY000554/Car_plate_detecting_dataset>;CC-BY-4.0 (CC BY 4.0);day,glare
images/real/huggingface_AY000554_Car_plate_detecting_dataset/23209.jpg;########;type1;408,906,317,79;408,906,725,906,725,985,408,985;1;0;huggingface:AY000554/Car_plate_detecting_dataset <https://huggingface.co/datasets/AY000554/Car_plate_detecting_dataset>;CC-BY-4.0 (CC BY 4.0);day,glare
images/real/huggingface_AY000554_Car_plate_detecting_dataset/23211.jpg;########;type1;138,474,136,64;138,474,274,474,274,538,138,538;1;0;huggingface:AY000554/Car_plate_detecting_dataset <https://huggingface.co/datasets/AY000554/Car_plate_detecting_dataset>;CC-BY-4.0 (CC BY 4.0);day
images/real/huggingface_AY000554_Car_plate_detecting_dataset/2322.jpg;########;type1;636,888,494,112;636,888,1130,888,1130,1000,636,1000;1;0;huggingface:AY000554/Car_plate_detecting_dataset <https://huggingface.co/datasets/AY000554/Car_plate_detecting_dataset>;CC-BY-4.0 (CC BY 4.0);day,glare
images/real/huggingface_AY000554_Car_plate_detecting_dataset/23235.jpg;########;type1;459,455,77,18;459,455,536,455,536,473,459,473;1;0;huggingface:AY000554/Car_plate_detecting_dataset <https://huggingface.co/datasets/AY000554/Car_plate_detecting_dataset>;CC-BY-4.0 (CC BY 4.0);day
images/real/huggingface_AY000554_Car_plate_detecting_dataset/23248.jpg;########;type1;186,486,196,132;186,486,382,486,382,618,186,618;1;0;huggingface:AY000554/Car_plate_detecting_dataset <https://huggingface.co/datasets/AY000554/Car_plate_detecting_dataset>;CC-BY-4.0 (CC BY 4.0);day,glare
images/real/huggingface_AY000554_Car_plate_detecting_dataset/23279.jpg;########;type1;237,616,270,70;237,616,507,616,507,686,237,686;1;0;huggingface:AY000554/Car_plate_detecting_dataset <https://huggingface.co/datasets/AY000554/Car_plate_detecting_dataset>;CC-BY-4.0 (CC BY 4.0);day
images/real/huggingface_AY000554_Car_plate_detecting_dataset/23281.jpg;########;type1;385,673,196,51;385,673,581,673,581,724,385,724;1;0;huggingface:AY000554/Car_plate_detecting_dataset <https://huggingface.co/datasets/AY000554/Car_plate_detecting_dataset>;CC-BY-4.0 (CC BY 4.0);day
images/real/huggingface_AY000554_Car_plate_detecting_dataset/23281.jpg;########;type1;1082,514,100,22;1082,514,1182,514,1182,536,1082,536;1;0;huggingface:AY000554/Car_plate_detecting_dataset <https://huggingface.co/datasets/AY000554/Car_plate_detecting_dataset>;CC-BY-4.0 (CC BY 4.0);day
images/real/huggingface_AY000554_Car_plate_detecting_dataset/23284.jpg;########;type1;193,357,172,46;193,357,365,357,365,403,193,403;1;0;huggingface:AY000554/Car_plate_detecting_dataset <https://huggingface.co/datasets/AY000554/Car_plate_detecting_dataset>;CC-BY-4.0 (CC BY 4.0);day
images/real/huggingface_AY000554_Car_plate_detecting_dataset/23287.jpg;########;type1;562,662,422,79;562,662,984,662,984,741,562,741;1;0;huggingface:AY000554/Car_plate_detecting_dataset <https://huggingface.co/datasets/AY000554/Car_plate_detecting_dataset>;CC-BY-4.0 (CC BY 4.0);day,motion_blur
images/real/huggingface_AY000554_Car_plate_detecting_dataset/23288.jpg;########;type1;258,573,227,49;258,573,485,573,485,622,258,622;1;0;huggingface:AY000554/Car_plate_detecting_dataset <https://huggingface.co/datasets/AY000554/Car_plate_detecting_dataset>;CC-BY-4.0 (CC BY 4.0);day
images/real/huggingface_AY000554_Car_plate_detecting_dataset/23294.jpg;########;type1;1230,931,324,72;1230,931,1554,931,1554,1003,1230,1003;1;0;huggingface:AY000554/Car_plate_detecting_dataset <https://huggingface.co/datasets/AY000554/Car_plate_detecting_dataset>;CC-BY-4.0 (CC BY 4.0);day
images/real/huggingface_AY000554_Car_plate_detecting_dataset/23302.jpg;########;type1;348,659,327,78;348,659,675,659,675,737,348,737;1;0;huggingface:AY000554/Car_plate_detecting_dataset <https://huggingface.co/datasets/AY000554/Car_plate_detecting_dataset>;CC-BY-4.0 (CC BY 4.0);day
images/real/huggingface_AY000554_Car_plate_detecting_dataset/23309.jpg;########;type1;619,721,390,87;619,721,1009,721,1009,808,619,808;1;0;huggingface:AY000554/Car_plate_detecting_dataset <https://huggingface.co/datasets/AY000554/Car_plate_detecting_dataset>;CC-BY-4.0 (CC BY 4.0);day
images/real/huggingface_AY000554_Car_plate_detecting_dataset/23326.jpg;########;type1;370,1039,157,41;370,1039,527,1039,527,1080,370,1080;1;0;huggingface:AY000554/Car_plate_detecting_dataset <https://huggingface.co/datasets/AY000554/Car_plate_detecting_dataset>;CC-BY-4.0 (CC BY 4.0);day
images/real/huggingface_AY000554_Car_plate_detecting_dataset/23333.jpg;########;type1;560,396,200,44;560,396,760,396,760,440,560,440;1;0;huggingface:AY000554/Car_plate_detecting_dataset <https://huggingface.co/datasets/AY000554/Car_plate_detecting_dataset>;CC-BY-4.0 (CC BY 4.0);day
images/real/huggingface_AY000554_Car_plate_detecting_dataset/23341.jpg;########;type1;299,590,107,34;299,590,406,590,406,624,299,624;1;0;huggingface:AY000554/Car_plate_detecting_dataset <https://huggingface.co/datasets/AY000554/Car_plate_detecting_dataset>;CC-BY-4.0 (CC BY 4.0);day
images/real/huggingface_AY000554_Car_plate_detecting_dataset/23386.jpg;########;type1;319,455,264,81;319,455,583,455,583,536,319,536;1;0;huggingface:AY000554/Car_plate_detecting_dataset <https://huggingface.co/datasets/AY000554/Car_plate_detecting_dataset>;CC-BY-4.0 (CC BY 4.0);day,glare
images/real/huggingface_AY000554_Car_plate_detecting_dataset/23423.jpg;########;type1;485,647,281,124;485,647,766,647,766,771,485,771;1;0;huggingface:AY000554/Car_plate_detecting_dataset <https://huggingface.co/datasets/AY000554/Car_plate_detecting_dataset>;CC-BY-4.0 (CC BY 4.0);day
images/real/huggingface_AY000554_Car_plate_detecting_dataset/23488.jpg;########;type1;319,405,169,77;319,405,488,405,488,482,319,482;1;0;huggingface:AY000554/Car_plate_detecting_dataset <https://huggingface.co/datasets/AY000554/Car_plate_detecting_dataset>;CC-BY-4.0 (CC BY 4.0);day,glare
images/real/huggingface_AY000554_Car_plate_detecting_dataset/23531.jpg;########;type1;1555,935,240,73;1555,935,1795,935,1795,1008,1555,1008;1;0;huggingface:AY000554/Car_plate_detecting_dataset <https://huggingface.co/datasets/AY000554/Car_plate_detecting_dataset>;CC-BY-4.0 (CC BY 4.0);day,glare
images/real/huggingface_AY000554_Car_plate_detecting_dataset/23561.jpg;########;type1;244,911,268,71;244,911,512,911,512,982,244,982;1;0;huggingface:AY000554/Car_plate_detecting_dataset <https://huggingface.co/datasets/AY000554/Car_plate_detecting_dataset>;CC-BY-4.0 (CC BY 4.0);day
images/real/huggingface_AY000554_Car_plate_detecting_dataset/23567.jpg;########;type1;566,563,109,27;566,563,675,563,675,590,566,590;1;0;huggingface:AY000554/Car_plate_detecting_dataset <https://huggingface.co/datasets/AY000554/Car_plate_detecting_dataset>;CC-BY-4.0 (CC BY 4.0);day
images/real/huggingface_AY000554_Car_plate_detecting_dataset/23594.jpg;########;type1;740,424,159,45;740,424,899,424,899,469,740,469;1;0;huggingface:AY000554/Car_plate_detecting_dataset <https://huggingface.co/datasets/AY000554/Car_plate_detecting_dataset>;CC-BY-4.0 (CC BY 4.0);day,glare
images/real/huggingface_AY000554_Car_plate_detecting_dataset/23612.jpg;########;type1;58,500,83,21;58,500,141,500,141,521,58,521;1;0;huggingface:AY000554/Car_plate_detecting_dataset <https://huggingface.co/datasets/AY000554/Car_plate_detecting_dataset>;CC-BY-4.0 (CC BY 4.0);day,glare
images/real/huggingface_AY000554_Car_plate_detecting_dataset/23612.jpg;########;type1;341,779,238,53;341,779,579,779,579,832,341,832;1;0;huggingface:AY000554/Car_plate_detecting_dataset <https://huggingface.co/datasets/AY000554/Car_plate_detecting_dataset>;CC-BY-4.0 (CC BY 4.0);day,glare
images/real/huggingface_AY000554_Car_plate_detecting_dataset/23612.jpg;########;type1;870,578,99,21;870,578,969,578,969,599,870,599;1;0;huggingface:AY000554/Car_plate_detecting_dataset <https://huggingface.co/datasets/AY000554/Car_plate_detecting_dataset>;CC-BY-4.0 (CC BY 4.0);day,glare
images/real/huggingface_AY000554_Car_plate_detecting_dataset/2363.jpg;########;type1;1050,520,253,76;1050,520,1303,520,1303,596,1050,596;1;0;huggingface:AY000554/Car_plate_detecting_dataset <https://huggingface.co/datasets/AY000554/Car_plate_detecting_dataset>;CC-BY-4.0 (CC BY 4.0);day
images/real/huggingface_AY000554_Car_plate_detecting_dataset/23654.jpg;########;type1;204,247,185,43;204,247,389,247,389,290,204,290;1;0;huggingface:AY000554/Car_plate_detecting_dataset <https://huggingface.co/datasets/AY000554/Car_plate_detecting_dataset>;CC-BY-4.0 (CC BY 4.0);day
images/real/huggingface_AY000554_Car_plate_detecting_dataset/23685.jpg;########;type1;1245,650,229,138;1245,650,1474,650,1474,788,1245,788;1;0;huggingface:AY000554/Car_plate_detecting_dataset <https://huggingface.co/datasets/AY000554/Car_plate_detecting_dataset>;CC-BY-4.0 (CC BY 4.0);day
images/real/huggingface_AY000554_Car_plate_detecting_dataset/23690.jpg;########;type1;379,548,266,53;379,548,645,548,645,601,379,601;1;0;huggingface:AY000554/Car_plate_detecting_dataset <https://huggingface.co/datasets/AY000554/Car_plate_detecting_dataset>;CC-BY-4.0 (CC BY 4.0);day
images/real/huggingface_AY000554_Car_plate_detecting_dataset/23696.jpg;########;type1;417,994,287,79;417,994,704,994,704,1073,417,1073;1;0;huggingface:AY000554/Car_plate_detecting_dataset <https://huggingface.co/datasets/AY000554/Car_plate_detecting_dataset>;CC-BY-4.0 (CC BY 4.0);day
images/real/huggingface_AY000554_Car_plate_detecting_dataset/2370.jpg;########;type1;666,898,329,87;666,898,995,898,995,985,666,985;1;0;huggingface:AY000554/Car_plate_detecting_dataset <https://huggingface.co/datasets/AY000554/Car_plate_detecting_dataset>;CC-BY-4.0 (CC BY 4.0);day
images/real/huggingface_AY000554_Car_plate_detecting_dataset/23714.jpg;########;type1;448,740,212,60;448,740,660,740,660,800,448,800;1;0;huggingface:AY000554/Car_plate_detecting_dataset <https://huggingface.co/datasets/AY000554/Car_plate_detecting_dataset>;CC-BY-4.0 (CC BY 4.0);day
images/real/huggingface_AY000554_Car_plate_detecting_dataset/23719.jpg;########;type1;805,799,283,86;805,799,1088,799,1088,885,805,885;1;0;huggingface:AY000554/Car_plate_detecting_dataset <https://huggingface.co/datasets/AY000554/Car_plate_detecting_dataset>;CC-BY-4.0 (CC BY 4.0);day
images/real/huggingface_AY000554_Car_plate_detecting_dataset/23731.jpg;########;type1;250,880,318,121;250,880,568,880,568,1001,250,1001;1;0;huggingface:AY000554/Car_plate_detecting_dataset <https://huggingface.co/datasets/AY000554/Car_plate_detecting_dataset>;CC-BY-4.0 (CC BY 4.0);day,glare
images/real/huggingface_AY000554_Car_plate_detecting_dataset/23735.jpg;########;type1;657,653,176,35;657,653,833,653,833,688,657,688;1;0;huggingface:AY000554/Car_plate_detecting_dataset <https://huggingface.co/datasets/AY000554/Car_plate_detecting_dataset>;CC-BY-4.0 (CC BY 4.0);day,glare
images/real/huggingface_AY000554_Car_plate_detecting_dataset/23754.jpg;########;type1;1109,638,227,61;1109,638,1336,638,1336,699,1109,699;1;0;huggingface:AY000554/Car_plate_detecting_dataset <https://huggingface.co/datasets/AY000554/Car_plate_detecting_dataset>;CC-BY-4.0 (CC BY 4.0);day
images/real/huggingface_AY000554_Car_plate_detecting_dataset/23776.jpg;########;type1;471,814,208,47;471,814,679,814,679,861,471,861;1;0;huggingface:AY000554/Car_plate_detecting_dataset <https://huggingface.co/datasets/AY000554/Car_plate_detecting_dataset>;CC-BY-4.0 (CC BY 4.0);day
images/real/huggingface_AY000554_Car_plate_detecting_dataset/23790.jpg;########;type1;552,375,181,38;552,375,733,375,733,413,552,413;1;0;huggingface:AY000554/Car_plate_detecting_dataset <https://huggingface.co/datasets/AY000554/Car_plate_detecting_dataset>;CC-BY-4.0 (CC BY 4.0);day
images/real/huggingface_AY000554_Car_plate_detecting_dataset/23794.jpg;########;type1;306,437,223,62;306,437,529,437,529,499,306,499;1;0;huggingface:AY000554/Car_plate_detecting_dataset <https://huggingface.co/datasets/AY000554/Car_plate_detecting_dataset>;CC-BY-4.0 (CC BY 4.0);day,glare
images/real/huggingface_AY000554_Car_plate_detecting_dataset/238.jpg;########;type1;592,593,282,62;592,593,874,593,874,655,592,655;1;0;huggingface:AY000554/Car_plate_detecting_dataset <https://huggingface.co/datasets/AY000554/Car_plate_detecting_dataset>;CC-BY-4.0 (CC BY 4.0);day
images/real/huggingface_AY000554_Car_plate_detecting_dataset/23800.jpg;########;type1;571,548,296,69;571,548,867,548,867,617,571,617;1;0;huggingface:AY000554/Car_plate_detecting_dataset <https://huggingface.co/datasets/AY000554/Car_plate_detecting_dataset>;CC-BY-4.0 (CC BY 4.0);day
images/real/huggingface_AY000554_Car_plate_detecting_dataset/23822.jpg;########;type1;734,505,118,30;734,505,852,505,852,535,734,535;1;0;huggingface:AY000554/Car_plate_detecting_dataset <https://huggingface.co/datasets/AY000554/Car_plate_detecting_dataset>;CC-BY-4.0 (CC BY 4.0);day
images/real/huggingface_AY000554_Car_plate_detecting_dataset/23823.jpg;########;type1;1094,612,178,69;1094,612,1272,612,1272,681,1094,681;1;0;huggingface:AY000554/Car_plate_detecting_dataset <https://huggingface.co/datasets/AY000554/Car_plate_detecting_dataset>;CC-BY-4.0 (CC BY 4.0);day
images/real/huggingface_AY000554_Car_plate_detecting_dataset/23840.jpg;########;type1;462,494,278,80;462,494,740,494,740,574,462,574;1;0;huggingface:AY000554/Car_plate_detecting_dataset <https://huggingface.co/datasets/AY000554/Car_plate_detecting_dataset>;CC-BY-4.0 (CC BY 4.0);day,glare
images/real/huggingface_AY000554_Car_plate_detecting_dataset/2385.jpg;########;type1;293,464,165,41;293,464,458,464,458,505,293,505;1;0;huggingface:AY000554/Car_plate_detecting_dataset <https://huggingface.co/datasets/AY000554/Car_plate_detecting_dataset>;CC-BY-4.0 (CC BY 4.0);day,motion_blur
images/real/huggingface_AY000554_Car_plate_detecting_dataset/23850.jpg;########;type1;1238,908,257,78;1238,908,1495,908,1495,986,1238,986;1;0;huggingface:AY000554/Car_plate_detecting_dataset <https://huggingface.co/datasets/AY000554/Car_plate_detecting_dataset>;CC-BY-4.0 (CC BY 4.0);day,glare
images/real/huggingface_AY000554_Car_plate_detecting_dataset/2386.jpg;########;type1;521,615,318,72;521,615,839,615,839,687,521,687;1;0;huggingface:AY000554/Car_plate_detecting_dataset <https://huggingface.co/datasets/AY000554/Car_plate_detecting_dataset>;CC-BY-4.0 (CC BY 4.0);day,glare
images/real/huggingface_AY000554_Car_plate_detecting_dataset/23861.jpg;########;type1;256,1071,356,173;256,1071,612,1071,612,1244,256,1244;1;0;huggingface:AY000554/Car_plate_detecting_dataset <https://huggingface.co/datasets/AY000554/Car_plate_detecting_dataset>;CC-BY-4.0 (CC BY 4.0);day
images/real/huggingface_AY000554_Car_plate_detecting_dataset/23866.jpg;########;type1;1132,755,347,72;1132,755,1479,755,1479,827,1132,827;1;0;huggingface:AY000554/Car_plate_detecting_dataset <https://huggingface.co/datasets/AY000554/Car_plate_detecting_dataset>;CC-BY-4.0 (CC BY 4.0);night
images/real/huggingface_AY000554_Car_plate_detecting_dataset/23876.jpg;########;type1;1116,372,256,87;1116,372,1372,372,1372,459,1116,459;1;0;huggingface:AY000554/Car_plate_detecting_dataset <https://huggingface.co/datasets/AY000554/Car_plate_detecting_dataset>;CC-BY-4.0 (CC BY 4.0);day
images/real/huggingface_AY000554_Car_plate_detecting_dataset/23885.jpg;########;type1;452,693,261,89;452,693,713,693,713,782,452,782;1;0;huggingface:AY000554/Car_plate_detecting_dataset <https://huggingface.co/datasets/AY000554/Car_plate_detecting_dataset>;CC-BY-4.0 (CC BY 4.0);day,glare
images/real/huggingface_AY000554_Car_plate_detecting_dataset/23908.jpg;########;type1;438,576,233,74;438,576,671,576,671,650,438,650;1;0;huggingface:AY000554/Car_plate_detecting_dataset <https://huggingface.co/datasets/AY000554/Car_plate_detecting_dataset>;CC-BY-4.0 (CC BY 4.0);day
images/real/huggingface_AY000554_Car_plate_detecting_dataset/23925.jpg;########;type1;166,299,120,33;166,299,286,299,286,332,166,332;1;0;huggingface:AY000554/Car_plate_detecting_dataset <https://huggingface.co/datasets/AY000554/Car_plate_detecting_dataset>;CC-BY-4.0 (CC BY 4.0);night
images/real/huggingface_AY000554_Car_plate_detecting_dataset/23934.jpg;########;type1;507,331,222,43;507,331,729,331,729,374,507,374;1;0;huggingface:AY000554/Car_plate_detecting_dataset <https://huggingface.co/datasets/AY000554/Car_plate_detecting_dataset>;CC-BY-4.0 (CC BY 4.0);day
images/real/huggingface_AY000554_Car_plate_detecting_dataset/23936.jpg;########;type1;653,723,159,59;653,723,812,723,812,782,653,782;1;0;huggingface:AY000554/Car_plate_detecting_dataset <https://huggingface.co/datasets/AY000554/Car_plate_detecting_dataset>;CC-BY-4.0 (CC BY 4.0);day,glare
images/real/huggingface_AY000554_Car_plate_detecting_dataset/23955.jpg;########;type1;1225,591,75,20;1225,591,1300,591,1300,611,1225,611;1;0;huggingface:AY000554/Car_plate_detecting_dataset <https://huggingface.co/datasets/AY000554/Car_plate_detecting_dataset>;CC-BY-4.0 (CC BY 4.0);day
images/real/huggingface_AY000554_Car_plate_detecting_dataset/23960.jpg;########;type1;820,738,375,70;820,738,1195,738,1195,808,820,808;1;0;huggingface:AY000554/Car_plate_detecting_dataset <https://huggingface.co/datasets/AY000554/Car_plate_detecting_dataset>;CC-BY-4.0 (CC BY 4.0);day
images/real/huggingface_AY000554_Car_plate_detecting_dataset/2398.jpg;########;type1;129,549,136,76;129,549,265,549,265,625,129,625;1;0;huggingface:AY000554/Car_plate_detecting_dataset <https://huggingface.co/datasets/AY000554/Car_plate_detecting_dataset>;CC-BY-4.0 (CC BY 4.0);day,glare
images/real/huggingface_AY000554_Car_plate_detecting_dataset/23985.jpg;########;type1;362,423,90,42;362,423,452,423,452,465,362,465;1;0;huggingface:AY000554/Car_plate_detecting_dataset <https://huggingface.co/datasets/AY000554/Car_plate_detecting_dataset>;CC-BY-4.0 (CC BY 4.0);day
images/real/huggingface_AY000554_Car_plate_detecting_dataset/24000.jpg;########;type1;363,605,250,92;363,605,613,605,613,697,363,697;1;0;huggingface:AY000554/Car_plate_detecting_dataset <https://huggingface.co/datasets/AY000554/Car_plate_detecting_dataset>;CC-BY-4.0 (CC BY 4.0);day,glare
images/real/huggingface_AY000554_Car_plate_detecting_dataset/24013.jpg;########;type1;242,426,156,49;242,426,398,426,398,475,242,475;1;0;huggingface:AY000554/Car_plate_detecting_dataset <https://huggingface.co/datasets/AY000554/Car_plate_detecting_dataset>;CC-BY-4.0 (CC BY 4.0);day,glare
images/real/huggingface_AY000554_Car_plate_detecting_dataset/24016.jpg;########;type1;275,373,169,70;275,373,444,373,444,443,275,443;1;0;huggingface:AY000554/Car_plate_detecting_dataset <https://huggingface.co/datasets/AY000554/Car_plate_detecting_dataset>;CC-BY-4.0 (CC BY 4.0);day
images/real/huggingface_AY000554_Car_plate_detecting_dataset/24041.jpg;########;type1;380,661,321,77;380,661,701,661,701,738,380,738;1;0;huggingface:AY000554/Car_plate_detecting_dataset <https://huggingface.co/datasets/AY000554/Car_plate_detecting_dataset>;CC-BY-4.0 (CC BY 4.0);day
images/real/huggingface_AY000554_Car_plate_detecting_dataset/24043.jpg;########;type1;303,334,194,46;303,334,497,334,497,380,303,380;1;0;huggingface:AY000554/Car_plate_detecting_dataset <https://huggingface.co/datasets/AY000554/Car_plate_detecting_dataset>;CC-BY-4.0 (CC BY 4.0);day
images/real/huggingface_AY000554_Car_plate_detecting_dataset/24048.jpg;########;type1;135,315,112,45;135,315,247,315,247,360,135,360;1;0;huggingface:AY000554/Car_plate_detecting_dataset <https://huggingface.co/datasets/AY000554/Car_plate_detecting_dataset>;CC-BY-4.0 (CC BY 4.0);day
images/real/huggingface_AY000554_Car_plate_detecting_dataset/24062.jpg;########;type1;1002,584,174,45;1002,584,1176,584,1176,629,1002,629;1;0;huggingface:AY000554/Car_plate_detecting_dataset <https://huggingface.co/datasets/AY000554/Car_plate_detecting_dataset>;CC-BY-4.0 (CC BY 4.0);day
images/real/huggingface_AY000554_Car_plate_detecting_dataset/24064.jpg;########;type1;533,468,234,60;533,468,767,468,767,528,533,528;1;0;huggingface:AY000554/Car_plate_detecting_dataset <https://huggingface.co/datasets/AY000554/Car_plate_detecting_dataset>;CC-BY-4.0 (CC BY 4.0);day
images/real/huggingface_AY000554_Car_plate_detecting_dataset/24074.jpg;########;type1;708,627,282,73;708,627,990,627,990,700,708,700;1;0;huggingface:AY000554/Car_plate_detecting_dataset <https://huggingface.co/datasets/AY000554/Car_plate_detecting_dataset>;CC-BY-4.0 (CC BY 4.0);day,glare
images/real/huggingface_AY000554_Car_plate_detecting_dataset/241.jpg;########;type1;656,629,102,27;656,629,758,629,758,656,656,656;1;0;huggingface:AY000554/Car_plate_detecting_dataset <https://huggingface.co/datasets/AY000554/Car_plate_detecting_dataset>;CC-BY-4.0 (CC BY 4.0);day
images/real/huggingface_AY000554_Car_plate_detecting_dataset/24125.jpg;########;type1;204,592,254,94;204,592,458,592,458,686,204,686;1;0;huggingface:AY000554/Car_plate_detecting_dataset <https://huggingface.co/datasets/AY000554/Car_plate_detecting_dataset>;CC-BY-4.0 (CC BY 4.0);day,glare
images/real/huggingface_AY000554_Car_plate_detecting_dataset/24128.jpg;########;type1;441,463,239,62;441,463,680,463,680,525,441,525;1;0;huggingface:AY000554/Car_plate_detecting_dataset <https://huggingface.co/datasets/AY000554/Car_plate_detecting_dataset>;CC-BY-4.0 (CC BY 4.0);day,glare
images/real/huggingface_AY000554_Car_plate_detecting_dataset/24133.jpg;########;type1;501,924,298,115;501,924,799,924,799,1039,501,1039;1;0;huggingface:AY000554/Car_plate_detecting_dataset <https://huggingface.co/datasets/AY000554/Car_plate_detecting_dataset>;CC-BY-4.0 (CC BY 4.0);day
images/real/huggingface_AY000554_Car_plate_detecting_dataset/24138.jpg;########;type1;185,851,115,32;185,851,300,851,300,883,185,883;1;0;huggingface:AY000554/Car_plate_detecting_dataset <https://huggingface.co/datasets/AY000554/Car_plate_detecting_dataset>;CC-BY-4.0 (CC BY 4.0);day,glare
images/real/huggingface_AY000554_Car_plate_detecting_dataset/24141.jpg;########;type1;459,652,204,46;459,652,663,652,663,698,459,698;1;0;huggingface:AY000554/Car_plate_detecting_dataset <https://huggingface.co/datasets/AY000554/Car_plate_detecting_dataset>;CC-BY-4.0 (CC BY 4.0);day,glare
images/real/huggingface_AY000554_Car_plate_detecting_dataset/2416.jpg;########;type1;1319,480,195,64;1319,480,1514,480,1514,544,1319,544;1;0;huggingface:AY000554/Car_plate_detecting_dataset <https://huggingface.co/datasets/AY000554/Car_plate_detecting_dataset>;CC-BY-4.0 (CC BY 4.0);day
images/real/huggingface_AY000554_Car_plate_detecting_dataset/24172.jpg;########;type1;482,584,338,89;482,584,820,584,820,673,482,673;1;0;huggingface:AY000554/Car_plate_detecting_dataset <https://huggingface.co/datasets/AY000554/Car_plate_detecting_dataset>;CC-BY-4.0 (CC BY 4.0);day,glare
images/real/huggingface_AY000554_Car_plate_detecting_dataset/24173.jpg;########;type1;275,772,146,40;275,772,421,772,421,812,275,812;1;0;huggingface:AY000554/Car_plate_detecting_dataset <https://huggingface.co/datasets/AY000554/Car_plate_detecting_dataset>;CC-BY-4.0 (CC BY 4.0);day
images/real/huggingface_AY000554_Car_plate_detecting_dataset/24186.jpg;########;type1;1370,686,325,123;1370,686,1695,686,1695,809,1370,809;1;0;huggingface:AY000554/Car_plate_detecting_dataset <https://huggingface.co/datasets/AY000554/Car_plate_detecting_dataset>;CC-BY-4.0 (CC BY 4.0);day,glare
images/real/huggingface_AY000554_Car_plate_detecting_dataset/2419.jpg;########;type1;494,438,325,71;494,438,819,438,819,509,494,509;1;0;huggingface:AY000554/Car_plate_detecting_dataset <https://huggingface.co/datasets/AY000554/Car_plate_detecting_dataset>;CC-BY-4.0 (CC BY 4.0);day,glare,motion_blur
images/real/huggingface_AY000554_Car_plate_detecting_dataset/2420.jpg;########;type1;456,449,348,67;456,449,804,449,804,516,456,516;1;0;huggingface:AY000554/Car_plate_detecting_dataset <https://huggingface.co/datasets/AY000554/Car_plate_detecting_dataset>;CC-BY-4.0 (CC BY 4.0);day,glare,motion_blur
images/real/huggingface_AY000554_Car_plate_detecting_dataset/24227.jpg;########;type1;1366,747,359,176;1366,747,1725,747,1725,923,1366,923;1;0;huggingface:AY000554/Car_plate_detecting_dataset <https://huggingface.co/datasets/AY000554/Car_plate_detecting_dataset>;CC-BY-4.0 (CC BY 4.0);day
images/real/huggingface_AY000554_Car_plate_detecting_dataset/24251.jpg;########;type1;617,554,148,34;617,554,765,554,765,588,617,588;1;0;huggingface:AY000554/Car_plate_detecting_dataset <https://huggingface.co/datasets/AY000554/Car_plate_detecting_dataset>;CC-BY-4.0 (CC BY 4.0);day
images/real/huggingface_AY000554_Car_plate_detecting_dataset/24255.jpg;########;type1;304,694,252,62;304,694,556,694,556,756,304,756;1;0;huggingface:AY000554/Car_plate_detecting_dataset <https://huggingface.co/datasets/AY000554/Car_plate_detecting_dataset>;CC-BY-4.0 (CC BY 4.0);day
images/real/huggingface_AY000554_Car_plate_detecting_dataset/24289.jpg;########;type1;307,557,229,55;307,557,536,557,536,612,307,612;1;0;huggingface:AY000554/Car_plate_detecting_dataset <https://huggingface.co/datasets/AY000554/Car_plate_detecting_dataset>;CC-BY-4.0 (CC BY 4.0);day,glare
images/real/huggingface_AY000554_Car_plate_detecting_dataset/24289.jpg;########;type1;1134,48,58,14;1134,48,1192,48,1192,62,1134,62;1;0;huggingface:AY000554/Car_plate_detecting_dataset <https://huggingface.co/datasets/AY000554/Car_plate_detecting_dataset>;CC-BY-4.0 (CC BY 4.0);day,glare
images/real/huggingface_AY000554_Car_plate_detecting_dataset/24293.jpg;########;type1;406,710,311,65;406,710,717,710,717,775,406,775;1;0;huggingface:AY000554/Car_plate_detecting_dataset <https://huggingface.co/datasets/AY000554/Car_plate_detecting_dataset>;CC-BY-4.0 (CC BY 4.0);day
images/real/huggingface_AY000554_Car_plate_detecting_dataset/24319.jpg;########;type1;401,535,215,65;401,535,616,535,616,600,401,600;1;0;huggingface:AY000554/Car_plate_detecting_dataset <https://huggingface.co/datasets/AY000554/Car_plate_detecting_dataset>;CC-BY-4.0 (CC BY 4.0);day
images/real/huggingface_AY000554_Car_plate_detecting_dataset/24368.jpg;########;type1;312,432,191,45;312,432,503,432,503,477,312,477;1;0;huggingface:AY000554/Car_plate_detecting_dataset <https://huggingface.co/datasets/AY000554/Car_plate_detecting_dataset>;CC-BY-4.0 (CC BY 4.0);day,glare
images/real/huggingface_AY000554_Car_plate_detecting_dataset/24390.jpg;########;type1;486,903,352,108;486,903,838,903,838,1011,486,1011;1;0;huggingface:AY000554/Car_plate_detecting_dataset <https://huggingface.co/datasets/AY000554/Car_plate_detecting_dataset>;CC-BY-4.0 (CC BY 4.0);day
images/real/huggingface_AY000554_Car_plate_detecting_dataset/24405.jpg;########;type1;963,582,188,78;963,582,1151,582,1151,660,963,660;1;0;huggingface:AY000554/Car_plate_detecting_dataset <https://huggingface.co/datasets/AY000554/Car_plate_detecting_dataset>;CC-BY-4.0 (CC BY 4.0);day
images/real/huggingface_AY000554_Car_plate_detecting_dataset/2441.jpg;########;type1;84,480,183,44;84,480,267,480,267,524,84,524;1;0;huggingface:AY000554/Car_plate_detecting_dataset <https://huggingface.co/datasets/AY000554/Car_plate_detecting_dataset>;CC-BY-4.0 (CC BY 4.0);day
images/real/huggingface_AY000554_Car_plate_detecting_dataset/24419.jpg;########;type1;801,599,234,97;801,599,1035,599,1035,696,801,696;1;0;huggingface:AY000554/Car_plate_detecting_dataset <https://huggingface.co/datasets/AY000554/Car_plate_detecting_dataset>;CC-BY-4.0 (CC BY 4.0);day,glare
images/real/huggingface_AY000554_Car_plate_detecting_dataset/24427.jpg;########;type1;180,538,123,53;180,538,303,538,303,591,180,591;1;0;huggingface:AY000554/Car_plate_detecting_dataset <https://huggingface.co/datasets/AY000554/Car_plate_detecting_dataset>;CC-BY-4.0 (CC BY 4.0);day
images/real/huggingface_AY000554_Car_plate_detecting_dataset/24432.jpg;########;type1;191,466,112,39;191,466,303,466,303,505,191,505;1;0;huggingface:AY000554/Car_plate_detecting_dataset <https://huggingface.co/datasets/AY000554/Car_plate_detecting_dataset>;CC-BY-4.0 (CC BY 4.0);day,glare
images/real/huggingface_AY000554_Car_plate_detecting_dataset/24448.jpg;########;type1;925,812,455,104;925,812,1380,812,1380,916,925,916;1;0;huggingface:AY000554/Car_plate_detecting_dataset <https://huggingface.co/datasets/AY000554/Car_plate_detecting_dataset>;CC-BY-4.0 (CC BY 4.0);day,glare,motion_blur
images/real/huggingface_AY000554_Car_plate_detecting_dataset/2447.jpg;########;type1;895,624,126,46;895,624,1021,624,1021,670,895,670;1;0;huggingface:AY000554/Car_plate_detecting_dataset <https://huggingface.co/datasets/AY000554/Car_plate_detecting_dataset>;CC-BY-4.0 (CC BY 4.0);day
images/real/huggingface_AY000554_Car_plate_detecting_dataset/24475.jpg;########;type1;734,697,214,72;734,697,948,697,948,769,734,769;1;0;huggingface:AY000554/Car_plate_detecting_dataset <https://huggingface.co/datasets/AY000554/Car_plate_detecting_dataset>;CC-BY-4.0 (CC BY 4.0);day,glare
images/real/huggingface_AY000554_Car_plate_detecting_dataset/24476.jpg;########;type1;739,523,164,48;739,523,903,523,903,571,739,571;1;0;huggingface:AY000554/Car_plate_detecting_dataset <https://huggingface.co/datasets/AY000554/Car_plate_detecting_dataset>;CC-BY-4.0 (CC BY 4.0);day,glare
images/real/huggingface_AY000554_Car_plate_detecting_dataset/24493.jpg;########;type1;533,622,266,57;533,622,799,622,799,679,533,679;1;0;huggingface:AY000554/Car_plate_detecting_dataset <https://huggingface.co/datasets/AY000554/Car_plate_detecting_dataset>;CC-BY-4.0 (CC BY 4.0);day
images/real/huggingface_AY000554_Car_plate_detecting_dataset/24501.jpg;########;type1;257,388,240,53;257,388,497,388,497,441,257,441;1;0;huggingface:AY000554/Car_plate_detecting_dataset <https://huggingface.co/datasets/AY000554/Car_plate_detecting_dataset>;CC-BY-4.0 (CC BY 4.0);day,glare
images/real/huggingface_AY000554_Car_plate_detecting_dataset/24510.jpg;########;type1;639,537,129,62;639,537,768,537,768,599,639,599;1;0;huggingface:AY000554/Car_plate_detecting_dataset <https://huggingface.co/datasets/AY000554/Car_plate_detecting_dataset>;CC-BY-4.0 (CC BY 4.0);day,glare
images/real/huggingface_AY000554_Car_plate_detecting_dataset/24553.jpg;########;type1;245,512,185,51;245,512,430,512,430,563,245,563;1;0;huggingface:AY000554/Car_plate_detecting_dataset <https://huggingface.co/datasets/AY000554/Car_plate_detecting_dataset>;CC-BY-4.0 (CC BY 4.0);day,glare
images/real/huggingface_AY000554_Car_plate_detecting_dataset/24589.jpg;########;type1;300,720,194,57;300,720,494,720,494,777,300,777;1;0;huggingface:AY000554/Car_plate_detecting_dataset <https://huggingface.co/datasets/AY000554/Car_plate_detecting_dataset>;CC-BY-4.0 (CC BY 4.0);day,glare
images/real/huggingface_AY000554_Car_plate_detecting_dataset/24622.jpg;########;type1;372,641,255,57;372,641,627,641,627,698,372,698;1;0;huggingface:AY000554/Car_plate_detecting_dataset <https://huggingface.co/datasets/AY000554/Car_plate_detecting_dataset>;CC-BY-4.0 (CC BY 4.0);day
images/real/huggingface_AY000554_Car_plate_detecting_dataset/24630.jpg;########;type1;93,556,144,98;93,556,237,556,237,654,93,654;1;0;huggingface:AY000554/Car_plate_detecting_dataset <https://huggingface.co/datasets/AY000554/Car_plate_detecting_dataset>;CC-BY-4.0 (CC BY 4.0);day,glare
images/real/huggingface_AY000554_Car_plate_detecting_dataset/24634.jpg;########;type1;877,862,304,73;877,862,1181,862,1181,935,877,935;1;0;huggingface:AY000554/Car_plate_detecting_dataset <https://huggingface.co/datasets/AY000554/Car_plate_detecting_dataset>;CC-BY-4.0 (CC BY 4.0);day
images/real/huggingface_AY000554_Car_plate_detecting_dataset/24682.jpg;########;type1;1013,627,149,86;1013,627,1162,627,1162,713,1013,713;1;0;huggingface:AY000554/Car_plate_detecting_dataset <https://huggingface.co/datasets/AY000554/Car_plate_detecting_dataset>;CC-BY-4.0 (CC BY 4.0);day,glare
images/real/huggingface_AY000554_Car_plate_detecting_dataset/24683.jpg;########;type1;267,551,190,55;267,551,457,551,457,606,267,606;1;0;huggingface:AY000554/Car_plate_detecting_dataset <https://huggingface.co/datasets/AY000554/Car_plate_detecting_dataset>;CC-BY-4.0 (CC BY 4.0);day,motion_blur
images/real/huggingface_AY000554_Car_plate_detecting_dataset/24698.jpg;########;type1;308,808,263,94;308,808,571,808,571,902,308,902;1;0;huggingface:AY000554/Car_plate_detecting_dataset <https://huggingface.co/datasets/AY000554/Car_plate_detecting_dataset>;CC-BY-4.0 (CC BY 4.0);day
images/real/huggingface_AY000554_Car_plate_detecting_dataset/24715.jpg;########;type1;178,273,130,42;178,273,308,273,308,315,178,315;1;0;huggingface:AY000554/Car_plate_detecting_dataset <https://huggingface.co/datasets/AY000554/Car_plate_detecting_dataset>;CC-BY-4.0 (CC BY 4.0);day
images/real/huggingface_AY000554_Car_plate_detecting_dataset/24736.jpg;########;type1;373,816,358,77;373,816,731,816,731,893,373,893;1;0;huggingface:AY000554/Car_plate_detecting_dataset <https://huggingface.co/datasets/AY000554/Car_plate_detecting_dataset>;CC-BY-4.0 (CC BY 4.0);day,glare
images/real/huggingface_AY000554_Car_plate_detecting_dataset/2474.jpg;########;type1;703,535,144,14;703,535,847,535,847,549,703,549;1;0;huggingface:AY000554/Car_plate_detecting_dataset <https://huggingface.co/datasets/AY000554/Car_plate_detecting_dataset>;CC-BY-4.0 (CC BY 4.0);day
images/real/huggingface_AY000554_Car_plate_detecting_dataset/24740.jpg;########;type1;686,632,162,53;686,632,848,632,848,685,686,685;1;0;huggingface:AY000554/Car_plate_detecting_dataset <https://huggingface.co/datasets/AY000554/Car_plate_detecting_dataset>;CC-BY-4.0 (CC BY 4.0);day,glare
images/real/huggingface_AY000554_Car_plate_detecting_dataset/24749.jpg;########;type1;663,280,128,43;663,280,791,280,791,323,663,323;1;0;huggingface:AY000554/Car_plate_detecting_dataset <https://huggingface.co/datasets/AY000554/Car_plate_detecting_dataset>;CC-BY-4.0 (CC BY 4.0);day,glare
images/real/huggingface_AY000554_Car_plate_detecting_dataset/24757.jpg;########;type1;83,502,63,34;83,502,146,502,146,536,83,536;1;0;huggingface:AY000554/Car_plate_detecting_dataset <https://huggingface.co/datasets/AY000554/Car_plate_detecting_dataset>;CC-BY-4.0 (CC BY 4.0);day,glare
images/real/huggingface_AY000554_Car_plate_detecting_dataset/24757.jpg;########;type1;170,630,154,58;170,630,324,630,324,688,170,688;1;0;huggingface:AY000554/Car_plate_detecting_dataset <https://huggingface.co/datasets/AY000554/Car_plate_detecting_dataset>;CC-BY-4.0 (CC BY 4.0);day,glare
images/real/huggingface_AY000554_Car_plate_detecting_dataset/24781.jpg;########;type1;93,777,248,48;93,777,341,777,341,825,93,825;1;0;huggingface:AY000554/Car_plate_detecting_dataset <https://huggingface.co/datasets/AY000554/Car_plate_detecting_dataset>;CC-BY-4.0 (CC BY 4.0);day
images/real/huggingface_AY000554_Car_plate_detecting_dataset/24784.jpg;########;type1;418,1023,432,116;418,1023,850,1023,850,1139,418,1139;1;0;huggingface:AY000554/Car_plate_detecting_dataset <https://huggingface.co/datasets/AY000554/Car_plate_detecting_dataset>;CC-BY-4.0 (CC BY 4.0);day
images/real/huggingface_AY000554_Car_plate_detecting_dataset/2479.jpg;########;type1;496,897,389,90;496,897,885,897,885,987,496,987;1;0;huggingface:AY000554/Car_plate_detecting_dataset <https://huggingface.co/datasets/AY000554/Car_plate_detecting_dataset>;CC-BY-4.0 (CC BY 4.0);day,motion_blur
images/real/huggingface_AY000554_Car_plate_detecting_dataset/24794.jpg;########;type1;1071,607,182,42;1071,607,1253,607,1253,649,1071,649;1;0;huggingface:AY000554/Car_plate_detecting_dataset <https://huggingface.co/datasets/AY000554/Car_plate_detecting_dataset>;CC-BY-4.0 (CC BY 4.0);day
images/real/huggingface_AY000554_Car_plate_detecting_dataset/248.jpg;########;type1;117,571,148,60;117,571,265,571,265,631,117,631;1;0;huggingface:AY000554/Car_plate_detecting_dataset <https://huggingface.co/datasets/AY000554/Car_plate_detecting_dataset>;CC-BY-4.0 (CC BY 4.0);day
images/real/huggingface_AY000554_Car_plate_detecting_dataset/24803.jpg;########;type1;432,328,218,47;432,328,650,328,650,375,432,375;1;0;huggingface:AY000554/Car_plate_detecting_dataset <https://huggingface.co/datasets/AY000554/Car_plate_detecting_dataset>;CC-BY-4.0 (CC BY 4.0);night
images/real/huggingface_AY000554_Car_plate_detecting_dataset/24837.jpg;########;type1;277,459,150,45;277,459,427,459,427,504,277,504;1;0;huggingface:AY000554/Car_plate_detecting_dataset <https://huggingface.co/datasets/AY000554/Car_plate_detecting_dataset>;CC-BY-4.0 (CC BY 4.0);day
images/real/huggingface_AY000554_Car_plate_detecting_dataset/24843.jpg;########;type1;620,693,290,64;620,693,910,693,910,757,620,757;1;0;huggingface:AY000554/Car_plate_detecting_dataset <https://huggingface.co/datasets/AY000554/Car_plate_detecting_dataset>;CC-BY-4.0 (CC BY 4.0);day
images/real/huggingface_AY000554_Car_plate_detecting_dataset/24868.jpg;########;type1;726,712,84,20;726,712,810,712,810,732,726,732;1;0;huggingface:AY000554/Car_plate_detecting_dataset <https://huggingface.co/datasets/AY000554/Car_plate_detecting_dataset>;CC-BY-4.0 (CC BY 4.0);day
images/real/huggingface_AY000554_Car_plate_detecting_dataset/24869.jpg;########;type1;1064,799,239,65;1064,799,1303,799,1303,864,1064,864;1;0;huggingface:AY000554/Car_plate_detecting_dataset <https://huggingface.co/datasets/AY000554/Car_plate_detecting_dataset>;CC-BY-4.0 (CC BY 4.0);day
images/real/huggingface_AY000554_Car_plate_detecting_dataset/24881.jpg;########;type1;169,506,147,40;169,506,316,506,316,546,169,546;1;0;huggingface:AY000554/Car_plate_detecting_dataset <https://huggingface.co/datasets/AY000554/Car_plate_detecting_dataset>;CC-BY-4.0 (CC BY 4.0);day,glare
images/real/huggingface_AY000554_Car_plate_detecting_dataset/24886.jpg;########;type1;855,649,130,59;855,649,985,649,985,708,855,708;1;0;huggingface:AY000554/Car_plate_detecting_dataset <https://huggingface.co/datasets/AY000554/Car_plate_detecting_dataset>;CC-BY-4.0 (CC BY 4.0);day,glare
images/real/huggingface_AY000554_Car_plate_detecting_dataset/24899.jpg;########;type1;198,614,164,48;198,614,362,614,362,662,198,662;1;0;huggingface:AY000554/Car_plate_detecting_dataset <https://huggingface.co/datasets/AY000554/Car_plate_detecting_dataset>;CC-BY-4.0 (CC BY 4.0);day
images/real/huggingface_AY000554_Car_plate_detecting_dataset/24902.jpg;########;type1;1074,841,185,12;1074,841,1259,841,1259,853,1074,853;1;0;huggingface:AY000554/Car_plate_detecting_dataset <https://huggingface.co/datasets/AY000554/Car_plate_detecting_dataset>;CC-BY-4.0 (CC BY 4.0);day,glare
images/real/huggingface_AY000554_Car_plate_detecting_dataset/24909.jpg;########;type1;549,599,258,55;549,599,807,599,807,654,549,654;1;0;huggingface:AY000554/Car_plate_detecting_dataset <https://huggingface.co/datasets/AY000554/Car_plate_detecting_dataset>;CC-BY-4.0 (CC BY 4.0);day,glare
images/real/huggingface_AY000554_Car_plate_detecting_dataset/24914.jpg;########;type1;718,838,326,98;718,838,1044,838,1044,936,718,936;1;0;huggingface:AY000554/Car_plate_detecting_dataset <https://huggingface.co/datasets/AY000554/Car_plate_detecting_dataset>;CC-BY-4.0 (CC BY 4.0);day
images/real/huggingface_AY000554_Car_plate_detecting_dataset/24933.jpg;########;type1;485,788,324,85;485,788,809,788,809,873,485,873;1;0;huggingface:AY000554/Car_plate_detecting_dataset <https://huggingface.co/datasets/AY000554/Car_plate_detecting_dataset>;CC-BY-4.0 (CC BY 4.0);day
images/real/huggingface_AY000554_Car_plate_detecting_dataset/24941.jpg;########;type1;569,621,318,73;569,621,887,621,887,694,569,694;1;0;huggingface:AY000554/Car_plate_detecting_dataset <https://huggingface.co/datasets/AY000554/Car_plate_detecting_dataset>;CC-BY-4.0 (CC BY 4.0);day,glare,motion_blur
images/real/kaggle_andrewmvd_car-plate-detection/Cars0.png;########;other;226,125,193,48;226,125,419,125,419,173,226,173;1;0;kaggle:andrewmvd/car-plate-detection <https://www.kaggle.com/datasets/andrewmvd/car-plate-detection>;CC0-1.0 (CC0: Public Domain);day,glare
images/real/kaggle_andrewmvd_car-plate-detection/Cars1.png;########;other;134,128,128,32;134,128,262,128,262,160,134,160;1;0;kaggle:andrewmvd/car-plate-detection <https://www.kaggle.com/datasets/andrewmvd/car-plate-detection>;CC0-1.0 (CC0: Public Domain);day,glare
images/real/kaggle_andrewmvd_car-plate-detection/Cars100.png;########;other;175,114,39,17;175,114,214,114,214,131,175,131;1;0;kaggle:andrewmvd/car-plate-detection <https://www.kaggle.com/datasets/andrewmvd/car-plate-detection>;CC0-1.0 (CC0: Public Domain);day,glare
images/real/kaggle_andrewmvd_car-plate-detection/Cars101.png;########;other;167,202,73,18;167,202,240,202,240,220,167,220;1;0;kaggle:andrewmvd/car-plate-detection <https://www.kaggle.com/datasets/andrewmvd/car-plate-detection>;CC0-1.0 (CC0: Public Domain);day
images/real/kaggle_andrewmvd_car-plate-detection/Cars102.png;########;other;66,147,256,52;66,147,322,147,322,199,66,199;1;0;kaggle:andrewmvd/car-plate-detection <https://www.kaggle.com/datasets/andrewmvd/car-plate-detection>;CC0-1.0 (CC0: Public Domain);night
images/real/kaggle_andrewmvd_car-plate-detection/Cars104.png;########;other;195,266,49,16;195,266,244,266,244,282,195,282;1;0;kaggle:andrewmvd/car-plate-detection <https://www.kaggle.com/datasets/andrewmvd/car-plate-detection>;CC0-1.0 (CC0: Public Domain);day
images/real/kaggle_andrewmvd_car-plate-detection/Cars105.png;########;other;152,147,54,12;152,147,206,147,206,159,152,159;1;0;kaggle:andrewmvd/car-plate-detection <https://www.kaggle.com/datasets/andrewmvd/car-plate-detection>;CC0-1.0 (CC0: Public Domain);day,glare
images/real/kaggle_andrewmvd_car-plate-detection/Cars106.png;########;other;138,79,39,13;138,79,177,79,177,92,138,92;1;0;kaggle:andrewmvd/car-plate-detection <https://www.kaggle.com/datasets/andrewmvd/car-plate-detection>;CC0-1.0 (CC0: Public Domain);day,glare
images/real/kaggle_andrewmvd_car-plate-detection/Cars106.png;########;other;245,79,25,15;245,79,270,79,270,94,245,94;1;0;kaggle:andrewmvd/car-plate-detection <https://www.kaggle.com/datasets/andrewmvd/car-plate-detection>;CC0-1.0 (CC0: Public Domain);day,glare
images/real/kaggle_andrewmvd_car-plate-detection/Cars106.png;########;other;169,202,23,29;169,202,192,202,192,231,169,231;1;0;kaggle:andrewmvd/car-plate-detection <https://www.kaggle.com/datasets/andrewmvd/car-plate-detection>;CC0-1.0 (CC0: Public Domain);day,glare
images/real/kaggle_andrewmvd_car-plate-detection/Cars106.png;########;other;225,194,54,23;225,194,279,194,279,217,225,217;1;0;kaggle:andrewmvd/car-plate-detection <https://www.kaggle.com/datasets/andrewmvd/car-plate-detection>;CC0-1.0 (CC0: Public Domain);day,glare
images/real/kaggle_andrewmvd_car-plate-detection/Cars107.png;########;other;141,113,170,51;141,113,311,113,311,164,141,164;1;0;kaggle:andrewmvd/car-plate-detection <https://www.kaggle.com/datasets/andrewmvd/car-plate-detection>;CC0-1.0 (CC0: Public Domain);day
images/real/kaggle_andrewmvd_car-plate-detection/Cars108.png;########;other;158,216,119,32;158,216,277,216,277,248,158,248;1;0;kaggle:andrewmvd/car-plate-detection <https://www.kaggle.com/datasets/andrewmvd/car-plate-detection>;CC0-1.0 (CC0: Public Domain);day,glare
images/real/kaggle_andrewmvd_car-plate-detection/Cars109.png;########;other;115,116,163,37;115,116,278,116,278,153,115,153;1;0;kaggle:andrewmvd/car-plate-detection <https://www.kaggle.com/datasets/andrewmvd/car-plate-detection>;CC0-1.0 (CC0: Public Domain);night
images/real/kaggle_andrewmvd_car-plate-detection/Cars11.png;########;other;131,206,142,28;131,206,273,206,273,234,131,234;1;0;kaggle:andrewmvd/car-plate-detection <https://www.kaggle.com/datasets/andrewmvd/car-plate-detection>;CC0-1.0 (CC0: Public Domain);day
images/real/kaggle_andrewmvd_car-plate-detection/Cars110.png;########;other;286,133,42,26;286,133,328,133,328,159,286,159;1;0;kaggle:andrewmvd/car-plate-detection <https://www.kaggle.com/datasets/andrewmvd/car-plate-detection>;CC0-1.0 (CC0: Public Domain);day
images/real/kaggle_andrewmvd_car-plate-detection/Cars111.png;########;other;319,165,159,39;319,165,478,165,478,204,319,204;1;0;kaggle:andrewmvd/car-plate-detection <https://www.kaggle.com/datasets/andrewmvd/car-plate-detection>;CC0-1.0 (CC0: Public Domain);night
images/real/kaggle_andrewmvd_car-plate-detection/Cars112.png;########;other;49,135,115,56;49,135,164,135,164,191,49,191;1;0;kaggle:andrewmvd/car-plate-detection <https://www.kaggle.com/datasets/andrewmvd/car-plate-detection>;CC0-1.0 (CC0: Public Domain);day
images/real/kaggle_andrewmvd_car-plate-detection/Cars113.png;########;other;151,113,155,67;151,113,306,113,306,180,151,180;1;0;kaggle:andrewmvd/car-plate-detection <https://www.kaggle.com/datasets/andrewmvd/car-plate-detection>;CC0-1.0 (CC0: Public Domain);day,glare
images/real/kaggle_andrewmvd_car-plate-detection/Cars114.png;########;other;7,16,486,240;7,16,493,16,493,256,7,256;1;0;kaggle:andrewmvd/car-plate-detection <https://www.kaggle.com/datasets/andrewmvd/car-plate-detection>;CC0-1.0 (CC0: Public Domain);day,glare
images/real/kaggle_andrewmvd_car-plate-detection/Cars115.png;########;other;315,287,92,24;315,287,407,287,407,311,315,311;1;0;kaggle:andrewmvd/car-plate-detection <https://www.kaggle.com/datasets/andrewmvd/car-plate-detection>;CC0-1.0 (CC0: Public Domain);day,glare
images/real/kaggle_andrewmvd_car-plate-detection/Cars116.png;########;other;149,218,118,29;149,218,267,218,267,247,149,247;1;0;kaggle:andrewmvd/car-plate-detection <https://www.kaggle.com/datasets/andrewmvd/car-plate-detection>;CC0-1.0 (CC0: Public Domain);day
images/real/kaggle_andrewmvd_car-plate-detection/Cars118.png;########;other;193,165,201,52;193,165,394,165,394,217,193,217;1;0;kaggle:andrewmvd/car-plate-detection <https://www.kaggle.com/datasets/andrewmvd/car-plate-detection>;CC0-1.0 (CC0: Public Domain);day
images/real/kaggle_andrewmvd_car-plate-detection/Cars119.png;########;other;187,140,30,13;187,140,217,140,217,153,187,153;1;0;kaggle:andrewmvd/car-plate-detection <https://www.kaggle.com/datasets/andrewmvd/car-plate-detection>;CC0-1.0 (CC0: Public Domain);day
images/real/kaggle_andrewmvd_car-plate-detection/Cars120.png;########;other;159,178,91,22;159,178,250,178,250,200,159,200;1;0;kaggle:andrewmvd/car-plate-detection <https://www.kaggle.com/datasets/andrewmvd/car-plate-detection>;CC0-1.0 (CC0: Public Domain);day
images/real/kaggle_andrewmvd_car-plate-detection/Cars121.png;########;other;336,192,21,12;336,192,357,192,357,204,336,204;1;0;kaggle:andrewmvd/car-plate-detection <https://www.kaggle.com/datasets/andrewmvd/car-plate-detection>;CC0-1.0 (CC0: Public Domain);day,glare
images/real/kaggle_andrewmvd_car-plate-detection/Cars122.png;########;other;195,147,59,22;195,147,254,147,254,169,195,169;1;0;kaggle:andrewmvd/car-plate-detection <https://www.kaggle.com/datasets/andrewmvd/car-plate-detection>;CC0-1.0 (CC0: Public Domain);day
images/real/kaggle_andrewmvd_car-plate-detection/Cars123.png;########;other;159,221,78,21;159,221,237,221,237,242,159,242;1;0;kaggle:andrewmvd/car-plate-detection <https://www.kaggle.com/datasets/andrewmvd/car-plate-detection>;CC0-1.0 (CC0: Public Domain);day
images/real/kaggle_andrewmvd_car-plate-detection/Cars124.png;########;other;305,256,15,11;305,256,320,256,320,267,305,267;1;0;kaggle:andrewmvd/car-plate-detection <https://www.kaggle.com/datasets/andrewmvd/car-plate-detection>;CC0-1.0 (CC0: Public Domain);day,glare
images/real/kaggle_andrewmvd_car-plate-detection/Cars125.png;########;other;280,196,75,61;280,196,355,196,355,257,280,257;1;0;kaggle:andrewmvd/car-plate-detection <https://www.kaggle.com/datasets/andrewmvd/car-plate-detection>;CC0-1.0 (CC0: Public Domain);day
images/real/kaggle_andrewmvd_car-plate-detection/Cars126.png;########;other;103,99,190,102;103,99,293,99,293,201,103,201;1;0;kaggle:andrewmvd/car-plate-detection <https://www.kaggle.com/datasets/andrewmvd/car-plate-detection>;CC0-1.0 (CC0: Public Domain);night,glare
images/real/kaggle_andrewmvd_car-plate-detection/Cars127.png;########;other;360,166,23,15;360,166,383,166,383,181,360,181;1;0;kaggle:andrewmvd/car-plate-detection <https://www.kaggle.com/datasets/andrewmvd/car-plate-detection>;CC0-1.0 (CC0: Public Domain);day
images/real/kaggle_andrewmvd_car-plate-detection/Cars129.png;########;other;204,213,78,54;204,213,282,213,282,267,204,267;1;0;kaggle:andrewmvd/car-plate-detection <https://www.kaggle.com/datasets/andrewmvd/car-plate-detection>;CC0-1.0 (CC0: Public Domain);day,glare
images/real/kaggle_andrewmvd_car-plate-detection/Cars13.png;########;other;191,147,51,22;191,147,242,147,242,169,191,169;1;0;kaggle:andrewmvd/car-plate-detection <https://www.kaggle.com/datasets/andrewmvd/car-plate-detection>;CC0-1.0 (CC0: Public Domain);day
images/real/kaggle_andrewmvd_car-plate-detection/Cars130.png;########;other;91,110,75,30;91,110,166,110,166,140,91,140;1;0;kaggle:andrewmvd/car-plate-detection <https://www.kaggle.com/datasets/andrewmvd/car-plate-detection>;CC0-1.0 (CC0: Public Domain);day,glare
images/real/kaggle_andrewmvd_car-plate-detection/Cars133.png;########;other;247,185,128,38;247,185,375,185,375,223,247,223;1;0;kaggle:andrewmvd/car-plate-detection <https://www.kaggle.com/datasets/andrewmvd/car-plate-detection>;CC0-1.0 (CC0: Public Domain);day
images/real/kaggle_andrewmvd_car-plate-detection/Cars134.png;########;other;76,151,57,23;76,151,133,151,133,174,76,174;1;0;kaggle:andrewmvd/car-plate-detection <https://www.kaggle.com/datasets/andrewmvd/car-plate-detection>;CC0-1.0 (CC0: Public Domain);day
images/real/kaggle_andrewmvd_car-plate-detection/Cars136.png;########;other;164,104,81,15;164,104,245,104,245,119,164,119;1;0;kaggle:andrewmvd/car-plate-detection <https://www.kaggle.com/datasets/andrewmvd/car-plate-detection>;CC0-1.0 (CC0: Public Domain);day
images/real/kaggle_andrewmvd_car-plate-detection/Cars137.png;########;other;178,181,26,10;178,181,204,181,204,191,178,191;1;0;kaggle:andrewmvd/car-plate-detection <https://www.kaggle.com/datasets/andrewmvd/car-plate-detection>;CC0-1.0 (CC0: Public Domain);day,glare
images/real/kaggle_andrewmvd_car-plate-detection/Cars138.png;########;other;153,141,101,44;153,141,254,141,254,185,153,185;1;0;kaggle:andrewmvd/car-plate-detection <https://www.kaggle.com/datasets/andrewmvd/car-plate-detection>;CC0-1.0 (CC0: Public Domain);day
images/real/kaggle_andrewmvd_car-plate-detection/Cars139.png;########;other;315,189,22,8;315,189,337,189,337,197,315,197;1;0;kaggle:andrewmvd/car-plate-detection <https://www.kaggle.com/datasets/andrewmvd/car-plate-detection>;CC0-1.0 (CC0: Public Domain);day,glare
images/real/kaggle_andrewmvd_car-plate-detection/Cars139.png;########;other;193,224,38,9;193,224,231,224,231,233,193,233;1;0;kaggle:andrewmvd/car-plate-detection <https://www.kaggle.com/datasets/andrewmvd/car-plate-detection>;CC0-1.0 (CC0: Public Domain);day,glare
images/real/kaggle_andrewmvd_car-plate-detection/Cars140.png;########;other;283,239,141,47;283,239,424,239,424,286,283,286;1;0;kaggle:andrewmvd/car-plate-detection <https://www.kaggle.com/datasets/andrewmvd/car-plate-detection>;CC0-1.0 (CC0: Public Domain);day
images/real/kaggle_andrewmvd_car-plate-detection/Cars141.png;########;other;266,169,41,19;266,169,307,169,307,188,266,188;1;0;kaggle:andrewmvd/car-plate-detection <https://www.kaggle.com/datasets/andrewmvd/car-plate-detection>;CC0-1.0 (CC0: Public Domain);day,glare
images/real/kaggle_andrewmvd_car-plate-detection/Cars143.png;########;other;93,196,37,11;93,196,130,196,130,207,93,207;1;0;kaggle:andrewmvd/car-plate-detection <https://www.kaggle.com/datasets/andrewmvd/car-plate-detection>;CC0-1.0 (CC0: Public Domain);day
images/real/kaggle_andrewmvd_car-plate-detection/Cars143.png;########;other;316,195,33,10;316,195,349,195,349,205,316,205;1;0;kaggle:andrewmvd/car-plate-detection <https://www.kaggle.com/datasets/andrewmvd/car-plate-detection>;CC0-1.0 (CC0: Public Domain);day
images/real/kaggle_andrewmvd_car-plate-detection/Cars144.png;########;other;101,114,114,40;101,114,215,114,215,154,101,154;1;0;kaggle:andrewmvd/car-plate-detection <https://www.kaggle.com/datasets/andrewmvd/car-plate-detection>;CC0-1.0 (CC0: Public Domain);day,glare
images/real/kaggle_andrewmvd_car-plate-detection/Cars146.png;########;other;143,263,27,8;143,263,170,263,170,271,143,271;1;0;kaggle:andrewmvd/car-plate-detection <https://www.kaggle.com/datasets/andrewmvd/car-plate-detection>;CC0-1.0 (CC0: Public Domain);day
images/real/kaggle_andrewmvd_car-plate-detection/Cars146.png;########;other;254,238,26,9;254,238,280,238,280,247,254,247;1;0;kaggle:andrewmvd/car-plate-detection <https://www.kaggle.com/datasets/andrewmvd/car-plate-detection>;CC0-1.0 (CC0: Public Domain);day
images/real/kaggle_andrewmvd_car-plate-detection/Cars146.png;########;other;54,189,24,7;54,189,78,189,78,196,54,196;1;0;kaggle:andrewmvd/car-plate-detection <https://www.kaggle.com/datasets/andrewmvd/car-plate-detection>;CC0-1.0 (CC0: Public Domain);day
images/real/kaggle_andrewmvd_car-plate-detection/Cars146.png;########;other;111,194,18,10;111,194,129,194,129,204,111,204;1;0;kaggle:andrewmvd/car-plate-detection <https://www.kaggle.com/datasets/andrewmvd/car-plate-detection>;CC0-1.0 (CC0: Public Domain);day
images/real/kaggle_andrewmvd_car-plate-detection/Cars149.png;########;other;212,182,33,21;212,182,245,182,245,203,212,203;1;0;kaggle:andrewmvd/car-plate-detection <https://www.kaggle.com/datasets/andrewmvd/car-plate-detection>;CC0-1.0 (CC0: Public Domain);day
images/real/kaggle_andrewmvd_car-plate-detection/Cars15.png;########;other;310,146,62,25;310,146,372,146,372,171,310,171;1;0;kaggle:andrewmvd/car-plate-detection <https://www.kaggle.com/datasets/andrewmvd/car-plate-detection>;CC0-1.0 (CC0: Public Domain);day,glare
images/real/kaggle_andrewmvd_car-plate-detection/Cars150.png;########;other;122,198,140,34;122,198,262,198,262,232,122,232;1;0;kaggle:andrewmvd/car-plate-detection <https://www.kaggle.com/datasets/andrewmvd/car-plate-detection>;CC0-1.0 (CC0: Public Domain);day,glare
images/real/kaggle_andrewmvd_car-plate-detection/Cars151.png;########;other;54,135,66,43;54,135,120,135,120,178,54,178;1;0;kaggle:andrewmvd/car-plate-detection <https://www.kaggle.com/datasets/andrewmvd/car-plate-detection>;CC0-1.0 (CC0: Public Domain);day
images/real/kaggle_andrewmvd_car-plate-detection/Cars152.png;########;other;92,258,107,26;92,258,199,258,199,284,92,284;1;0;kaggle:andrewmvd/car-plate-detection <https://www.kaggle.com/datasets/andrewmvd/car-plate-detection>;CC0-1.0 (CC0: Public Domain);day,glare
images/real/kaggle_andrewmvd_car-plate-detection/Cars154.png;########;other;70,197,194,68;70,197,264,197,264,265,70,265;1;0;kaggle:andrewmvd/car-plate-detection <https://www.kaggle.com/datasets/andrewmvd/car-plate-detection>;CC0-1.0 (CC0: Public Domain);day,glare
images/real/kaggle_andrewmvd_car-plate-detection/Cars155.png;########;other;150,177,53,13;150,177,203,177,203,190,150,190;1;0;kaggle:andrewmvd/car-plate-detection <https://www.kaggle.com/datasets/andrewmvd/car-plate-detection>;CC0-1.0 (CC0: Public Domain);day
images/real/kaggle_andrewmvd_car-plate-detection/Cars157.png;########;other;330,152,36,27;330,152,366,152,366,179,330,179;1;0;kaggle:andrewmvd/car-plate-detection <https://www.kaggle.com/datasets/andrewmvd/car-plate-detection>;CC0-1.0 (CC0: Public Domain);day,glare
images/real/kaggle_andrewmvd_car-plate-detection/Cars158.png;########;other;97,118,199,92;97,118,296,118,296,210,97,210;1;0;kaggle:andrewmvd/car-plate-detection <https://www.kaggle.com/datasets/andrewmvd/car-plate-detection>;CC0-1.0 (CC0: Public Domain);day,glare
images/real/kaggle_andrewmvd_car-plate-detection/Cars159.png;########;other;149,184,112,27;149,184,261,184,261,211,149,211;1;0;kaggle:andrewmvd/car-plate-detection <https://www.kaggle.com/datasets/andrewmvd/car-plate-detection>;CC0-1.0 (CC0: Public Domain);day,glare
images/real/kaggle_andrewmvd_car-plate-detection/Cars160.png;########;other;209,137,72,37;209,137,281,137,281,174,209,174;1;0;kaggle:andrewmvd/car-plate-detection <https://www.kaggle.com/datasets/andrewmvd/car-plate-detection>;CC0-1.0 (CC0: Public Domain);day
images/real/kaggle_andrewmvd_car-plate-detection/Cars162.png;########;other;201,168,67,45;201,168,268,168,268,213,201,213;1;0;kaggle:andrewmvd/car-plate-detection <https://www.kaggle.com/datasets/andrewmvd/car-plate-detection>;CC0-1.0 (CC0: Public Domain);day,glare
images/real/kaggle_andrewmvd_car-plate-detection/Cars163.png;########;other;220,173,140,27;220,173,360,173,360,200,220,200;1;0;kaggle:andrewmvd/car-plate-detection <https://www.kaggle.com/datasets/andrewmvd/car-plate-detection>;CC0-1.0 (CC0: Public Domain);day
images/real/kaggle_andrewmvd_car-plate-detection/Cars164.png;########;other;160,144,79,39;160,144,239,144,239,183,160,183;1;0;kaggle:andrewmvd/car-plate-detection <https://www.kaggle.com/datasets/andrewmvd/car-plate-detection>;CC0-1.0 (CC0: Public Domain);day
images/real/kaggle_andrewmvd_car-plate-detection/Cars165.png;########;other;209,217,84,37;209,217,293,217,293,254,209,254;1;0;kaggle:andrewmvd/car-plate-detection <https://www.kaggle.com/datasets/andrewmvd/car-plate-detection>;CC0-1.0 (CC0: Public Domain);day,glare
images/real/kaggle_andrewmvd_car-plate-detection/Cars166.png;########;other;148,123,53,27;148,123,201,123,201,150,148,150;1;0;kaggle:andrewmvd/car-plate-detection <https://www.kaggle.com/datasets/andrewmvd/car-plate-detection>;CC0-1.0 (CC0: Public Domain);day
images/real/kaggle_andrewmvd_car-plate-detection/Cars167.png;########;other;176,254,151,31;176,254,327,254,327,285,176,285;1;0;kaggle:andrewmvd/car-plate-detection <https://www.kaggle.com/datasets/andrewmvd/car-plate-detection>;CC0-1.0 (CC0: Public Domain);day,glare
images/real/kaggle_andrewmvd_car-plate-detection/Cars17.png;########;other;306,188,45,17;306,188,351,188,351,205,306,205;1;0;kaggle:andrewmvd/car-plate-detection <https://www.kaggle.com/datasets/andrewmvd/car-plate-detection>;CC0-1.0 (CC0: Public Domain);night
images/real/kaggle_andrewmvd_car-plate-detection/Cars170.png;########;other;318,190,28,34;318,190,346,190,346,224,318,224;1;0;kaggle:andrewmvd/car-plate-detection <https://www.kaggle.com/datasets/andrewmvd/car-plate-detection>;CC0-1.0 (CC0: Public Domain);day
images/real/kaggle_andrewmvd_car-plate-detection/Cars172.png;########;other;173,209,128,30;173,209,301,209,301,239,173,239;1;0;kaggle:andrewmvd/car-plate-detection <https://www.kaggle.com/datasets/andrewmvd/car-plate-detection>;CC0-1.0 (CC0: Public Domain);night
images/real/kaggle_andrewmvd_car-plate-detection/Cars175.png;########;other;295,237,161,130;295,237,456,237,456,367,295,367;1;0;kaggle:andrewmvd/car-plate-detection <https://www.kaggle.com/datasets/andrewmvd/car-plate-detection>;CC0-1.0 (CC0: Public Domain);day
images/real/kaggle_andrewmvd_car-plate-detection/Cars176.png;########;other;72,67,236,118;72,67,308,67,308,185,72,185;1;0;kaggle:andrewmvd/car-plate-detection <https://www.kaggle.com/datasets/andrewmvd/car-plate-detection>;CC0-1.0 (CC0: Public Domain);day
images/real/kaggle_andrewmvd_car-plate-detection/Cars179.png;########;other;72,160,60,37;72,160,132,160,132,197,72,197;1;0;kaggle:andrewmvd/car-plate-detection <https://www.kaggle.com/datasets/andrewmvd/car-plate-detection>;CC0-1.0 (CC0: Public Domain);day,glare
images/real/kaggle_andrewmvd_car-plate-detection/Cars183.png;########;other;97,138,137,32;97,138,234,138,234,170,97,170;1;0;kaggle:andrewmvd/car-plate-detection <https://www.kaggle.com/datasets/andrewmvd/car-plate-detection>;CC0-1.0 (CC0: Public Domain);day,glare
images/real/kaggle_andrewmvd_car-plate-detection/Cars185.png;########;other;154,147,139,47;154,147,293,147,293,194,154,194;1;0;kaggle:andrewmvd/car-plate-detection <https://www.kaggle.com/datasets/andrewmvd/car-plate-detection>;CC0-1.0 (CC0: Public Domain);day
images/real/kaggle_andrewmvd_car-plate-detection/Cars188.png;########;other;32,184,11,9;32,184,43,184,43,193,32,193;1;0;kaggle:andrewmvd/car-plate-detection <https://www.kaggle.com/datasets/andrewmvd/car-plate-detection>;CC0-1.0 (CC0: Public Domain);day,glare
images/real/kaggle_andrewmvd_car-plate-detection/Cars19.png;########;other;148,195,73,37;148,195,221,195,221,232,148,232;1;0;kaggle:andrewmvd/car-plate-detection <https://www.kaggle.com/datasets/andrewmvd/car-plate-detection>;CC0-1.0 (CC0: Public Domain);day
images/real/kaggle_andrewmvd_car-plate-detection/Cars190.png;########;other;149,210,96,25;149,210,245,210,245,235,149,235;1;0;kaggle:andrewmvd/car-plate-detection <https://www.kaggle.com/datasets/andrewmvd/car-plate-detection>;CC0-1.0 (CC0: Public Domain);day
images/real/kaggle_andrewmvd_car-plate-detection/Cars191.png;########;other;96,189,103,28;96,189,199,189,199,217,96,217;1;0;kaggle:andrewmvd/car-plate-detection <https://www.kaggle.com/datasets/andrewmvd/car-plate-detection>;CC0-1.0 (CC0: Public Domain);day
images/real/kaggle_andrewmvd_car-plate-detection/Cars193.png;########;other;306,193,38,21;306,193,344,193,344,214,306,214;1;0;kaggle:andrewmvd/car-plate-detection <https://www.kaggle.com/datasets/andrewmvd/car-plate-detection>;CC0-1.0 (CC0: Public Domain);day
images/real/kaggle_andrewmvd_car-plate-detection/Cars194.png;########;other;267,170,49,13;267,170,316,170,316,183,267,183;1;0;kaggle:andrewmvd/car-plate-detection <https://www.kaggle.com/datasets/andrewmvd/car-plate-detection>;CC0-1.0 (CC0: Public Domain);day
images/real/kaggle_andrewmvd_car-plate-detection/Cars195.png;########;other;450,223,76,21;450,223,526,223,526,244,450,244;1;0;kaggle:andrewmvd/car-plate-detection <https://www.kaggle.com/datasets/andrewmvd/car-plate-detection>;CC0-1.0 (CC0: Public Domain);day,glare
images/real/kaggle_andrewmvd_car-plate-detection/Cars196.png;########;other;105,128,25,12;105,128,130,128,130,140,105,140;1;0;kaggle:andrewmvd/car-plate-detection <https://www.kaggle.com/datasets/andrewmvd/car-plate-detection>;CC0-1.0 (CC0: Public Domain);day
images/real/kaggle_andrewmvd_car-plate-detection/Cars199.png;########;other;59,88,251,70;59,88,310,88,310,158,59,158;1;0;kaggle:andrewmvd/car-plate-detection <https://www.kaggle.com/datasets/andrewmvd/car-plate-detection>;CC0-1.0 (CC0: Public Domain);day,glare
images/real/kaggle_andrewmvd_car-plate-detection/Cars2.png;########;other;229,176,41,17;229,176,270,176,270,193,229,193;1;0;kaggle:andrewmvd/car-plate-detection <https://www.kaggle.com/datasets/andrewmvd/car-plate-detection>;CC0-1.0 (CC0: Public Domain);day,glare
images/real/kaggle_andrewmvd_car-plate-detection/Cars20.png;########;other;18,135,30,17;18,135,48,135,48,152,18,152;1;0;kaggle:andrewmvd/car-plate-detection <https://www.kaggle.com/datasets/andrewmvd/car-plate-detection>;CC0-1.0 (CC0: Public Domain);day,glare
images/real/kaggle_andrewmvd_car-plate-detection/Cars204.png;########;other;193,145,86,42;193,145,279,145,279,187,193,187;1;0;kaggle:andrewmvd/car-plate-detection <https://www.kaggle.com/datasets/andrewmvd/car-plate-detection>;CC0-1.0 (CC0: Public Domain);day,glare
images/real/kaggle_andrewmvd_car-plate-detection/Cars205.png;########;other;156,162,65,37;156,162,221,162,221,199,156,199;1;0;kaggle:andrewmvd/car-plate-detection <https://www.kaggle.com/datasets/andrewmvd/car-plate-detection>;CC0-1.0 (CC0: Public Domain);day
images/real/kaggle_andrewmvd_car-plate-detection/Cars206.png;########;other;95,185,69,21;95,185,164,185,164,206,95,206;1;0;kaggle:andrewmvd/car-plate-detection <https://www.kaggle.com/datasets/andrewmvd/car-plate-detection>;CC0-1.0 (CC0: Public Domain);day
images/real/kaggle_andrewmvd_car-plate-detection/Cars207.png;########;other;254,229,118,35;254,229,372,229,372,264,254,264;1;0;kaggle:andrewmvd/car-plate-detection <https://www.kaggle.com/datasets/andrewmvd/car-plate-detection>;CC0-1.0 (CC0: Public Domain);day,glare
images/real/kaggle_andrewmvd_car-plate-detection/Cars208.png;########;other;142,123,90,46;142,123,232,123,232,169,142,169;1;0;kaggle:andrewmvd/car-plate-detection <https://www.kaggle.com/datasets/andrewmvd/car-plate-detection>;CC0-1.0 (CC0: Public Domain);day,glare
images/real/kaggle_andrewmvd_car-plate-detection/Cars209.png;########;other;359,172,28,14;359,172,387,172,387,186,359,186;1;0;kaggle:andrewmvd/car-plate-detection <https://www.kaggle.com/datasets/andrewmvd/car-plate-detection>;CC0-1.0 (CC0: Public Domain);day,glare
images/real/kaggle_andrewmvd_car-plate-detection/Cars21.png;########;other;191,165,64,27;191,165,255,165,255,192,191,192;1;0;kaggle:andrewmvd/car-plate-detection <https://www.kaggle.com/datasets/andrewmvd/car-plate-detection>;CC0-1.0 (CC0: Public Domain);day
images/real/kaggle_andrewmvd_car-plate-detection/Cars211.png;########;other;28,64,359,171;28,64,387,64,387,235,28,235;1;0;kaggle:andrewmvd/car-plate-detection <https://www.kaggle.com/datasets/andrewmvd/car-plate-detection>;CC0-1.0 (CC0: Public Domain);day,glare
images/real/kaggle_andrewmvd_car-plate-detection/Cars212.png;########;other;105,94,185,47;105,94,290,94,290,141,105,141;1;0;kaggle:andrewmvd/car-plate-detection <https://www.kaggle.com/datasets/andrewmvd/car-plate-detection>;CC0-1.0 (CC0: Public Domain);day,glare
images/real/kaggle_andrewmvd_car-plate-detection/Cars213.png;########;other;150,160,83,34;150,160,233,160,233,194,150,194;1;0;kaggle:andrewmvd/car-plate-detection <https://www.kaggle.com/datasets/andrewmvd/car-plate-detection>;CC0-1.0 (CC0: Public Domain);day,glare
images/real/kaggle_andrewmvd_car-plate-detection/Cars214.png;########;other;188,121,26,13;188,121,214,121,214,134,188,134;1;0;kaggle:andrewmvd/car-plate-detection <https://www.kaggle.com/datasets/andrewmvd/car-plate-detection>;CC0-1.0 (CC0: Public Domain);day
images/real/kaggle_andrewmvd_car-plate-detection/Cars218.png;########;other;0,166,27,22;0,166,27,166,27,188,0,188;1;0;kaggle:andrewmvd/car-plate-detection <https://www.kaggle.com/datasets/andrewmvd/car-plate-detection>;CC0-1.0 (CC0: Public Domain);day
images/real/kaggle_andrewmvd_car-plate-detection/Cars219.png;########;other;127,172,335,64;127,172,462,172,462,236,127,236;1;0;kaggle:andrewmvd/car-plate-detection <https://www.kaggle.com/datasets/andrewmvd/car-plate-detection>;CC0-1.0 (CC0: Public Domain);day
images/real/kaggle_andrewmvd_car-plate-detection/Cars22.png;########;other;207,104,53,12;207,104,260,104,260,116,207,116;1;0;kaggle:andrewmvd/car-plate-detection <https://www.kaggle.com/datasets/andrewmvd/car-plate-detection>;CC0-1.0 (CC0: Public Domain);day,glare
images/real/kaggle_andrewmvd_car-plate-detection/Cars220.png;########;other;142,168,46,14;142,168,188,168,188,182,142,182;1;0;kaggle:andrewmvd/car-plate-detection <https://www.kaggle.com/datasets/andrewmvd/car-plate-detection>;CC0-1.0 (CC0: Public Domain);day
images/real/kaggle_andrewmvd_car-plate-detection/Cars223.png;########;other;347,231,60,18;347,231,407,231,407,249,347,249;1;0;kaggle:andrewmvd/car-plate-detection <https://www.kaggle.com/datasets/andrewmvd/car-plate-detection>;CC0-1.0 (CC0: Public Domain);day
images/real/kaggle_andrewmvd_car-plate-detection/Cars224.png;########;other;181,250,62,25;181,250,243,250,243,275,181,275;1;0;kaggle:andrewmvd/car-plate-detection <https://www.kaggle.com/datasets/andrewmvd/car-plate-detection>;CC0-1.0 (CC0: Public Domain);day,glare
images/real/kaggle_andrewmvd_car-plate-detection/Cars226.png;########;other;249,194,69,19;249,194,318,194,318,213,249,213;1;0;kaggle:andrewmvd/car-plate-detection <https://www.kaggle.com/datasets/andrewmvd/car-plate-detection>;CC0-1.0 (CC0: Public Domain);day
images/real/kaggle_andrewmvd_car-plate-detection/Cars227.png;########;other;118,199,35,12;118,199,153,199,153,211,118,211;1;0;kaggle:andrewmvd/car-plate-detection <https://www.kaggle.com/datasets/andrewmvd/car-plate-detection>;CC0-1.0 (CC0: Public Domain);day
images/real/kaggle_andrewmvd_car-plate-detection/Cars23.png;########;other;143,172,70,39;143,172,213,172,213,211,143,211;1;0;kaggle:andrewmvd/car-plate-detection <https://www.kaggle.com/datasets/andrewmvd/car-plate-detection>;CC0-1.0 (CC0: Public Domain);day,glare
images/real/kaggle_andrewmvd_car-plate-detection/Cars231.png;########;other;64,160,69,20;64,160,133,160,133,180,64,180;1;0;kaggle:andrewmvd/car-plate-detection <https://www.kaggle.com/datasets/andrewmvd/car-plate-detection>;CC0-1.0 (CC0: Public Domain);day
images/real/kaggle_andrewmvd_car-plate-detection/Cars232.png;########;other;175,174,53,27;175,174,228,174,228,201,175,201;1;0;kaggle:andrewmvd/car-plate-detection <https://www.kaggle.com/datasets/andrewmvd/car-plate-detection>;CC0-1.0 (CC0: Public Domain);day
images/real/kaggle_andrewmvd_car-plate-detection/Cars238.png;########;other;276,186,120,87;276,186,396,186,396,273,276,273;1;0;kaggle:andrewmvd/car-plate-detection <https://www.kaggle.com/datasets/andrewmvd/car-plate-detection>;CC0-1.0 (CC0: Public Domain);day,glare
images/real/kaggle_andrewmvd_car-plate-detection/Cars241.png;########;other;126,142,115,57;126,142,241,142,241,199,126,199;1;0;kaggle:andrewmvd/car-plate-detection <https://www.kaggle.com/datasets/andrewmvd/car-plate-detection>;CC0-1.0 (CC0: Public Domain);day,glare
images/real/kaggle_andrewmvd_car-plate-detection/Cars244.png;########;other;20,87,340,68;20,87,360,87,360,155,20,155;1;0;kaggle:andrewmvd/car-plate-detection <https://www.kaggle.com/datasets/andrewmvd/car-plate-detection>;CC0-1.0 (CC0: Public Domain);day
images/real/kaggle_andrewmvd_car-plate-detection/Cars246.png;########;other;49,163,63,30;49,163,112,163,112,193,49,193;1;0;kaggle:andrewmvd/car-plate-detection <https://www.kaggle.com/datasets/andrewmvd/car-plate-detection>;CC0-1.0 (CC0: Public Domain);day,glare
images/real/kaggle_andrewmvd_car-plate-detection/Cars248.png;########;other;184,143,127,48;184,143,311,143,311,191,184,191;1;0;kaggle:andrewmvd/car-plate-detection <https://www.kaggle.com/datasets/andrewmvd/car-plate-detection>;CC0-1.0 (CC0: Public Domain);day
images/real/kaggle_andrewmvd_car-plate-detection/Cars249.png;########;other;118,91,31,8;118,91,149,91,149,99,118,99;1;0;kaggle:andrewmvd/car-plate-detection <https://www.kaggle.com/datasets/andrewmvd/car-plate-detection>;CC0-1.0 (CC0: Public Domain);day
images/real/kaggle_andrewmvd_car-plate-detection/Cars249.png;########;other;238,60,31,19;238,60,269,60,269,79,238,79;1;0;kaggle:andrewmvd/car-plate-detection <https://www.kaggle.com/datasets/andrewmvd/car-plate-detection>;CC0-1.0 (CC0: Public Domain);day
images/real/kaggle_andrewmvd_car-plate-detection/Cars249.png;########;other;133,195,28,8;133,195,161,195,161,203,133,203;1;0;kaggle:andrewmvd/car-plate-detection <https://www.kaggle.com/datasets/andrewmvd/car-plate-detection>;CC0-1.0 (CC0: Public Domain);day
images/real/kaggle_andrewmvd_car-plate-detection/Cars249.png;########;other;300,208,54,18;300,208,354,208,354,226,300,226;1;0;kaggle:andrewmvd/car-plate-detection <https://www.kaggle.com/datasets/andrewmvd/car-plate-detection>;CC0-1.0 (CC0: Public Domain);day
images/real/kaggle_andrewmvd_car-plate-detection/Cars252.png;########;other;174,237,140,37;174,237,314,237,314,274,174,274;1;0;kaggle:andrewmvd/car-plate-detection <https://www.kaggle.com/datasets/andrewmvd/car-plate-detection>;CC0-1.0 (CC0: Public Domain);day,glare
images/real/kaggle_andrewmvd_car-plate-detection/Cars254.png;########;other;166,175,69,32;166,175,235,175,235,207,166,207;1;0;kaggle:andrewmvd/car-plate-detection <https://www.kaggle.com/datasets/andrewmvd/car-plate-detection>;CC0-1.0 (CC0: Public Domain);day,glare
images/real/kaggle_andrewmvd_car-plate-detection/Cars255.png;########;other;116,156,157,32;116,156,273,156,273,188,116,188;1;0;kaggle:andrewmvd/car-plate-detection <https://www.kaggle.com/datasets/andrewmvd/car-plate-detection>;CC0-1.0 (CC0: Public Domain);day
images/real/kaggle_andrewmvd_car-plate-detection/Cars256.png;########;other;286,175,114,37;286,175,400,175,400,212,286,212;1;0;kaggle:andrewmvd/car-plate-detection <https://www.kaggle.com/datasets/andrewmvd/car-plate-detection>;CC0-1.0 (CC0: Public Domain);night
images/real/kaggle_andrewmvd_car-plate-detection/Cars257.png;########;other;167,132,74,34;167,132,241,132,241,166,167,166;1;0;kaggle:andrewmvd/car-plate-detection <https://www.kaggle.com/datasets/andrewmvd/car-plate-detection>;CC0-1.0 (CC0: Public Domain);day
images/real/kaggle_andrewmvd_car-plate-detection/Cars258.png;########;other;158,184,72,48;158,184,230,184,230,232,158,232;1;0;kaggle:andrewmvd/car-plate-detection <https://www.kaggle.com/datasets/andrewmvd/car-plate-detection>;CC0-1.0 (CC0: Public Domain);day
images/real/kaggle_andrewmvd_car-plate-detection/Cars260.png;########;other;170,112,62,17;170,112,232,112,232,129,170,129;1;0;kaggle:andrewmvd/car-plate-detection <https://www.kaggle.com/datasets/andrewmvd/car-plate-detection>;CC0-1.0 (CC0: Public Domain);day
images/real/kaggle_andrewmvd_car-plate-detection/Cars261.png;########;other;1,74,463,80;1,74,464,74,464,154,1,154;1;0;kaggle:andrewmvd/car-plate-detection <https://www.kaggle.com/datasets/andrewmvd/car-plate-detection>;CC0-1.0 (CC0: Public Domain);day
images/real/kaggle_andrewmvd_car-plate-detection/Cars262.png;########;other;243,184,42,21;243,184,285,184,285,205,243,205;1;0;kaggle:andrewmvd/car-plate-detection <https://www.kaggle.com/datasets/andrewmvd/car-plate-detection>;CC0-1.0 (CC0: Public Domain);day
images/real/kaggle_andrewmvd_car-plate-detection/Cars263.png;########;other;129,260,103,30;129,260,232,260,232,290,129,290;1;0;kaggle:andrewmvd/car-plate-detection <https://www.kaggle.com/datasets/andrewmvd/car-plate-detection>;CC0-1.0 (CC0: Public Domain);day,glare
images/real/kaggle_andrewmvd_car-plate-detection/Cars264.png;########;other;222,300,73,37;222,300,295,300,295,337,222,337;1;0;kaggle:andrewmvd/car-plate-detection <https://www.kaggle.com/datasets/andrewmvd/car-plate-detection>;CC0-1.0 (CC0: Public Domain);day,glare
images/real/kaggle_andrewmvd_car-plate-detection/Cars269.png;########;other;110,199,37,18;110,199,147,199,147,217,110,217;1;0;kaggle:andrewmvd/car-plate-detection <https://www.kaggle.com/datasets/andrewmvd/car-plate-detection>;CC0-1.0 (CC0: Public Domain);day
images/real/kaggle_andrewmvd_car-plate-detection/Cars271.png;########;other;262,141,56,19;262,141,318,141,318,160,262,160;1;0;kaggle:andrewmvd/car-plate-detection <https://www.kaggle.com/datasets/andrewmvd/car-plate-detection>;CC0-1.0 (CC0: Public Domain);day,glare
images/real/kaggle_andrewmvd_car-plate-detection/Cars277.png;########;other;48,218,24,7;48,218,72,218,72,225,48,225;1;0;kaggle:andrewmvd/car-plate-detection <https://www.kaggle.com/datasets/andrewmvd/car-plate-detection>;CC0-1.0 (CC0: Public Domain);day
images/real/kaggle_andrewmvd_car-plate-detection/Cars277.png;########;other;134,217,19,7;134,217,153,217,153,224,134,224;1;0;kaggle:andrewmvd/car-plate-detection <https://www.kaggle.com/datasets/andrewmvd/car-plate-detection>;CC0-1.0 (CC0: Public Domain);day
images/real/kaggle_andrewmvd_car-plate-detection/Cars277.png;########;other;290,220,18,9;290,220,308,220,308,229,290,229;1;0;kaggle:andrewmvd/car-plate-detection <https://www.kaggle.com/datasets/andrewmvd/car-plate-detection>;CC0-1.0 (CC0: Public Domain);day
images/real/kaggle_andrewmvd_car-plate-detection/Cars277.png;########;other;373,212,15,5;373,212,388,212,388,217,373,217;1;0;kaggle:andrewmvd/car-plate-detection <https://www.kaggle.com/datasets/andrewmvd/car-plate-detection>;CC0-1.0 (CC0: Public Domain);day
images/real/kaggle_andrewmvd_car-plate-detection/Cars279.png;########;other;42,131,160,112;42,131,202,131,202,243,42,243;1;0;kaggle:andrewmvd/car-plate-detection <https://www.kaggle.com/datasets/andrewmvd/car-plate-detection>;CC0-1.0 (CC0: Public Domain);day
images/real/kaggle_andrewmvd_car-plate-detection/Cars28.png;########;other;541,366,57,18;541,366,598,366,598,384,541,384;1;0;kaggle:andrewmvd/car-plate-detection <https://www.kaggle.com/datasets/andrewmvd/car-plate-detection>;CC0-1.0 (CC0: Public Domain);day,glare
images/real/kaggle_andrewmvd_car-plate-detection/Cars280.png;########;other;191,185,22,10;191,185,213,185,213,195,191,195;1;0;kaggle:andrewmvd/car-plate-detection <https://www.kaggle.com/datasets/andrewmvd/car-plate-detection>;CC0-1.0 (CC0: Public Domain);day
images/real/kaggle_andrewmvd_car-plate-detection/Cars281.png;########;other;151,169,92,14;151,169,243,169,243,183,151,183;1;0;kaggle:andrewmvd/car-plate-detection <https://www.kaggle.com/datasets/andrewmvd/car-plate-detection>;CC0-1.0 (CC0: Public Domain);day,glare
images/real/kaggle_andrewmvd_car-plate-detection/Cars286.png;########;other;201,191,87,39;201,191,288,191,288,230,201,230;1;0;kaggle:andrewmvd/car-plate-detection <https://www.kaggle.com/datasets/andrewmvd/car-plate-detection>;CC0-1.0 (CC0: Public Domain);day
images/real/kaggle_andrewmvd_car-plate-detection/Cars289.png;########;other;163,140,108,33;163,140,271,140,271,173,163,173;1;0;kaggle:andrewmvd/car-plate-detection <https://www.kaggle.com/datasets/andrewmvd/car-plate-detection>;CC0-1.0 (CC0: Public Domain);day
images/real/kaggle_andrewmvd_car-plate-detection/Cars290.png;########;other;224,84,47,34;224,84,271,84,271,118,224,118;1;0;kaggle:andrewmvd/car-plate-detection <https://www.kaggle.com/datasets/andrewmvd/car-plate-detection>;CC0-1.0 (CC0: Public Domain);day
images/real/kaggle_andrewmvd_car-plate-detection/Cars291.png;########;other;71,205,144,41;71,205,215,205,215,246,71,246;1;0;kaggle:andrewmvd/car-plate-detection <https://www.kaggle.com/datasets/andrewmvd/car-plate-detection>;CC0-1.0 (CC0: Public Domain);day,glare
images/real/kaggle_andrewmvd_car-plate-detection/Cars292.png;########;other;91,187,46,21;91,187,137,187,137,208,91,208;1;0;kaggle:andrewmvd/car-plate-detection <https://www.kaggle.com/datasets/andrewmvd/car-plate-detection>;CC0-1.0 (CC0: Public Domain);day
images/real/kaggle_andrewmvd_car-plate-detection/Cars294.png;########;other;142,117,76,18;142,117,218,117,218,135,142,135;1;0;kaggle:andrewmvd/car-plate-detection <https://www.kaggle.com/datasets/andrewmvd/car-plate-detection>;CC0-1.0 (CC0: Public Domain);day
images/real/kaggle_andrewmvd_car-plate-detection/Cars295.png;########;other;52,170,21,12;52,170,73,170,73,182,52,182;1;0;kaggle:andrewmvd/car-plate-detection <https://www.kaggle.com/datasets/andrewmvd/car-plate-detection>;CC0-1.0 (CC0: Public Domain);day,glare
images/real/kaggle_andrewmvd_car-plate-detection/Cars295.png;########;other;237,143,34,19;237,143,271,143,271,162,237,162;1;0;kaggle:andrewmvd/car-plate-detection <https://www.kaggle.com/datasets/andrewmvd/car-plate-detection>;CC0-1.0 (CC0: Public Domain);day,glare
images/real/kaggle_andrewmvd_car-plate-detection/Cars296.png;########;other;163,158,71,38;163,158,234,158,234,196,163,196;1;0;kaggle:andrewmvd/car-plate-detection <https://www.kaggle.com/datasets/andrewmvd/car-plate-detection>;CC0-1.0 (CC0: Public Domain);day,glare
images/real/kaggle_andrewmvd_car-plate-detection/Cars298.png;########;other;166,148,67,36;166,148,233,148,233,184,166,184;1;0;kaggle:andrewmvd/car-plate-detection <https://www.kaggle.com/datasets/andrewmvd/car-plate-detection>;CC0-1.0 (CC0: Public Domain);day,glare
images/real/kaggle_andrewmvd_car-plate-detection/Cars299.png;########;other;101,136,169,40;101,136,270,136,270,176,101,176;1;0;kaggle:andrewmvd/car-plate-detection <https://www.kaggle.com/datasets/andrewmvd/car-plate-detection>;CC0-1.0 (CC0: Public Domain);day,glare
images/real/kaggle_andrewmvd_car-plate-detection/Cars305.png;########;other;361,167,73,16;361,167,434,167,434,183,361,183;1;0;kaggle:andrewmvd/car-plate-detection <https://www.kaggle.com/datasets/andrewmvd/car-plate-detection>;CC0-1.0 (CC0: Public Domain);day,glare
images/real/kaggle_andrewmvd_car-plate-detection/Cars306.png;########;other;139,282,110,28;139,282,249,282,249,310,139,310;1;0;kaggle:andrewmvd/car-plate-detection <https://www.kaggle.com/datasets/andrewmvd/car-plate-detection>;CC0-1.0 (CC0: Public Domain);day
images/real/kaggle_andrewmvd_car-plate-detection/Cars307.png;########;other;172,163,265,57;172,163,437,163,437,220,172,220;1;0;kaggle:andrewmvd/car-plate-detection <https://www.kaggle.com/datasets/andrewmvd/car-plate-detection>;CC0-1.0 (CC0: Public Domain);day,glare
images/real/kaggle_andrewmvd_car-plate-detection/Cars310.png;########;other;241,369,107,48;241,369,348,369,348,417,241,417;1;0;kaggle:andrewmvd/car-plate-detection <https://www.kaggle.com/datasets/andrewmvd/car-plate-detection>;CC0-1.0 (CC0: Public Domain);day
images/real/kaggle_andrewmvd_car-plate-detection/Cars311.png;########;other;295,166,60,19;295,166,355,166,355,185,295,185;1;0;kaggle:andrewmvd/car-plate-detection <https://www.kaggle.com/datasets/andrewmvd/car-plate-detection>;CC0-1.0 (CC0: Public Domain);day
images/real/kaggle_andrewmvd_car-plate-detection/Cars311.png;########;other;67,91,28,7;67,91,95,91,95,98,67,98;1;0;kaggle:andrewmvd/car-plate-detection <https://www.kaggle.com/datasets/andrewmvd/car-plate-detection>;CC0-1.0 (CC0: Public Domain);day
images/real/kaggle_andrewmvd_car-plate-detection/Cars312.png;########;other;111,66,407,180;111,66,518,66,518,246,111,246;1;0;kaggle:andrewmvd/car-plate-detection <https://www.kaggle.com/datasets/andrewmvd/car-plate-detection>;CC0-1.0 (CC0: Public Domain);day,glare
images/real/kaggle_andrewmvd_car-plate-detection/Cars313.png;########;other;176,211,76,35;176,211,252,211,252,246,176,246;1;0;kaggle:andrewmvd/car-plate-detection <https://www.kaggle.com/datasets/andrewmvd/car-plate-detection>;CC0-1.0 (CC0: Public Domain);day,glare
images/real/kaggle_andrewmvd_car-plate-detection/Cars315.png;########;other;12,98,373,83;12,98,385,98,385,181,12,181;1;0;kaggle:andrewmvd/car-plate-detection <https://www.kaggle.com/datasets/andrewmvd/car-plate-detection>;CC0-1.0 (CC0: Public Domain);day
images/real/kaggle_andrewmvd_car-plate-detection/Cars316.png;########;other;377,405,99,34;377,405,476,405,476,439,377,439;1;0;kaggle:andrewmvd/car-plate-detection <https://www.kaggle.com/datasets/andrewmvd/car-plate-detection>;CC0-1.0 (CC0: Public Domain);day,glare
images/real/kaggle_andrewmvd_car-plate-detection/Cars316.png;########;other;379,192,76,28;379,192,455,192,455,220,379,220;1;0;kaggle:andrewmvd/car-plate-detection <https://www.kaggle.com/datasets/andrewmvd/car-plate-detection>;CC0-1.0 (CC0: Public Domain);day,glare
images/real/kaggle_andrewmvd_car-plate-detection/Cars319.png;########;other;167,228,65,31;167,228,232,228,232,259,167,259;1;0;kaggle:andrewmvd/car-plate-detection <https://www.kaggle.com/datasets/andrewmvd/car-plate-detection>;CC0-1.0 (CC0: Public Domain);day,glare
images/real/kaggle_andrewmvd_car-plate-detection/Cars321.png;########;other;134,235,35,11;134,235,169,235,169,246,134,246;1;0;kaggle:andrewmvd/car-plate-detection <https://www.kaggle.com/datasets/andrewmvd/car-plate-detection>;CC0-1.0 (CC0: Public Domain);day
images/real/kaggle_andrewmvd_car-plate-detection/Cars322.png;########;other;274,257,76,40;274,257,350,257,350,297,274,297;1;0;kaggle:andrewmvd/car-plate-detection <https://www.kaggle.com/datasets/andrewmvd/car-plate-detection>;CC0-1.0 (CC0: Public Domain);day
images/real/kaggle_andrewmvd_car-plate-detection/Cars329.png;########;other;166,142,58,34;166,142,224,142,224,176,166,176;1;0;kaggle:andrewmvd/car-plate-detection <https://www.kaggle.com/datasets/andrewmvd/car-plate-detection>;CC0-1.0 (CC0: Public Domain);day,glare
images/real/kaggle_andrewmvd_car-plate-detection/Cars330.png;########;other;29,192,28,11;29,192,57,192,57,203,29,203;1;0;kaggle:andrewmvd/car-plate-detection <https://www.kaggle.com/datasets/andrewmvd/car-plate-detection>;CC0-1.0 (CC0: Public Domain);day
images/real/kaggle_andrewmvd_car-plate-detection/Cars330.png;########;other;168,202,30,12;168,202,198,202,198,214,168,214;1;0;kaggle:andrewmvd/car-plate-detection <https://www.kaggle.com/datasets/andrewmvd/car-plate-detection>;CC0-1.0 (CC0: Public Domain);day
images/real/kaggle_andrewmvd_car-plate-detection/Cars330.png;########;other;313,180,20,11;313,180,333,180,333,191,313,191;1;0;kaggle:andrewmvd/car-plate-detection <https://www.kaggle.com/datasets/andrewmvd/car-plate-detection>;CC0-1.0 (CC0: Public Domain);day
images/real/kaggle_andrewmvd_car-plate-detection/Cars330.png;########;other;385,172,14,9;385,172,399,172,399,181,385,181;1;0;kaggle:andrewmvd/car-plate-detection <https://www.kaggle.com/datasets/andrewmvd/car-plate-detection>;CC0-1.0 (CC0: Public Domain);day
images/real/kaggle_andrewmvd_car-plate-detection/Cars331.png;########;other;164,220,71,20;164,220,235,220,235,240,164,240;1;0;kaggle:andrewmvd/car-plate-detection <https://www.kaggle.com/datasets/andrewmvd/car-plate-detection>;CC0-1.0 (CC0: Public Domain);day
images/real/kaggle_andrewmvd_car-plate-detection/Cars337.png;########;other;119,131,17,23;119,131,136,131,136,154,119,154;1;0;kaggle:andrewmvd/car-plate-detection <https://www.kaggle.com/datasets/andrewmvd/car-plate-detection>;CC0-1.0 (CC0: Public Domain);day
images/real/kaggle_andrewmvd_car-plate-detection/Cars338.png;########;other;297,193,19,12;297,193,316,193,316,205,297,205;1;0;kaggle:andrewmvd/car-plate-detection <https://www.kaggle.com/datasets/andrewmvd/car-plate-detection>;CC0-1.0 (CC0: Public Domain);day,glare
images/real/kaggle_andrewmvd_car-plate-detection/Cars343.png;########;other;110,186,52,23;110,186,162,186,162,209,110,209;1;0;kaggle:andrewmvd/car-plate-detection <https://www.kaggle.com/datasets/andrewmvd/car-plate-detection>;CC0-1.0 (CC0: Public Domain);day,glare
images/real/kaggle_andrewmvd_car-plate-detection/Cars344.png;########;other;240,158,139,59;240,158,379,158,379,217,240,217;1;0;kaggle:andrewmvd/car-plate-detection <https://www.kaggle.com/datasets/andrewmvd/car-plate-detection>;CC0-1.0 (CC0: Public Domain);day,glare
images/real/kaggle_andrewmvd_car-plate-detection/Cars345.png;########;other;173,143,74,39;173,143,247,143,247,182,173,182;1;0;kaggle:andrewmvd/car-plate-detection <https://www.kaggle.com/datasets/andrewmvd/car-plate-detection>;CC0-1.0 (CC0: Public Domain);day
images/real/kaggle_andrewmvd_car-plate-detection/Cars349.png;########;other;38,225,108,24;38,225,146,225,146,249,38,249;1;0;kaggle:andrewmvd/car-plate-detection <https://www.kaggle.com/datasets/andrewmvd/car-plate-detection>;CC0-1.0 (CC0: Public Domain);day
images/real/kaggle_andrewmvd_car-plate-detection/Cars350.png;########;other;162,179,49,9;162,179,211,179,211,188,162,188;1;0;kaggle:andrewmvd/car-plate-detection <https://www.kaggle.com/datasets/andrewmvd/car-plate-detection>;CC0-1.0 (CC0: Public Domain);day
images/real/kaggle_andrewmvd_car-plate-detection/Cars352.png;########;other;201,185,16,10;201,185,217,185,217,195,201,195;1;0;kaggle:andrewmvd/car-plate-detection <https://www.kaggle.com/datasets/andrewmvd/car-plate-detection>;CC0-1.0 (CC0: Public Domain);day
images/real/kaggle_andrewmvd_car-plate-detection/Cars352.png;########;other;77,181,17,10;77,181,94,181,94,191,77,191;1;0;kaggle:andrewmvd/car-plate-detection <https://www.kaggle.com/datasets/andrewmvd/car-plate-detection>;CC0-1.0 (CC0: Public Domain);day
images/real/kaggle_andrewmvd_car-plate-detection/Cars354.png;########;other;65,202,37,20;65,202,102,202,102,222,65,222;1;0;kaggle:andrewmvd/car-plate-detection <https://www.kaggle.com/datasets/andrewmvd/car-plate-detection>;CC0-1.0 (CC0: Public Domain);day
images/real/kaggle_andrewmvd_car-plate-detection/Cars355.png;########;other;164,154,75,36;164,154,239,154,239,190,164,190;1;0;kaggle:andrewmvd/car-plate-detection <https://www.kaggle.com/datasets/andrewmvd/car-plate-detection>;CC0-1.0 (CC0: Public Domain);day
images/real/kaggle_andrewmvd_car-plate-detection/Cars356.png;########;other;241,216,123,59;241,216,364,216,364,275,241,275;1;0;kaggle:andrewmvd/car-plate-detection <https://www.kaggle.com/datasets/andrewmvd/car-plate-detection>;CC0-1.0 (CC0: Public Domain);day
images/real/kaggle_andrewmvd_car-plate-detection/Cars359.png;########;other;228,228,38,12;228,228,266,228,266,240,228,240;1;0;kaggle:andrewmvd/car-plate-detection <https://www.kaggle.com/datasets/andrewmvd/car-plate-detection>;CC0-1.0 (CC0: Public Domain);day
images/real/kaggle_andrewmvd_car-plate-detection/Cars362.png;########;other;139,172,23,7;139,172,162,172,162,179,139,179;1;0;kaggle:andrewmvd/car-plate-detection <https://www.kaggle.com/datasets/andrewmvd/car-plate-detection>;CC0-1.0 (CC0: Public Domain);night
images/real/kaggle_andrewmvd_car-plate-detection/Cars363.png;########;other;153,169,101,35;153,169,254,169,254,204,153,204;1;0;kaggle:andrewmvd/car-plate-detection <https://www.kaggle.com/datasets/andrewmvd/car-plate-detection>;CC0-1.0 (CC0: Public Domain);day
images/real/kaggle_andrewmvd_car-plate-detection/Cars365.png;########;other;293,205,80,21;293,205,373,205,373,226,293,226;1;0;kaggle:andrewmvd/car-plate-detection <https://www.kaggle.com/datasets/andrewmvd/car-plate-detection>;CC0-1.0 (CC0: Public Domain);day
images/real/kaggle_andrewmvd_car-plate-detection/Cars37.png;########;other;146,114,100,49;146,114,246,114,246,163,146,163;1;0;kaggle:andrewmvd/car-plate-detection <https://www.kaggle.com/datasets/andrewmvd/car-plate-detection>;CC0-1.0 (CC0: Public Domain);night
images/real/kaggle_andrewmvd_car-plate-detection/Cars372.png;########;other;221,275,132,34;221,275,353,275,353,309,221,309;1;0;kaggle:andrewmvd/car-plate-detection <https://www.kaggle.com/datasets/andrewmvd/car-plate-detection>;CC0-1.0 (CC0: Public Domain);day
images/real/kaggle_andrewmvd_car-plate-detection/Cars374.png;########;other;354,118,87,24;354,118,441,118,441,142,354,142;1;0;kaggle:andrewmvd/car-plate-detection <https://www.kaggle.com/datasets/andrewmvd/car-plate-detection>;CC0-1.0 (CC0: Public Domain);day,glare
images/real/kaggle_andrewmvd_car-plate-detection/Cars375.png;########;other;144,114,156,31;144,114,300,114,300,145,144,145;1;0;kaggle:andrewmvd/car-plate-detection <https://www.kaggle.com/datasets/andrewmvd/car-plate-detection>;CC0-1.0 (CC0: Public Domain);day
images/real/kaggle_andrewmvd_car-plate-detection/Cars378.png;########;other;118,92,136,45;118,92,254,92,254,137,118,137;1;0;kaggle:andrewmvd/car-plate-detection <https://www.kaggle.com/datasets/andrewmvd/car-plate-detection>;CC0-1.0 (CC0: Public Domain);day
images/real/kaggle_andrewmvd_car-plate-detection/Cars379.png;########;other;197,197,154,48;197,197,351,197,351,245,197,245;1;0;kaggle:andrewmvd/car-plate-detection <https://www.kaggle.com/datasets/andrewmvd/car-plate-detection>;CC0-1.0 (CC0: Public Domain);day,glare
images/real/kaggle_andrewmvd_car-plate-detection/Cars38.png;########;other;168,196,72,35;168,196,240,196,240,231,168,231;1;0;kaggle:andrewmvd/car-plate-detection <https://www.kaggle.com/datasets/andrewmvd/car-plate-detection>;CC0-1.0 (CC0: Public Domain);day
images/real/kaggle_andrewmvd_car-plate-detection/Cars382.png;########;other;149,206,136,34;149,206,285,206,285,240,149,240;1;0;kaggle:andrewmvd/car-plate-detection <https://www.kaggle.com/datasets/andrewmvd/car-plate-detection>;CC0-1.0 (CC0: Public Domain);day
images/real/kaggle_andrewmvd_car-plate-detection/Cars383.png;########;other;54,216,34,12;54,216,88,216,88,228,54,228;1;0;kaggle:andrewmvd/car-plate-detection <https://www.kaggle.com/datasets/andrewmvd/car-plate-detection>;CC0-1.0 (CC0: Public Domain);day
images/real/kaggle_andrewmvd_car-plate-detection/Cars384.png;########;other;219,194,52,36;219,194,271,194,271,230,219,230;1;0;kaggle:andrewmvd/car-plate-detection <https://www.kaggle.com/datasets/andrewmvd/car-plate-detection>;CC0-1.0 (CC0: Public Domain);day,glare
images/real/kaggle_andrewmvd_car-plate-detection/Cars386.png;########;other;83,307,138,61;83,307,221,307,221,368,83,368;1;0;kaggle:andrewmvd/car-plate-detection <https://www.kaggle.com/datasets/andrewmvd/car-plate-detection>;CC0-1.0 (CC0: Public Domain);day,glare
images/real/kaggle_andrewmvd_car-plate-detection/Cars387.png;########;other;163,187,93,38;163,187,256,187,256,225,163,225;1;0;kaggle:andrewmvd/car-plate-detection <https://www.kaggle.com/datasets/andrewmvd/car-plate-detection>;CC0-1.0 (CC0: Public Domain);day
images/real/kaggle_andrewmvd_car-plate-detection/Cars388.png;########;other;149,130,106,28;149,130,255,130,255,158,149,158;1;0;kaggle:andrewmvd/car-plate-detection <https://www.kaggle.com/datasets/andrewmvd/car-plate-detection>;CC0-1.0 (CC0: Public Domain);day,glare
images/real/kaggle_andrewmvd_car-plate-detection/Cars39.png;########;other;225,180,103,33;225,180,328,180,328,213,225,213;1;0;kaggle:andrewmvd/car-plate-detection <https://www.kaggle.com/datasets/andrewmvd/car-plate-detection>;CC0-1.0 (CC0: Public Domain);day,glare
images/real/kaggle_andrewmvd_car-plate-detection/Cars390.png;########;other;360,118,37,18;360,118,397,118,397,136,360,136;1;0;kaggle:andrewmvd/car-plate-detection <https://www.kaggle.com/datasets/andrewmvd/car-plate-detection>;CC0-1.0 (CC0: Public Domain);day
images/real/kaggle_andrewmvd_car-plate-detection/Cars390.png;########;other;6,144,43,18;6,144,49,144,49,162,6,162;1;0;kaggle:andrewmvd/car-plate-detection <https://www.kaggle.com/datasets/andrewmvd/car-plate-detection>;CC0-1.0 (CC0: Public Domain);day
images/real/kaggle_andrewmvd_car-plate-detection/Cars391.png;########;other;270,163,50,27;270,163,320,163,320,190,270,190;1;0;kaggle:andrewmvd/car-plate-detection <https://www.kaggle.com/datasets/andrewmvd/car-plate-detection>;CC0-1.0 (CC0: Public Domain);day
images/real/kaggle_andrewmvd_car-plate-detection/Cars392.png;########;other;144,150,116,59;144,150,260,150,260,209,144,209;1;0;kaggle:andrewmvd/car-plate-detection <https://www.kaggle.com/datasets/andrewmvd/car-plate-detection>;CC0-1.0 (CC0: Public Domain);night
images/real/kaggle_andrewmvd_car-plate-detection/Cars394.png;########;other;291,167,119,23;291,167,410,167,410,190,291,190;1;0;kaggle:andrewmvd/car-plate-detection <https://www.kaggle.com/datasets/andrewmvd/car-plate-detection>;CC0-1.0 (CC0: Public Domain);day,glare
images/real/kaggle_andrewmvd_car-plate-detection/Cars396.png;########;other;181,264,88,25;181,264,269,264,269,289,181,289;1;0;kaggle:andrewmvd/car-plate-detection <https://www.kaggle.com/datasets/andrewmvd/car-plate-detection>;CC0-1.0 (CC0: Public Domain);day
images/real/kaggle_andrewmvd_car-plate-detection/Cars403.png;########;other;296,189,36,20;296,189,332,189,332,209,296,209;1;0;kaggle:andrewmvd/car-plate-detection <https://www.kaggle.com/datasets/andrewmvd/car-plate-detection>;CC0-1.0 (CC0: Public Domain);day
images/real/kaggle_andrewmvd_car-plate-detection/Cars403.png;########;other;23,173,31,19;23,173,54,173,54,192,23,192;1;0;kaggle:andrewmvd/car-plate-detection <https://www.kaggle.com/datasets/andrewmvd/car-plate-detection>;CC0-1.0 (CC0: Public Domain);day
images/real/kaggle_andrewmvd_car-plate-detection/Cars404.png;########;other;162,208,73,36;162,208,235,208,235,244,162,244;1;0;kaggle:andrewmvd/car-plate-detection <https://www.kaggle.com/datasets/andrewmvd/car-plate-detection>;CC0-1.0 (CC0: Public Domain);day,glare
images/real/kaggle_andrewmvd_car-plate-detection/Cars405.png;########;other;241,207,58,25;241,207,299,207,299,232,241,232;1;0;kaggle:andrewmvd/car-plate-detection <https://www.kaggle.com/datasets/andrewmvd/car-plate-detection>;CC0-1.0 (CC0: Public Domain);day
images/real/kaggle_andrewmvd_car-plate-detection/Cars407.png;########;other;311,183,35,19;311,183,346,183,346,202,311,202;1;0;kaggle:andrewmvd/car-plate-detection <https://www.kaggle.com/datasets/andrewmvd/car-plate-detection>;CC0-1.0 (CC0: Public Domain);day
images/real/kaggle_andrewmvd_car-plate-detection/Cars408.png;########;other;160,217,27,11;160,217,187,217,187,228,160,228;1;0;kaggle:andrewmvd/car-plate-detection <https://www.kaggle.com/datasets/andrewmvd/car-plate-detection>;CC0-1.0 (CC0: Public Domain);day
images/real/kaggle_andrewmvd_car-plate-detection/Cars409.png;########;other;116,146,87,22;116,146,203,146,203,168,116,168;1;0;kaggle:andrewmvd/car-plate-detection <https://www.kaggle.com/datasets/andrewmvd/car-plate-detection>;CC0-1.0 (CC0: Public Domain);day
images/real/kaggle_andrewmvd_car-plate-detection/Cars41.png;########;other;109,182,50,24;109,182,159,182,159,206,109,206;1;0;kaggle:andrewmvd/car-plate-detection <https://www.kaggle.com/datasets/andrewmvd/car-plate-detection>;CC0-1.0 (CC0: Public Domain);day,glare
images/real/kaggle_andrewmvd_car-plate-detection/Cars410.png;########;other;51,150,168,62;51,150,219,150,219,212,51,212;1;0;kaggle:andrewmvd/car-plate-detection <https://www.kaggle.com/datasets/andrewmvd/car-plate-detection>;CC0-1.0 (CC0: Public Domain);day,glare
images/real/kaggle_andrewmvd_car-plate-detection/Cars411.png;########;other;160,153,89,44;160,153,249,153,249,197,160,197;1;0;kaggle:andrewmvd/car-plate-detection <https://www.kaggle.com/datasets/andrewmvd/car-plate-detection>;CC0-1.0 (CC0: Public Domain);day
images/real/kaggle_andrewmvd_car-plate-detection/Cars414.png;########;other;269,206,40,22;269,206,309,206,309,228,269,228;1;0;kaggle:andrewmvd/car-plate-detection <https://www.kaggle.com/datasets/andrewmvd/car-plate-detection>;CC0-1.0 (CC0: Public Domain);day,glare
images/real/kaggle_andrewmvd_car-plate-detection/Cars415.png;########;other;133,157,128,35;133,157,261,157,261,192,133,192;1;0;kaggle:andrewmvd/car-plate-detection <https://www.kaggle.com/datasets/andrewmvd/car-plate-detection>;CC0-1.0 (CC0: Public Domain);day
images/real/kaggle_andrewmvd_car-plate-detection/Cars416.png;########;other;150,207,84,14;150,207,234,207,234,221,150,221;1;0;kaggle:andrewmvd/car-plate-detection <https://www.kaggle.com/datasets/andrewmvd/car-plate-detection>;CC0-1.0 (CC0: Public Domain);day
images/real/kaggle_andrewmvd_car-plate-detection/Cars417.png;########;other;90,145,183,51;90,145,273,145,273,196,90,196;1;0;kaggle:andrewmvd/car-plate-detection <https://www.kaggle.com/datasets/andrewmvd/car-plate-detection>;CC0-1.0 (CC0: Public Domain);day,glare
images/real/kaggle_andrewmvd_car-plate-detection/Cars421.png;########;other;95,162,32,21;95,162,127,162,127,183,95,183;1;0;kaggle:andrewmvd/car-plate-detection <https://www.kaggle.com/datasets/andrewmvd/car-plate-detection>;CC0-1.0 (CC0: Public Domain);day,glare
images/real/kaggle_andrewmvd_car-plate-detection/Cars422.png;########;other;159,126,137,56;159,126,296,126,296,182,159,182;1;0;kaggle:andrewmvd/car-plate-detection <https://www.kaggle.com/datasets/andrewmvd/car-plate-detection>;CC0-1.0 (CC0: Public Domain);day
images/real/kaggle_andrewmvd_car-plate-detection/Cars423.png;########;other;162,159,121,24;162,159,283,159,283,183,162,183;1;0;kaggle:andrewmvd/car-plate-detection <https://www.kaggle.com/datasets/andrewmvd/car-plate-detection>;CC0-1.0 (CC0: Public Domain);day
images/real/kaggle_andrewmvd_car-plate-detection/Cars427.png;########;other;236,193,139,35;236,193,375,193,375,228,236,228;1;0;kaggle:andrewmvd/car-plate-detection <https://www.kaggle.com/datasets/andrewmvd/car-plate-detection>;CC0-1.0 (CC0: Public Domain);day
images/real/kaggle_andrewmvd_car-plate-detection/Cars429.png;########;other;86,166,122,29;86,166,208,166,208,195,86,195;1;0;kaggle:andrewmvd/car-plate-detection <https://www.kaggle.com/datasets/andrewmvd/car-plate-detection>;CC0-1.0 (CC0: Public Domain);day,glare
images/real/kaggle_andrewmvd_car-plate-detection/Cars44.png;########;other;18,153,412,118;18,153,430,153,430,271,18,271;1;0;kaggle:andrewmvd/car-plate-detection <https://www.kaggle.com/datasets/andrewmvd/car-plate-detection>;CC0-1.0 (CC0: Public Domain);day,glare
images/real/kaggle_andrewmvd_car-plate-detection/Cars45.png;########;other;204,103,76,72;204,103,280,103,280,175,204,175;1;0;kaggle:andrewmvd/car-plate-detection <https://www.kaggle.com/datasets/andrewmvd/car-plate-detection>;CC0-1.0 (CC0: Public Domain);day,glare
images/real/kaggle_andrewmvd_car-plate-detection/Cars49.png;########;other;268,171,46,19;268,171,314,171,314,190,268,190;1;0;kaggle:andrewmvd/car-plate-detection <https://www.kaggle.com/datasets/andrewmvd/car-plate-detection>;CC0-1.0 (CC0: Public Domain);day
images/real/kaggle_andrewmvd_car-plate-detection/Cars5.png;########;other;226,218,16,22;226,218,242,218,242,240,226,240;1;0;kaggle:andrewmvd/car-plate-detection <https://www.kaggle.com/datasets/andrewmvd/car-plate-detection>;CC0-1.0 (CC0: Public Domain);day,glare
images/real/kaggle_andrewmvd_car-plate-detection/Cars53.png;########;other;146,187,114,26;146,187,260,187,260,213,146,213;1;0;kaggle:andrewmvd/car-plate-detection <https://www.kaggle.com/datasets/andrewmvd/car-plate-detection>;CC0-1.0 (CC0: Public Domain);day,glare
images/real/kaggle_andrewmvd_car-plate-detection/Cars54.png;########;other;148,61,109,57;148,61,257,61,257,118,148,118;1;0;kaggle:andrewmvd/car-plate-detection <https://www.kaggle.com/datasets/andrewmvd/car-plate-detection>;CC0-1.0 (CC0: Public Domain);day,glare
images/real/kaggle_andrewmvd_car-plate-detection/Cars59.png;########;other;324,162,51,13;324,162,375,162,375,175,324,175;1;0;kaggle:andrewmvd/car-plate-detection <https://www.kaggle.com/datasets/andrewmvd/car-plate-detection>;CC0-1.0 (CC0: Public Domain);day
images/real/kaggle_andrewmvd_car-plate-detection/Cars6.png;########;other;112,114,261,125;112,114,373,114,373,239,112,239;1;0;kaggle:andrewmvd/car-plate-detection <https://www.kaggle.com/datasets/andrewmvd/car-plate-detection>;CC0-1.0 (CC0: Public Domain);day
images/real/kaggle_andrewmvd_car-plate-detection/Cars60.png;########;other;45,98,319,61;45,98,364,98,364,159,45,159;1;0;kaggle:andrewmvd/car-plate-detection <https://www.kaggle.com/datasets/andrewmvd/car-plate-detection>;CC0-1.0 (CC0: Public Domain);day
images/real/kaggle_andrewmvd_car-plate-detection/Cars62.png;########;other;156,110,87,49;156,110,243,110,243,159,156,159;1;0;kaggle:andrewmvd/car-plate-detection <https://www.kaggle.com/datasets/andrewmvd/car-plate-detection>;CC0-1.0 (CC0: Public Domain);day,glare
images/real/kaggle_andrewmvd_car-plate-detection/Cars63.png;########;other;54,201,37,25;54,201,91,201,91,226,54,226;1;0;kaggle:andrewmvd/car-plate-detection <https://www.kaggle.com/datasets/andrewmvd/car-plate-detection>;CC0-1.0 (CC0: Public Domain);day
images/real/kaggle_andrewmvd_car-plate-detection/Cars64.png;########;other;120,187,205,33;120,187,325,187,325,220,120,220;1;0;kaggle:andrewmvd/car-plate-detection <https://www.kaggle.com/datasets/andrewmvd/car-plate-detection>;CC0-1.0 (CC0: Public Domain);day
images/real/kaggle_andrewmvd_car-plate-detection/Cars65.png;########;other;207,200,93,60;207,200,300,200,300,260,207,260;1;0;kaggle:andrewmvd/car-plate-detection <https://www.kaggle.com/datasets/andrewmvd/car-plate-detection>;CC0-1.0 (CC0: Public Domain);day,glare
images/real/kaggle_andrewmvd_car-plate-detection/Cars67.png;########;other;189,223,139,25;189,223,328,223,328,248,189,248;1;0;kaggle:andrewmvd/car-plate-detection <https://www.kaggle.com/datasets/andrewmvd/car-plate-detection>;CC0-1.0 (CC0: Public Domain);day
images/real/kaggle_andrewmvd_car-plate-detection/Cars69.png;########;other;77,150,47,25;77,150,124,150,124,175,77,175;1;0;kaggle:andrewmvd/car-plate-detection <https://www.kaggle.com/datasets/andrewmvd/car-plate-detection>;CC0-1.0 (CC0: Public Domain);day
images/real/kaggle_andrewmvd_car-plate-detection/Cars7.png;########;other;166,141,40,13;166,141,206,141,206,154,166,154;1;0;kaggle:andrewmvd/car-plate-detection <https://www.kaggle.com/datasets/andrewmvd/car-plate-detection>;CC0-1.0 (CC0: Public Domain);day
images/real/kaggle_andrewmvd_car-plate-detection/Cars75.png;########;other;209,196,9,5;209,196,218,196,218,201,209,201;1;0;kaggle:andrewmvd/car-plate-detection <https://www.kaggle.com/datasets/andrewmvd/car-plate-detection>;CC0-1.0 (CC0: Public Domain);day
images/real/kaggle_andrewmvd_car-plate-detection/Cars76.png;########;other;6,114,464,119;6,114,470,114,470,233,6,233;1;0;kaggle:andrewmvd/car-plate-detection <https://www.kaggle.com/datasets/andrewmvd/car-plate-detection>;CC0-1.0 (CC0: Public Domain);day,glare
images/real/kaggle_andrewmvd_car-plate-detection/Cars77.png;########;other;229,151,80,27;229,151,309,151,309,178,229,178;1;0;kaggle:andrewmvd/car-plate-detection <https://www.kaggle.com/datasets/andrewmvd/car-plate-detection>;CC0-1.0 (CC0: Public Domain);day
images/real/kaggle_andrewmvd_car-plate-detection/Cars81.png;########;other;297,100,30,25;297,100,327,100,327,125,297,125;1;0;kaggle:andrewmvd/car-plate-detection <https://www.kaggle.com/datasets/andrewmvd/car-plate-detection>;CC0-1.0 (CC0: Public Domain);day
images/real/kaggle_andrewmvd_car-plate-detection/Cars83.png;########;other;251,295,75,46;251,295,326,295,326,341,251,341;1;0;kaggle:andrewmvd/car-plate-detection <https://www.kaggle.com/datasets/andrewmvd/car-plate-detection>;CC0-1.0 (CC0: Public Domain);day,glare
images/real/kaggle_andrewmvd_car-plate-detection/Cars85.png;########;other;86,218,60,17;86,218,146,218,146,235,86,235;1;0;kaggle:andrewmvd/car-plate-detection <https://www.kaggle.com/datasets/andrewmvd/car-plate-detection>;CC0-1.0 (CC0: Public Domain);day,glare
images/real/kaggle_andrewmvd_car-plate-detection/Cars85.png;########;other;313,129,45,12;313,129,358,129,358,141,313,141;1;0;kaggle:andrewmvd/car-plate-detection <https://www.kaggle.com/datasets/andrewmvd/car-plate-detection>;CC0-1.0 (CC0: Public Domain);day,glare
images/real/kaggle_andrewmvd_car-plate-detection/Cars86.png;########;other;332,176,115,28;332,176,447,176,447,204,332,204;1;0;kaggle:andrewmvd/car-plate-detection <https://www.kaggle.com/datasets/andrewmvd/car-plate-detection>;CC0-1.0 (CC0: Public Domain);day
images/real/kaggle_andrewmvd_car-plate-detection/Cars87.png;########;other;3,205,42,15;3,205,45,205,45,220,3,220;1;0;kaggle:andrewmvd/car-plate-detection <https://www.kaggle.com/datasets/andrewmvd/car-plate-detection>;CC0-1.0 (CC0: Public Domain);day,glare
images/real/kaggle_andrewmvd_car-plate-detection/Cars87.png;########;other;345,168,20,9;345,168,365,168,365,177,345,177;1;0;kaggle:andrewmvd/car-plate-detection <https://www.kaggle.com/datasets/andrewmvd/car-plate-detection>;CC0-1.0 (CC0: Public Domain);day,glare
images/real/kaggle_andrewmvd_car-plate-detection/Cars88.png;########;other;168,148,74,23;168,148,242,148,242,171,168,171;1;0;kaggle:andrewmvd/car-plate-detection <https://www.kaggle.com/datasets/andrewmvd/car-plate-detection>;CC0-1.0 (CC0: Public Domain);day,glare
images/real/kaggle_andrewmvd_car-plate-detection/Cars89.png;########;other;307,206,38,15;307,206,345,206,345,221,307,221;1;0;kaggle:andrewmvd/car-plate-detection <https://www.kaggle.com/datasets/andrewmvd/car-plate-detection>;CC0-1.0 (CC0: Public Domain);day,glare
images/real/kaggle_andrewmvd_car-plate-detection/Cars89.png;########;other;227,222,26,8;227,222,253,222,253,230,227,230;1;0;kaggle:andrewmvd/car-plate-detection <https://www.kaggle.com/datasets/andrewmvd/car-plate-detection>;CC0-1.0 (CC0: Public Domain);day,glare
images/real/kaggle_andrewmvd_car-plate-detection/Cars90.png;########;other;77,204,24,21;77,204,101,204,101,225,77,225;1;0;kaggle:andrewmvd/car-plate-detection <https://www.kaggle.com/datasets/andrewmvd/car-plate-detection>;CC0-1.0 (CC0: Public Domain);day,glare
images/real/kaggle_andrewmvd_car-plate-detection/Cars93.png;########;other;347,122,20,10;347,122,367,122,367,132,347,132;1;0;kaggle:andrewmvd/car-plate-detection <https://www.kaggle.com/datasets/andrewmvd/car-plate-detection>;CC0-1.0 (CC0: Public Domain);day
images/real/kaggle_andrewmvd_car-plate-detection/Cars98.png;########;other;85,196,162,63;85,196,247,196,247,259,85,259;1;0;kaggle:andrewmvd/car-plate-detection <https://www.kaggle.com/datasets/andrewmvd/car-plate-detection>;CC0-1.0 (CC0: Public Domain);day,glare
images/real/kaggle_andrewmvd_car-plate-detection/Cars164_1.png;########;other;160,144,79,39;160,144,239,144,239,183,160,183;1;0;kaggle:andrewmvd/car-plate-detection <https://www.kaggle.com/datasets/andrewmvd/car-plate-detection>;CC0-1.0 (CC0: Public Domain);day
images/real/kaggle_andrewmvd_car-plate-detection/Cars244_1.png;########;other;20,87,340,68;20,87,360,87,360,155,20,155;1;0;kaggle:andrewmvd/car-plate-detection <https://www.kaggle.com/datasets/andrewmvd/car-plate-detection>;CC0-1.0 (CC0: Public Domain);day
images/real/kaggle_andrewmvd_car-plate-detection/Cars261_1.png;########;other;1,74,463,80;1,74,464,74,464,154,1,154;1;0;kaggle:andrewmvd/car-plate-detection <https://www.kaggle.com/datasets/andrewmvd/car-plate-detection>;CC0-1.0 (CC0: Public Domain);day
images/real/kaggle_andrewmvd_car-plate-detection/Cars312_1.png;########;other;111,66,407,180;111,66,518,66,518,246,111,246;1;0;kaggle:andrewmvd/car-plate-detection <https://www.kaggle.com/datasets/andrewmvd/car-plate-detection>;CC0-1.0 (CC0: Public Domain);day,glare
images/real/roboflow_universe_tatmantech_russian-license-plates-ec7zg_v2/H476XY98-X174YM78_png.rf.e1b331e37c88e81a032021378635e1c4_1.jpg;########;type1;6,12,626,293;6,12,632,12,632,306,6,306;1;0;roboflow_universe:tatmantech/russian-license-plates-ec7zg@v2 <https://universe.roboflow.com/tatmantech/russian-license-plates-ec7zg>;CC-BY-4.0 (CC BY 4.0);day
images/real/roboflow_universe_tatmantech_russian-license-plates-ec7zg_v2/H476XY98-X174YM78_png.rf.e1b331e37c88e81a032021378635e1c4_1.jpg;########;type1;6,324,624,298;6,324,630,324,630,623,6,623;1;0;roboflow_universe:tatmantech/russian-license-plates-ec7zg@v2 <https://universe.roboflow.com/tatmantech/russian-license-plates-ec7zg>;CC-BY-4.0 (CC BY 4.0);day
images/real/roboflow_universe_tatmantech_russian-license-plates-ec7zg_v2/006D16077_png.rf.92a8595aa786d64fecb1fbe6fa1f574f_1.jpg;########;type1;80,185,464,243;80,185,544,185,544,428,80,428;1;0;roboflow_universe:tatmantech/russian-license-plates-ec7zg@v2 <https://universe.roboflow.com/tatmantech/russian-license-plates-ec7zg>;CC-BY-4.0 (CC BY 4.0);day,glare
images/real/roboflow_universe_tatmantech_russian-license-plates-ec7zg_v2/014D01978_png.rf.e1488da9fa07fe8f02f9d171f06f9b5b_1.jpg;########;type1;84,210,393,172;84,210,477,210,477,382,84,382;1;0;roboflow_universe:tatmantech/russian-license-plates-ec7zg@v2 <https://universe.roboflow.com/tatmantech/russian-license-plates-ec7zg>;CC-BY-4.0 (CC BY 4.0);day
images/real/roboflow_universe_tatmantech_russian-license-plates-ec7zg_v2/014k01177_png.rf.b4aee9788dcec00ef44d10ab69248897_1.jpg;########;type1;73,201,509,285;73,201,582,201,582,486,73,486;1;0;roboflow_universe:tatmantech/russian-license-plates-ec7zg@v2 <https://universe.roboflow.com/tatmantech/russian-license-plates-ec7zg>;CC-BY-4.0 (CC BY 4.0);day
images/real/roboflow_universe_tatmantech_russian-license-plates-ec7zg_v2/083t00378_jpg.rf.12ecedc30147761a7aef89d2ad387dd1_1.jpg;########;type1;104,263,404,137;104,263,508,263,508,400,104,400;1;0;roboflow_universe:tatmantech/russian-license-plates-ec7zg@v2 <https://universe.roboflow.com/tatmantech/russian-license-plates-ec7zg>;CC-BY-4.0 (CC BY 4.0);night
images/real/roboflow_universe_tatmantech_russian-license-plates-ec7zg_v2/1213ba_png.rf.ff651788df90652fa3c2ffe97a76bc4d_1.jpg;########;type1;150,235,251,297;150,235,401,235,401,532,150,532;1;0;roboflow_universe:tatmantech/russian-license-plates-ec7zg@v2 <https://universe.roboflow.com/tatmantech/russian-license-plates-ec7zg>;CC-BY-4.0 (CC BY 4.0);day,glare
images/real/roboflow_universe_tatmantech_russian-license-plates-ec7zg_v2/A737HA05_png.rf.200a80dba224f08d29ef5edaa3bcae32_1.jpg;A737HA05;type1;112,294,416,146;112,294,528,294,528,441,112,441;1;0;roboflow_universe:tatmantech/russian-license-plates-ec7zg@v2 <https://universe.roboflow.com/tatmantech/russian-license-plates-ec7zg>;CC-BY-4.0 (CC BY 4.0);day
images/real/roboflow_universe_tatmantech_russian-license-plates-ec7zg_v2/P040XM99_png.rf.594fe99ad44956cb46167a315d812d9e_1.jpg;P040XM99;type1;0,0,640,640;0,0,640,0,640,640,0,640;1;0;roboflow_universe:tatmantech/russian-license-plates-ec7zg@v2 <https://universe.roboflow.com/tatmantech/russian-license-plates-ec7zg>;CC-BY-4.0 (CC BY 4.0);day,glare
images/real/roboflow_universe_tatmantech_russian-license-plates-ec7zg_v2/T111TT97_png.rf.d862980679d00d17f732552e582e8471_1.jpg;T111TT97;type1;0,31,630,609;0,31,630,31,630,640,0,640;1;0;roboflow_universe:tatmantech/russian-license-plates-ec7zg@v2 <https://universe.roboflow.com/tatmantech/russian-license-plates-ec7zg>;CC-BY-4.0 (CC BY 4.0);day
images/real/roboflow_universe_tatmantech_russian-license-plates-ec7zg_v2/XXXXXXXXX_png.rf.c18911f77a93e860acec279b141c286b_1.jpg;########;type1;17,98,614,419;17,98,630,98,630,516,17,516;1;0;roboflow_universe:tatmantech/russian-license-plates-ec7zg@v2 <https://universe.roboflow.com/tatmantech/russian-license-plates-ec7zg>;CC-BY-4.0 (CC BY 4.0);day,glare
images/real/roboflow_universe_tatmantech_russian-license-plates-ec7zg_v2/a123aa99-a919aa199-a123aa23-a010aa77_png.rf.63336e6b963a2d51e34caebb127d494b_1.jpg;########;type1;77,10,488,139;77,10,566,10,566,149,77,149;1;0;roboflow_universe:tatmantech/russian-license-plates-ec7zg@v2 <https://universe.roboflow.com/tatmantech/russian-license-plates-ec7zg>;CC-BY-4.0 (CC BY 4.0);day,glare
images/real/roboflow_universe_tatmantech_russian-license-plates-ec7zg_v2/a123aa99-a919aa199-a123aa23-a010aa77_png.rf.63336e6b963a2d51e34caebb127d494b_1.jpg;########;type1;72,164,493,142;72,164,565,164,565,305,72,305;1;0;roboflow_universe:tatmantech/russian-license-plates-ec7zg@v2 <https://universe.roboflow.com/tatmantech/russian-license-plates-ec7zg>;CC-BY-4.0 (CC BY 4.0);day,glare
images/real/roboflow_universe_tatmantech_russian-license-plates-ec7zg_v2/a123aa99-a919aa199-a123aa23-a010aa77_png.rf.63336e6b963a2d51e34caebb127d494b_1.jpg;########;type1;73,321,496,138;73,321,569,321,569,460,73,460;1;0;roboflow_universe:tatmantech/russian-license-plates-ec7zg@v2 <https://universe.roboflow.com/tatmantech/russian-license-plates-ec7zg>;CC-BY-4.0 (CC BY 4.0);day,glare
images/real/roboflow_universe_tatmantech_russian-license-plates-ec7zg_v2/a123aa99-a919aa199-a123aa23-a010aa77_png.rf.63336e6b963a2d51e34caebb127d494b_1.jpg;########;type1;74,476,492,134;74,476,566,476,566,611,74,611;1;0;roboflow_universe:tatmantech/russian-license-plates-ec7zg@v2 <https://universe.roboflow.com/tatmantech/russian-license-plates-ec7zg>;CC-BY-4.0 (CC BY 4.0);day,glare
images/real/roboflow_universe_tatmantech_russian-license-plates-ec7zg_v2/a2602hH_png.rf.ae0e232f243b64f21c8d1470e210fcef_1.jpg;########;type1;40,192,567,232;40,192,606,192,606,423,40,423;1;0;roboflow_universe:tatmantech/russian-license-plates-ec7zg@v2 <https://universe.roboflow.com/tatmantech/russian-license-plates-ec7zg>;CC-BY-4.0 (CC BY 4.0);day
images/real/roboflow_universe_tatmantech_russian-license-plates-ec7zg_v2/a999op761_png.rf.da58092e0e154a4b09556703f8cbe068_1.jpg;A999OP761;type1;228,415,174,72;228,415,402,415,402,487,228,487;1;0;roboflow_universe:tatmantech/russian-license-plates-ec7zg@v2 <https://universe.roboflow.com/tatmantech/russian-license-plates-ec7zg>;CC-BY-4.0 (CC BY 4.0);day
images/real/roboflow_universe_tatmantech_russian-license-plates-ec7zg_v2/aa362h77_jpg.rf.eb9e0343640aa7c24fa398c7cc28f103_1.jpg;########;type1b;116,256,392,128;116,256,508,256,508,384,116,384;1;0;roboflow_universe:tatmantech/russian-license-plates-ec7zg@v2 <https://universe.roboflow.com/tatmantech/russian-license-plates-ec7zg>;CC-BY-4.0 (CC BY 4.0);day,glare
images/real/roboflow_universe_tatmantech_russian-license-plates-ec7zg_v2/h924em178_png.rf.4acb8736bf9ac147c6aa96d1741621a5_1.jpg;H924EM178;type1;30,216,498,201;30,216,528,216,528,417,30,417;1;0;roboflow_universe:tatmantech/russian-license-plates-ec7zg@v2 <https://universe.roboflow.com/tatmantech/russian-license-plates-ec7zg>;CC-BY-4.0 (CC BY 4.0);night
images/real/roboflow_universe_tatmantech_russian-license-plates-ec7zg_v2/p9800mt_jpg.rf.351292386d381e92461195fb4042d60d_1.jpg;########;type1;102,266,422,156;102,266,525,266,525,423,102,423;1;0;roboflow_universe:tatmantech/russian-license-plates-ec7zg@v2 <https://universe.roboflow.com/tatmantech/russian-license-plates-ec7zg>;CC-BY-4.0 (CC BY 4.0);day
images/real/roboflow_universe_tatmantech_russian-license-plates-ec7zg_v2/p9800mt_jpg.rf.ad677cf823bc0b2b8cdb7677403b44bc_1.jpg;########;type1;102,240,461,304;102,240,564,240,564,544,102,544;1;0;roboflow_universe:tatmantech/russian-license-plates-ec7zg@v2 <https://universe.roboflow.com/tatmantech/russian-license-plates-ec7zg>;CC-BY-4.0 (CC BY 4.0);night
images/real/roboflow_universe_tatmantech_russian-license-plates-ec7zg_v2/x091kc37_png.rf.d732d459c7a503c320b7165bd03edda0.jpg;X091KC37;type1;431,354,127,93;431,354,558,354,558,446,431,446;1;0;roboflow_universe:tatmantech/russian-license-plates-ec7zg@v2 <https://universe.roboflow.com/tatmantech/russian-license-plates-ec7zg>;CC-BY-4.0 (CC BY 4.0);night
images/real/roboflow_universe_tatmantech_russian-license-plates-ec7zg_v2/x892bb51_jpg.rf.55c7f7f91931d44f36907b3982a036e3.jpg;X892BB51;type1;190,341,237,90;190,341,427,341,427,430,190,430;1;0;roboflow_universe:tatmantech/russian-license-plates-ec7zg@v2 <https://universe.roboflow.com/tatmantech/russian-license-plates-ec7zg>;CC-BY-4.0 (CC BY 4.0);day
images/real/roboflow_universe_tatmantech_russian-license-plates-ec7zg_v2/x892bb51_jpg.rf.641b5ac3626a2d59bcde7d159e9681bb.jpg;X892BB51;type1;200,362,232,66;200,362,432,362,432,428,200,428;1;0;roboflow_universe:tatmantech/russian-license-plates-ec7zg@v2 <https://universe.roboflow.com/tatmantech/russian-license-plates-ec7zg>;CC-BY-4.0 (CC BY 4.0);day,glare
images/real/roboflow_universe_tatmantech_russian-license-plates-ec7zg_v2/x892bb51_jpg.rf.cafbfe5f2fa510bd377f0d7c9486df89.jpg;X892BB51;type1;226,253,260,167;226,253,485,253,485,419,226,419;1;0;roboflow_universe:tatmantech/russian-license-plates-ec7zg@v2 <https://universe.roboflow.com/tatmantech/russian-license-plates-ec7zg>;CC-BY-4.0 (CC BY 4.0);day,glare
images/real/roboflow_universe_tatmantech_russian-license-plates-ec7zg_v2/x892bb51_png.rf.7c05a50390fdfe84ff7ea27d64614c6a.jpg;X892BB51;type1;201,369,240,99;201,369,441,369,441,468,201,468;1;0;roboflow_universe:tatmantech/russian-license-plates-ec7zg@v2 <https://universe.roboflow.com/tatmantech/russian-license-plates-ec7zg>;CC-BY-4.0 (CC BY 4.0);day
images/real/roboflow_universe_tatmantech_russian-license-plates-ec7zg_v2/x892bb51_png.rf.91924ca19785056de4a111c0322c60e9.jpg;X892BB51;type1;145,342,262,136;145,342,407,342,407,478,145,478;1;0;roboflow_universe:tatmantech/russian-license-plates-ec7zg@v2 <https://universe.roboflow.com/tatmantech/russian-license-plates-ec7zg>;CC-BY-4.0 (CC BY 4.0);day,glare
images/real/roboflow_universe_tatmantech_russian-license-plates-ec7zg_v2/x898kt47_jpg.rf.357fa114bd0b68490f2aeab5ecdcffd9.jpg;X898KT47;type1;412,393,160,112;412,393,573,393,573,505,412,505;1;0;roboflow_universe:tatmantech/russian-license-plates-ec7zg@v2 <https://universe.roboflow.com/tatmantech/russian-license-plates-ec7zg>;CC-BY-4.0 (CC BY 4.0);night
images/real/roboflow_universe_tatmantech_russian-license-plates-ec7zg_v2/x898kt47_jpg.rf.7eeb08b734aa2e8f30c4bd42e7cb375e.jpg;X898KT47;type1;430,459,194,150;430,459,624,459,624,609,430,609;1;0;roboflow_universe:tatmantech/russian-license-plates-ec7zg@v2 <https://universe.roboflow.com/tatmantech/russian-license-plates-ec7zg>;CC-BY-4.0 (CC BY 4.0);night
images/real/roboflow_universe_tatmantech_russian-license-plates-ec7zg_v2/x898kt47_jpg.rf.fda158837a918b2f531594aa55ca17ef.jpg;X898KT47;type1;405,405,152,100;405,405,557,405,557,505,405,505;1;0;roboflow_universe:tatmantech/russian-license-plates-ec7zg@v2 <https://universe.roboflow.com/tatmantech/russian-license-plates-ec7zg>;CC-BY-4.0 (CC BY 4.0);day
images/real/roboflow_universe_tatmantech_russian-license-plates-ec7zg_v2/x898kt47_png.rf.6c5046986379d5736190a9cae6c87b4f.jpg;X898KT47;type1;329,285,176,139;329,285,505,285,505,424,329,424;1;0;roboflow_universe:tatmantech/russian-license-plates-ec7zg@v2 <https://universe.roboflow.com/tatmantech/russian-license-plates-ec7zg>;CC-BY-4.0 (CC BY 4.0);night,glare
images/real/roboflow_universe_tatmantech_russian-license-plates-ec7zg_v2/x898kt47_png.rf.cab1b32e68a0e1bb170bc3f257bc8b2e.jpg;X898KT47;type1;368,482,168,156;368,482,536,482,536,638,368,638;1;0;roboflow_universe:tatmantech/russian-license-plates-ec7zg@v2 <https://universe.roboflow.com/tatmantech/russian-license-plates-ec7zg>;CC-BY-4.0 (CC BY 4.0);day,glare
images/real/roboflow_universe_tatmantech_russian-license-plates-ec7zg_v2/y219xc777_png.rf.1b8a18132baa10d973a6db2d90cf1f1a.jpg;Y219XC777;type1;331,423,111,50;331,423,442,423,442,473,331,473;1;0;roboflow_universe:tatmantech/russian-license-plates-ec7zg@v2 <https://universe.roboflow.com/tatmantech/russian-license-plates-ec7zg>;CC-BY-4.0 (CC BY 4.0);day
images/real/roboflow_universe_tatmantech_russian-license-plates-ec7zg_v2/y219xc777_png.rf.3e1bcf59797d93f297ee09709504dd6f.jpg;Y219XC777;type1;259,428,101,47;259,428,360,428,360,475,259,475;1;0;roboflow_universe:tatmantech/russian-license-plates-ec7zg@v2 <https://universe.roboflow.com/tatmantech/russian-license-plates-ec7zg>;CC-BY-4.0 (CC BY 4.0);day
images/real/roboflow_universe_tatmantech_russian-license-plates-ec7zg_v2/y219xc777_png.rf.68fb8bf97dc7877e459c49ca02eb2762.jpg;Y219XC777;type1;267,365,114,81;267,365,380,365,380,446,267,446;1;0;roboflow_universe:tatmantech/russian-license-plates-ec7zg@v2 <https://universe.roboflow.com/tatmantech/russian-license-plates-ec7zg>;CC-BY-4.0 (CC BY 4.0);day
images/real/roboflow_universe_tatmantech_russian-license-plates-ec7zg_v2/y606xe799_jpg.rf.62d550cae31755330340bf031a5c8220.jpg;Y606XE799;type1;97,253,126,96;97,253,223,253,223,349,97,349;1;0;roboflow_universe:tatmantech/russian-license-plates-ec7zg@v2 <https://universe.roboflow.com/tatmantech/russian-license-plates-ec7zg>;CC-BY-4.0 (CC BY 4.0);night
images/real/roboflow_universe_tatmantech_russian-license-plates-ec7zg_v2/y606xe799_jpg.rf.bb875106463f4528b115210deeeda8b2.jpg;Y606XE799;type1;90,277,122,76;90,277,211,277,211,352,90,352;1;0;roboflow_universe:tatmantech/russian-license-plates-ec7zg@v2 <https://universe.roboflow.com/tatmantech/russian-license-plates-ec7zg>;CC-BY-4.0 (CC BY 4.0);day,glare
images/real/roboflow_universe_tatmantech_russian-license-plates-ec7zg_v2/y606xe799_jpg.rf.cc02d13cb1024d6fc31a91bbecc665d0.jpg;Y606XE799;type1;84,265,127,90;84,265,211,265,211,354,84,354;1;0;roboflow_universe:tatmantech/russian-license-plates-ec7zg@v2 <https://universe.roboflow.com/tatmantech/russian-license-plates-ec7zg>;CC-BY-4.0 (CC BY 4.0);day,glare
images/real/roboflow_universe_tatmantech_russian-license-plates-ec7zg_v2/y606xe799_png.rf.2fa3ac5d2d261cdc00b4f8d191bf33cb.jpg;Y606XE799;type1;53,294,144,109;53,294,197,294,197,403,53,403;1;0;roboflow_universe:tatmantech/russian-license-plates-ec7zg@v2 <https://universe.roboflow.com/tatmantech/russian-license-plates-ec7zg>;CC-BY-4.0 (CC BY 4.0);day
images/real/roboflow_universe_tatmantech_russian-license-plates-ec7zg_v2/y606xe799_png.rf.bd468bbae29d57185704d34586310b00.jpg;Y606XE799;type1;111,245,138,92;111,245,249,245,249,337,111,337;1;0;roboflow_universe:tatmantech/russian-license-plates-ec7zg@v2 <https://universe.roboflow.com/tatmantech/russian-license-plates-ec7zg>;CC-BY-4.0 (CC BY 4.0);day
images/real/roboflow_universe_tatmantech_russian-license-plates-ec7zg_v2/y743et71_jpg.rf.54c7907c207cb19c3ad5cf5ce69d8f37.jpg;Y743ET71;type1;453,334,185,149;453,334,637,334,637,483,453,483;1;0;roboflow_universe:tatmantech/russian-license-plates-ec7zg@v2 <https://universe.roboflow.com/tatmantech/russian-license-plates-ec7zg>;CC-BY-4.0 (CC BY 4.0);day
images/real/roboflow_universe_tatmantech_russian-license-plates-ec7zg_v2/y743et71_jpg.rf.9723fd2b9e4886928397cd0c34b1d84c.jpg;Y743ET71;type1;388,443,157,106;388,443,545,443,545,549,388,549;1;0;roboflow_universe:tatmantech/russian-license-plates-ec7zg@v2 <https://universe.roboflow.com/tatmantech/russian-license-plates-ec7zg>;CC-BY-4.0 (CC BY 4.0);day
images/real/roboflow_universe_tatmantech_russian-license-plates-ec7zg_v2/y743et71_jpg.rf.d4fb5200857c050ccc238b35ed2b5512.jpg;Y743ET71;type1;330,453,192,152;330,453,523,453,523,605,330,605;1;0;roboflow_universe:tatmantech/russian-license-plates-ec7zg@v2 <https://universe.roboflow.com/tatmantech/russian-license-plates-ec7zg>;CC-BY-4.0 (CC BY 4.0);day
images/real/roboflow_universe_tatmantech_russian-license-plates-ec7zg_v2/y996ka799_jpg.rf.b4e240077356bb86ea2f8a9519e6b82f.jpg;Y996KA799;type1;88,193,160,95;88,193,248,193,248,288,88,288;1;0;roboflow_universe:tatmantech/russian-license-plates-ec7zg@v2 <https://universe.roboflow.com/tatmantech/russian-license-plates-ec7zg>;CC-BY-4.0 (CC BY 4.0);day,glare
images/real/roboflow_universe_tatmantech_russian-license-plates-ec7zg_v2/y996ka799_jpg.rf.dff2fc88d1753cc9cdea1494cc336176.jpg;Y996KA799;type1;100,222,170,108;100,222,271,222,271,330,100,330;1;0;roboflow_universe:tatmantech/russian-license-plates-ec7zg@v2 <https://universe.roboflow.com/tatmantech/russian-license-plates-ec7zg>;CC-BY-4.0 (CC BY 4.0);night
images/real/roboflow_universe_tatmantech_russian-license-plates-ec7zg_v2/y996ka799_jpg.rf.f3a439cc448a00a56ca350404ea80a46.jpg;Y996KA799;type1;104,222,156,78;104,222,259,222,259,300,104,300;1;0;roboflow_universe:tatmantech/russian-license-plates-ec7zg@v2 <https://universe.roboflow.com/tatmantech/russian-license-plates-ec7zg>;CC-BY-4.0 (CC BY 4.0);day,glare
images/real/roboflow_universe_tatmantech_russian-license-plates-ec7zg_v2/y996ka799_png.rf.83e7a1ef3cf0ff3e0a2e635a33796e96.jpg;Y996KA799;type1;61,149,187,126;61,149,247,149,247,275,61,275;1;0;roboflow_universe:tatmantech/russian-license-plates-ec7zg@v2 <https://universe.roboflow.com/tatmantech/russian-license-plates-ec7zg>;CC-BY-4.0 (CC BY 4.0);day,glare
images/real/roboflow_universe_tatmantech_russian-license-plates-ec7zg_v2/y996ka799_png.rf.d5bbeda0ca3632c47605d228926cb366.jpg;Y996KA799;type1;124,238,180,112;124,238,304,238,304,350,124,350;1;0;roboflow_universe:tatmantech/russian-license-plates-ec7zg@v2 <https://universe.roboflow.com/tatmantech/russian-license-plates-ec7zg>;CC-BY-4.0 (CC BY 4.0);night
images/real/roboflow_universe_tatmantech_russian-license-plates-ec7zg_v2/yourtext_png.rf.2e3fd9a2f7afbbef57d76f1481883bda.jpg;########;type1;0,164,576,311;0,164,576,164,576,475,0,475;1;0;roboflow_universe:tatmantech/russian-license-plates-ec7zg@v2 <https://universe.roboflow.com/tatmantech/russian-license-plates-ec7zg>;CC-BY-4.0 (CC BY 4.0);day
images/real/roboflow_universe_tatmantech_russian-license-plates-ec7zg_v2/yourtext_png.rf.d3fd2cb7746293fd20025625ab020ff5.jpg;########;type1;32,214,549,218;32,214,581,214,581,432,32,432;1;0;roboflow_universe:tatmantech/russian-license-plates-ec7zg@v2 <https://universe.roboflow.com/tatmantech/russian-license-plates-ec7zg>;CC-BY-4.0 (CC BY 4.0);day
images/real/roboflow_universe_tatmantech_russian-license-plates-ec7zg_v2/yourtext_png.rf.fadbd959d3b167b23c0f537e90506247.jpg;########;type1;0,162,583,303;0,162,583,162,583,465,0,465;1;0;roboflow_universe:tatmantech/russian-license-plates-ec7zg@v2 <https://universe.roboflow.com/tatmantech/russian-license-plates-ec7zg>;CC-BY-4.0 (CC BY 4.0);night
images/real/roboflow_universe_tatmantech_russian-license-plates-ec7zg_v2/yu6ec177_png.rf.0b066d37c51fec8b1de4562ca5cd40f7.jpg;########;type1;0,135,584,447;0,135,584,135,584,582,0,582;1;0;roboflow_universe:tatmantech/russian-license-plates-ec7zg@v2 <https://universe.roboflow.com/tatmantech/russian-license-plates-ec7zg>;CC-BY-4.0 (CC BY 4.0);day
images/real/roboflow_universe_tatmantech_russian-license-plates-ec7zg_v2/yu6ec177_png.rf.43b39c1cbe4d39bd84350a11751934d0.jpg;########;type1;63,151,577,306;63,151,640,151,640,457,63,457;1;0;roboflow_universe:tatmantech/russian-license-plates-ec7zg@v2 <https://universe.roboflow.com/tatmantech/russian-license-plates-ec7zg>;CC-BY-4.0 (CC BY 4.0);day
images/real/roboflow_universe_tatmantech_russian-license-plates-ec7zg_v2/yu6ec177_png.rf.68a8a52d57285927c504c8aaf7a3a811.jpg;########;type1;48,180,542,259;48,180,590,180,590,439,48,439;1;0;roboflow_universe:tatmantech/russian-license-plates-ec7zg@v2 <https://universe.roboflow.com/tatmantech/russian-license-plates-ec7zg>;CC-BY-4.0 (CC BY 4.0);day
images/real/roboflow_universe_tatmantech_russian-license-plates-ec7zg_v2/1439_png.rf.869e1cd8f433a85a48cf067b7b033cae.jpg;########;type1;106,146,446,353;106,146,552,146,552,500,106,500;1;0;roboflow_universe:tatmantech/russian-license-plates-ec7zg@v2 <https://universe.roboflow.com/tatmantech/russian-license-plates-ec7zg>;CC-BY-4.0 (CC BY 4.0);day
images/real/roboflow_universe_tatmantech_russian-license-plates-ec7zg_v2/178_png.rf.358d7111e5725568d6001a92703a8b8d.jpg;########;type1;410,340,34,82;410,340,443,340,443,422,410,422;1;0;roboflow_universe:tatmantech/russian-license-plates-ec7zg@v2 <https://universe.roboflow.com/tatmantech/russian-license-plates-ec7zg>;CC-BY-4.0 (CC BY 4.0);night
images/real/roboflow_universe_tatmantech_russian-license-plates-ec7zg_v2/178_png.rf.358d7111e5725568d6001a92703a8b8d.jpg;########;type1;518,268,22,54;518,268,540,268,540,322,518,322;1;0;roboflow_universe:tatmantech/russian-license-plates-ec7zg@v2 <https://universe.roboflow.com/tatmantech/russian-license-plates-ec7zg>;CC-BY-4.0 (CC BY 4.0);night
images/real/roboflow_universe_tatmantech_russian-license-plates-ec7zg_v2/2973aox_png.rf.1e9210844c5def259ff647b11e98674b.jpg;########;type1;4,9,632,605;4,9,636,9,636,614,4,614;1;0;roboflow_universe:tatmantech/russian-license-plates-ec7zg@v2 <https://universe.roboflow.com/tatmantech/russian-license-plates-ec7zg>;CC-BY-4.0 (CC BY 4.0);day,glare
images/real/roboflow_universe_tatmantech_russian-license-plates-ec7zg_v2/5902AK77_png.rf.4264885663faf31f827b068d755a4d97.jpg;########;type1;13,25,614,580;13,25,627,25,627,606,13,606;1;0;roboflow_universe:tatmantech/russian-license-plates-ec7zg@v2 <https://universe.roboflow.com/tatmantech/russian-license-plates-ec7zg>;CC-BY-4.0 (CC BY 4.0);day,glare
images/real/roboflow_universe_tatmantech_russian-license-plates-ec7zg_v2/7210KE08_png.rf.6f65a9a75cdda5946056238488a39db0.jpg;########;type1;252,313,62,82;252,313,314,313,314,395,252,395;1;0;roboflow_universe:tatmantech/russian-license-plates-ec7zg@v2 <https://universe.roboflow.com/tatmantech/russian-license-plates-ec7zg>;CC-BY-4.0 (CC BY 4.0);day
images/real/roboflow_universe_tatmantech_russian-license-plates-ec7zg_v2/77_png.rf.e31086e4955dfb61ef9a06ecddb74b15.jpg;########;type1;176,317,286,102;176,317,463,317,463,419,176,419;1;0;roboflow_universe:tatmantech/russian-license-plates-ec7zg@v2 <https://universe.roboflow.com/tatmantech/russian-license-plates-ec7zg>;CC-BY-4.0 (CC BY 4.0);day,glare
images/real/roboflow_universe_tatmantech_russian-license-plates-ec7zg_v2/8776AE64_png.rf.d39563a4cba630a8eac6fcc21f2996e0.jpg;########;type1;0,0,638,638;0,0,638,0,638,638,0,638;1;0;roboflow_universe:tatmantech/russian-license-plates-ec7zg@v2 <https://universe.roboflow.com/tatmantech/russian-license-plates-ec7zg>;CC-BY-4.0 (CC BY 4.0);day,glare
images/real/roboflow_universe_tatmantech_russian-license-plates-ec7zg_v2/A007YT199_png.rf.d97b97dc5d4b672745d1cc63e7ffc161.jpg;A007YT199;type1;226,326,106,43;226,326,332,326,332,368,226,368;1;0;roboflow_universe:tatmantech/russian-license-plates-ec7zg@v2 <https://universe.roboflow.com/tatmantech/russian-license-plates-ec7zg>;CC-BY-4.0 (CC BY 4.0);day
images/real/roboflow_universe_tatmantech_russian-license-plates-ec7zg_v2/A123AA777_png.rf.d244df43e1ffafadb7b23dcbfe91a540.jpg;A123AA777;type1;28,163,584,234;28,163,612,163,612,397,28,397;1;0;roboflow_universe:tatmantech/russian-license-plates-ec7zg@v2 <https://universe.roboflow.com/tatmantech/russian-license-plates-ec7zg>;CC-BY-4.0 (CC BY 4.0);day,glare
images/real/roboflow_universe_tatmantech_russian-license-plates-ec7zg_v2/C308HE98_png.rf.35ac4492c6213feb184518b2cc3ab709.jpg;C308HE98;type1;182,304,270,99;182,304,451,304,451,403,182,403;1;0;roboflow_universe:tatmantech/russian-license-plates-ec7zg@v2 <https://universe.roboflow.com/tatmantech/russian-license-plates-ec7zg>;CC-BY-4.0 (CC BY 4.0);day,glare
images/real/roboflow_universe_tatmantech_russian-license-plates-ec7zg_v2/H972TX126_png.rf.4a1a62045184c318fa0e39d281f621cb.jpg;H972TX126;type1;78,59,492,222;78,59,570,59,570,280,78,280;1;0;roboflow_universe:tatmantech/russian-license-plates-ec7zg@v2 <https://universe.roboflow.com/tatmantech/russian-license-plates-ec7zg>;CC-BY-4.0 (CC BY 4.0);day,glare
images/real/roboflow_universe_tatmantech_russian-license-plates-ec7zg_v2/K750MT177_png.rf.143e8c60435ea17fded96538d233b459.jpg;K750MT177;type1;40,237,554,196;40,237,594,237,594,433,40,433;1;0;roboflow_universe:tatmantech/russian-license-plates-ec7zg@v2 <https://universe.roboflow.com/tatmantech/russian-license-plates-ec7zg>;CC-BY-4.0 (CC BY 4.0);day
images/real/roboflow_universe_tatmantech_russian-license-plates-ec7zg_v2/O271OO97_png.rf.07b3a8902aacb872537033da7b3b2082.jpg;O271OO97;type1;194,215,250,117;194,215,444,215,444,332,194,332;1;0;roboflow_universe:tatmantech/russian-license-plates-ec7zg@v2 <https://universe.roboflow.com/tatmantech/russian-license-plates-ec7zg>;CC-BY-4.0 (CC BY 4.0);day,glare
images/real/roboflow_universe_tatmantech_russian-license-plates-ec7zg_v2/O282YC26_png.rf.d8064301ec981a582c8fa960826b9e5b.jpg;O282YC26;type1;148,481,89,60;148,481,238,481,238,541,148,541;1;0;roboflow_universe:tatmantech/russian-license-plates-ec7zg@v2 <https://universe.roboflow.com/tatmantech/russian-license-plates-ec7zg>;CC-BY-4.0 (CC BY 4.0);day
images/real/roboflow_universe_tatmantech_russian-license-plates-ec7zg_v2/O288KT21_png.rf.f802f6ea0a0f9a311a4ad7802635fbf3.jpg;O288KT21;type1;283,302,274,182;283,302,557,302,557,484,283,484;1;0;roboflow_universe:tatmantech/russian-license-plates-ec7zg@v2 <https://universe.roboflow.com/tatmantech/russian-license-plates-ec7zg>;CC-BY-4.0 (CC BY 4.0);day
images/real/roboflow_universe_tatmantech_russian-license-plates-ec7zg_v2/X060XX78_png.rf.7a058865afc20453e17f13cbe0789a8f.jpg;X060XX78;type1;188,288,262,101;188,288,449,288,449,390,188,390;1;0;roboflow_universe:tatmantech/russian-license-plates-ec7zg@v2 <https://universe.roboflow.com/tatmantech/russian-license-plates-ec7zg>;CC-BY-4.0 (CC BY 4.0);day,glare
images/real/roboflow_universe_tatmantech_russian-license-plates-ec7zg_v2/Y594BY750_png.rf.e3e78256c212cce80c6f74941b46c073.jpg;Y594BY750;type1;119,286,394,145;119,286,513,286,513,432,119,432;1;0;roboflow_universe:tatmantech/russian-license-plates-ec7zg@v2 <https://universe.roboflow.com/tatmantech/russian-license-plates-ec7zg>;CC-BY-4.0 (CC BY 4.0);day,glare
images/real/roboflow_universe_tatmantech_russian-license-plates-ec7zg_v2/ay629h47_png.rf.46cc29f80de82ab8563634723f5b037d.jpg;########;type1;86,247,468,158;86,247,554,247,554,405,86,405;1;0;roboflow_universe:tatmantech/russian-license-plates-ec7zg@v2 <https://universe.roboflow.com/tatmantech/russian-license-plates-ec7zg>;CC-BY-4.0 (CC BY 4.0);day,glare
images/real/roboflow_universe_tatmantech_russian-license-plates-ec7zg_v2/e612ea10_png.rf.ea2e979758f624153564de676781d3f1.jpg;E612EA10;type1;8,80,626,479;8,80,634,80,634,560,8,560;1;0;roboflow_universe:tatmantech/russian-license-plates-ec7zg@v2 <https://universe.roboflow.com/tatmantech/russian-license-plates-ec7zg>;CC-BY-4.0 (CC BY 4.0);day
images/real/roboflow_universe_tatmantech_russian-license-plates-ec7zg_v2/image_1064_png.rf.0dd0ff0921d7553a7926ceae453e5931.jpg;########;type1;76,238,173,206;76,238,250,238,250,443,76,443;1;0;roboflow_universe:tatmantech/russian-license-plates-ec7zg@v2 <https://universe.roboflow.com/tatmantech/russian-license-plates-ec7zg>;CC-BY-4.0 (CC BY 4.0);day,glare
images/real/roboflow_universe_tatmantech_russian-license-plates-ec7zg_v2/image_1064_png.rf.0dd0ff0921d7553a7926ceae453e5931.jpg;########;type1;22,38,270,117;22,38,292,38,292,156,22,156;1;0;roboflow_universe:tatmantech/russian-license-plates-ec7zg@v2 <https://universe.roboflow.com/tatmantech/russian-license-plates-ec7zg>;CC-BY-4.0 (CC BY 4.0);day,glare
images/real/roboflow_universe_tatmantech_russian-license-plates-ec7zg_v2/image_1064_png.rf.0dd0ff0921d7553a7926ceae453e5931.jpg;########;type1;323,38,274,115;323,38,597,38,597,154,323,154;1;0;roboflow_universe:tatmantech/russian-license-plates-ec7zg@v2 <https://universe.roboflow.com/tatmantech/russian-license-plates-ec7zg>;CC-BY-4.0 (CC BY 4.0);day,glare
images/real/roboflow_universe_tatmantech_russian-license-plates-ec7zg_v2/image_1064_png.rf.0dd0ff0921d7553a7926ceae453e5931.jpg;########;type1;322,282,274,118;322,282,596,282,596,401,322,401;1;0;roboflow_universe:tatmantech/russian-license-plates-ec7zg@v2 <https://universe.roboflow.com/tatmantech/russian-license-plates-ec7zg>;CC-BY-4.0 (CC BY 4.0);day,glare
images/real/roboflow_universe_tatmantech_russian-license-plates-ec7zg_v2/image_1231_png.rf.8b766d9bcddbad2b36bbadbcf16a29e3.jpg;########;type1;11,25,616,580;11,25,627,25,627,606,11,606;1;0;roboflow_universe:tatmantech/russian-license-plates-ec7zg@v2 <https://universe.roboflow.com/tatmantech/russian-license-plates-ec7zg>;CC-BY-4.0 (CC BY 4.0);day,glare
images/real/roboflow_universe_tatmantech_russian-license-plates-ec7zg_v2/k094eh198-y392bo178_png.rf.a91892c30fe1939d63631cecd20de0af.jpg;########;type1;459,309,52,24;459,309,510,309,510,333,459,333;1;0;roboflow_universe:tatmantech/russian-license-plates-ec7zg@v2 <https://universe.roboflow.com/tatmantech/russian-license-plates-ec7zg>;CC-BY-4.0 (CC BY 4.0);day
images/real/roboflow_universe_tatmantech_russian-license-plates-ec7zg_v2/k094eh198-y392bo178_png.rf.a91892c30fe1939d63631cecd20de0af.jpg;########;type1;191,336,52,20;191,336,243,336,243,357,191,357;1;0;roboflow_universe:tatmantech/russian-license-plates-ec7zg@v2 <https://universe.roboflow.com/tatmantech/russian-license-plates-ec7zg>;CC-BY-4.0 (CC BY 4.0);day
images/real/roboflow_universe_tatmantech_russian-license-plates-ec7zg_v2/k303ta13_jpg.rf.210276e7f3e98e9bed785b6b500e32ac.jpg;K303TA13;type1;403,414,166,96;403,414,569,414,569,510,403,510;1;0;roboflow_universe:tatmantech/russian-license-plates-ec7zg@v2 <https://universe.roboflow.com/tatmantech/russian-license-plates-ec7zg>;CC-BY-4.0 (CC BY 4.0);day
images/real/roboflow_universe_tatmantech_russian-license-plates-ec7zg_v2/m801xo197_png.rf.ce84d5bb181854ed49ff4b069d36146a.jpg;M801XO197;type1;328,464,88,39;328,464,416,464,416,503,328,503;1;0;roboflow_universe:tatmantech/russian-license-plates-ec7zg@v2 <https://universe.roboflow.com/tatmantech/russian-license-plates-ec7zg>;CC-BY-4.0 (CC BY 4.0);day
images/real/roboflow_universe_tatmantech_russian-license-plates-ec7zg_v2/mixed_6_png.rf.e46a70bdba8aa3c41a6d3cea25e9d8b8.jpg;########;type1;91,268,134,228;91,268,225,268,225,495,91,495;1;0;roboflow_universe:tatmantech/russian-license-plates-ec7zg@v2 <https://universe.roboflow.com/tatmantech/russian-license-plates-ec7zg>;CC-BY-4.0 (CC BY 4.0);day,glare
images/real/roboflow_universe_tatmantech_russian-license-plates-ec7zg_v2/mixed_6_png.rf.e46a70bdba8aa3c41a6d3cea25e9d8b8.jpg;########;type1;26,17,274,128;26,17,300,17,300,146,26,146;1;0;roboflow_universe:tatmantech/russian-license-plates-ec7zg@v2 <https://universe.roboflow.com/tatmantech/russian-license-plates-ec7zg>;CC-BY-4.0 (CC BY 4.0);day,glare
images/real/roboflow_universe_tatmantech_russian-license-plates-ec7zg_v2/mixed_6_png.rf.e46a70bdba8aa3c41a6d3cea25e9d8b8.jpg;########;type1;342,4,279,131;342,4,621,4,621,136,342,136;1;0;roboflow_universe:tatmantech/russian-license-plates-ec7zg@v2 <https://universe.roboflow.com/tatmantech/russian-license-plates-ec7zg>;CC-BY-4.0 (CC BY 4.0);day,glare
images/real/roboflow_universe_tatmantech_russian-license-plates-ec7zg_v2/mixed_6_png.rf.e46a70bdba8aa3c41a6d3cea25e9d8b8.jpg;########;type1;347,245,276,130;347,245,622,245,622,376,347,376;1;0;roboflow_universe:tatmantech/russian-license-plates-ec7zg@v2 <https://universe.roboflow.com/tatmantech/russian-license-plates-ec7zg>;CC-BY-4.0 (CC BY 4.0);day,glare
images/real/roboflow_universe_tatmantech_russian-license-plates-ec7zg_v2/mixed_6_png.rf.e46a70bdba8aa3c41a6d3cea25e9d8b8.jpg;########;type1;346,388,276,128;346,388,621,388,621,516,346,516;1;0;roboflow_universe:tatmantech/russian-license-plates-ec7zg@v2 <https://universe.roboflow.com/tatmantech/russian-license-plates-ec7zg>;CC-BY-4.0 (CC BY 4.0);day,glare
images/real/roboflow_universe_tatmantech_russian-license-plates-ec7zg_v2/o007oo77_png.rf.50c94dc83815877029d8960d76874f9f.jpg;########;type1;45,58,550,244;45,58,595,58,595,303,45,303;1;0;roboflow_universe:tatmantech/russian-license-plates-ec7zg@v2 <https://universe.roboflow.com/tatmantech/russian-license-plates-ec7zg>;CC-BY-4.0 (CC BY 4.0);day,glare
images/real/roboflow_universe_tatmantech_russian-license-plates-ec7zg_v2/o007oo77_png.rf.50c94dc83815877029d8960d76874f9f.jpg;########;type1;42,360,554,248;42,360,596,360,596,607,42,607;1;0;roboflow_universe:tatmantech/russian-license-plates-ec7zg@v2 <https://universe.roboflow.com/tatmantech/russian-license-plates-ec7zg>;CC-BY-4.0 (CC BY 4.0);day,glare
images/real/roboflow_universe_tatmantech_russian-license-plates-ec7zg_v2/o582oo77_png.rf.bdef858ad0b555e1d3940fac55f3047d.jpg;O582OO77;type1;365,340,164,75;365,340,529,340,529,416,365,416;1;0;roboflow_universe:tatmantech/russian-license-plates-ec7zg@v2 <https://universe.roboflow.com/tatmantech/russian-license-plates-ec7zg>;CC-BY-4.0 (CC BY 4.0);day,glare
images/real/roboflow_universe_tatmantech_russian-license-plates-ec7zg_v2/tbo76377_png.rf.b5e187aff16c787aca49b82bbccea8a4.jpg;########;type1;82,241,460,160;82,241,542,241,542,401,82,401;1;0;roboflow_universe:tatmantech/russian-license-plates-ec7zg@v2 <https://universe.roboflow.com/tatmantech/russian-license-plates-ec7zg>;CC-BY-4.0 (CC BY 4.0);day,glare
images/real/roboflow_universe_tatmantech_russian-license-plates-ec7zg_v2/xep_png.rf.0ae30b394a60c24a8f9908c830ab79fb.jpg;########;type1;192,178,263,120;192,178,455,178,455,299,192,299;1;0;roboflow_universe:tatmantech/russian-license-plates-ec7zg@v2 <https://universe.roboflow.com/tatmantech/russian-license-plates-ec7zg>;CC-BY-4.0 (CC BY 4.0);day,glare
images/real/roboflow_universe_carplates_russian-plate-kuabh_v1/11_11_2014_11_5_29_996_png_jpg.rf.8b249e6687642d1cb59d7fb80c26fbc1.jpg;########;type1b;183,270,191,72;183,270,374,270,374,342,183,342;1;0;roboflow_universe:carplates/russian-plate-kuabh@v1 <https://universe.roboflow.com/carplates/russian-plate-kuabh>;CC-BY-4.0 (CC BY 4.0);day,motion_blur
images/real/roboflow_universe_carplates_russian-plate-kuabh_v1/11_6_2014_18_42_28_170_png_jpg.rf.6b09328ea6f60ab34311b61937f547cd.jpg;########;type1;108,330,101,54;108,330,209,330,209,385,108,385;1;0;roboflow_universe:carplates/russian-plate-kuabh@v1 <https://universe.roboflow.com/carplates/russian-plate-kuabh>;CC-BY-4.0 (CC BY 4.0);day
images/real/roboflow_universe_carplates_russian-plate-kuabh_v1/11_6_2014_18_42_50_270_png_jpg.rf.5cba022142f9bcb65d1431bb7329b413.jpg;########;type1;328,377,147,78;328,377,476,377,476,455,328,455;1;0;roboflow_universe:carplates/russian-plate-kuabh@v1 <https://universe.roboflow.com/carplates/russian-plate-kuabh>;CC-BY-4.0 (CC BY 4.0);day
images/real/roboflow_universe_carplates_russian-plate-kuabh_v1/11_6_2014_19_12_55_370_png_jpg.rf.1f7ad266c2a48fbae7dcefedff5bada7.jpg;########;type1;301,397,159,74;301,397,460,397,460,471,301,471;1;0;roboflow_universe:carplates/russian-plate-kuabh@v1 <https://universe.roboflow.com/carplates/russian-plate-kuabh>;CC-BY-4.0 (CC BY 4.0);day
images/real/roboflow_universe_carplates_russian-plate-kuabh_v1/11_6_2014_19_13_50_783_png_jpg.rf.59f1d758ad56c451ea3ae9c9b4b7d7e9.jpg;########;type1;264,374,135,60;264,374,398,374,398,434,264,434;1;0;roboflow_universe:carplates/russian-plate-kuabh@v1 <https://universe.roboflow.com/carplates/russian-plate-kuabh>;CC-BY-4.0 (CC BY 4.0);day
images/real/roboflow_universe_carplates_russian-plate-kuabh_v1/11_6_2014_19_2_17_400_png_jpg.rf.e32ec0c2937b45cd4bdb3f78d5292083.jpg;########;type1;288,374,92,40;288,374,380,374,380,414,288,414;1;0;roboflow_universe:carplates/russian-plate-kuabh@v1 <https://universe.roboflow.com/carplates/russian-plate-kuabh>;CC-BY-4.0 (CC BY 4.0);day,glare
images/real/roboflow_universe_carplates_russian-plate-kuabh_v1/11_6_2014_19_2_23_801_png_jpg.rf.ca096c6c9b34c2b763b949f4f020d723.jpg;########;type1;279,398,96,40;279,398,375,398,375,438,279,438;1;0;roboflow_universe:carplates/russian-plate-kuabh@v1 <https://universe.roboflow.com/carplates/russian-plate-kuabh>;CC-BY-4.0 (CC BY 4.0);day
images/real/roboflow_universe_carplates_russian-plate-kuabh_v1/11_6_2014_19_2_30_483_png_jpg.rf.5310873a09326b34b90d70f8f8e90d01.jpg;########;type1;255,355,88,50;255,355,343,355,343,404,255,404;1;0;roboflow_universe:carplates/russian-plate-kuabh@v1 <https://universe.roboflow.com/carplates/russian-plate-kuabh>;CC-BY-4.0 (CC BY 4.0);day,glare
images/real/roboflow_universe_carplates_russian-plate-kuabh_v1/11_6_2014_19_2_32_52_png_jpg.rf.542bf05e7262e2f21344dc13cd16b9b1.jpg;########;type1;210,420,109,56;210,420,318,420,318,476,210,476;1;0;roboflow_universe:carplates/russian-plate-kuabh@v1 <https://universe.roboflow.com/carplates/russian-plate-kuabh>;CC-BY-4.0 (CC BY 4.0);day,glare
images/real/roboflow_universe_carplates_russian-plate-kuabh_v1/11_6_2014_19_4_51_509_png_jpg.rf.837df541d342d137e27244768a9c8b91.jpg;########;type1;249,232,159,128;249,232,408,232,408,360,249,360;1;0;roboflow_universe:carplates/russian-plate-kuabh@v1 <https://universe.roboflow.com/carplates/russian-plate-kuabh>;CC-BY-4.0 (CC BY 4.0);day,glare,motion_blur
images/real/roboflow_universe_carplates_russian-plate-kuabh_v1/1_bmp_jpg.rf.0d7965632478c147456d6fbb2a06a6ad.jpg;########;type1;63,54,540,586;63,54,603,54,603,640,63,640;1;0;roboflow_universe:carplates/russian-plate-kuabh@v1 <https://universe.roboflow.com/carplates/russian-plate-kuabh>;CC-BY-4.0 (CC BY 4.0);day
images/real/roboflow_universe_carplates_russian-plate-kuabh_v1/6_bmp_jpg.rf.f300c6181c133e6d6fa5c032aef6a5d8.jpg;########;type1b;14,0,608,640;14,0,622,0,622,640,14,640;1;0;roboflow_universe:carplates/russian-plate-kuabh@v1 <https://universe.roboflow.com/carplates/russian-plate-kuabh>;CC-BY-4.0 (CC BY 4.0);day
images/real/roboflow_universe_carplates_russian-plate-kuabh_v1/0_bmp_jpg.rf.3060db6fa7debefe7958355162e8de4d.jpg;########;type1;21,56,610,532;21,56,631,56,631,588,21,588;1;0;roboflow_universe:carplates/russian-plate-kuabh@v1 <https://universe.roboflow.com/carplates/russian-plate-kuabh>;CC-BY-4.0 (CC BY 4.0);day
images/real/roboflow_universe_carplates_russian-plate-kuabh_v1/11_11_2014_10_42_1_183_png_jpg.rf.297d440b8a4b4d04565e9310d6e119b4.jpg;########;type1;202,362,114,38;202,362,316,362,316,400,202,400;1;0;roboflow_universe:carplates/russian-plate-kuabh@v1 <https://universe.roboflow.com/carplates/russian-plate-kuabh>;CC-BY-4.0 (CC BY 4.0);day
images/real/roboflow_universe_carplates_russian-plate-kuabh_v1/11_11_2014_10_42_39_449_png_jpg.rf.2c7e0aba1ed5eef62355aad68c757c92.jpg;########;type1;254,184,145,40;254,184,398,184,398,224,254,224;1;0;roboflow_universe:carplates/russian-plate-kuabh@v1 <https://universe.roboflow.com/carplates/russian-plate-kuabh>;CC-BY-4.0 (CC BY 4.0);day
images/real/roboflow_universe_carplates_russian-plate-kuabh_v1/11_11_2014_11_4_38_543_png_jpg.rf.77453703e48bf3a17aa8ae457b0b8947.jpg;########;type1;313,411,138,48;313,411,451,411,451,460,313,460;1;0;roboflow_universe:carplates/russian-plate-kuabh@v1 <https://universe.roboflow.com/carplates/russian-plate-kuabh>;CC-BY-4.0 (CC BY 4.0);day
images/real/roboflow_universe_carplates_russian-plate-kuabh_v1/11_11_2014_11_4_47_840_png_jpg.rf.bafbe207a57925b2b6fc0d1fedae9e94.jpg;########;type1;358,434,64,25;358,434,423,434,423,460,358,460;1;0;roboflow_universe:carplates/russian-plate-kuabh@v1 <https://universe.roboflow.com/carplates/russian-plate-kuabh>;CC-BY-4.0 (CC BY 4.0);day,glare
images/real/roboflow_universe_carplates_russian-plate-kuabh_v1/11_11_2014_11_6_42_965_png_jpg.rf.48201ea6b6b7628d2cc9ff3b8113c69d.jpg;########;type1;59,478,184,56;59,478,243,478,243,535,59,535;1;0;roboflow_universe:carplates/russian-plate-kuabh@v1 <https://universe.roboflow.com/carplates/russian-plate-kuabh>;CC-BY-4.0 (CC BY 4.0);day
images/real/roboflow_universe_carplates_russian-plate-kuabh_v1/11_11_2014_11_6_55_840_png_jpg.rf.9a18e88ab8c0d6f1ca840f7bd58179d2.jpg;########;type1;248,182,119,39;248,182,367,182,367,220,248,220;1;0;roboflow_universe:carplates/russian-plate-kuabh@v1 <https://universe.roboflow.com/carplates/russian-plate-kuabh>;CC-BY-4.0 (CC BY 4.0);night
images/real/roboflow_universe_carplates_russian-plate-kuabh_v1/11_11_2014_17_20_11_121_png_jpg.rf.e2e438714b147251406e2ca40c1bb508.jpg;########;type1;250,377,137,46;250,377,386,377,386,423,250,423;1;0;roboflow_universe:carplates/russian-plate-kuabh@v1 <https://universe.roboflow.com/carplates/russian-plate-kuabh>;CC-BY-4.0 (CC BY 4.0);day
images/real/roboflow_universe_carplates_russian-plate-kuabh_v1/11_11_2014_7_22_40_590_png_jpg.rf.01c9d253b7506c75994e1d13d3f7c68d.jpg;########;type1;424,267,108,55;424,267,533,267,533,322,424,322;1;0;roboflow_universe:carplates/russian-plate-kuabh@v1 <https://universe.roboflow.com/carplates/russian-plate-kuabh>;CC-BY-4.0 (CC BY 4.0);day
images/real/roboflow_universe_carplates_russian-plate-kuabh_v1/11_11_2014_7_22_51_433_png_jpg.rf.13cd307424e2351738b049719b6f42e4.jpg;########;type1;237,473,152,66;237,473,390,473,390,538,237,538;1;0;roboflow_universe:carplates/russian-plate-kuabh@v1 <https://universe.roboflow.com/carplates/russian-plate-kuabh>;CC-BY-4.0 (CC BY 4.0);day
images/real/roboflow_universe_carplates_russian-plate-kuabh_v1/11_11_2014_7_23_33_996_png_jpg.rf.300caad47c38fc7b6c668021d3d943f0.jpg;########;type1;373,439,105,54;373,439,478,439,478,493,373,493;1;0;roboflow_universe:carplates/russian-plate-kuabh@v1 <https://universe.roboflow.com/carplates/russian-plate-kuabh>;CC-BY-4.0 (CC BY 4.0);night
images/real/roboflow_universe_carplates_russian-plate-kuabh_v1/11_11_2014_7_23_47_199_png_jpg.rf.01e6a52eb671ee5b8895ecf5f3a3730c.jpg;########;type1;344,334,117,44;344,334,460,334,460,378,344,378;1;0;roboflow_universe:carplates/russian-plate-kuabh@v1 <https://universe.roboflow.com/carplates/russian-plate-kuabh>;CC-BY-4.0 (CC BY 4.0);day
images/real/roboflow_universe_carplates_russian-plate-kuabh_v1/11_11_2014_7_24_49_386_png_jpg.rf.331b877267cac089e58e5c233add0ee5.jpg;########;type1;236,315,150,46;236,315,386,315,386,362,236,362;1;0;roboflow_universe:carplates/russian-plate-kuabh@v1 <https://universe.roboflow.com/carplates/russian-plate-kuabh>;CC-BY-4.0 (CC BY 4.0);day
images/real/roboflow_universe_carplates_russian-plate-kuabh_v1/11_11_2014_7_56_22_652_png_jpg.rf.1225c39b1e8e44c6c56c3471e9b12fd1.jpg;########;type1;468,411,84,36;468,411,552,411,552,447,468,447;1;0;roboflow_universe:carplates/russian-plate-kuabh@v1 <https://universe.roboflow.com/carplates/russian-plate-kuabh>;CC-BY-4.0 (CC BY 4.0);day,glare
images/real/roboflow_universe_carplates_russian-plate-kuabh_v1/11_11_2014_7_57_30_43_png_jpg.rf.26e2f5fc0cbefb290b47cf066e9c2bdb.jpg;########;type1;420,344,107,31;420,344,526,344,526,376,420,376;1;0;roboflow_universe:carplates/russian-plate-kuabh@v1 <https://universe.roboflow.com/carplates/russian-plate-kuabh>;CC-BY-4.0 (CC BY 4.0);day
images/real/roboflow_universe_carplates_russian-plate-kuabh_v1/11_11_2014_7_57_54_121_png_jpg.rf.9becf4ec850689d17103d45f9727f4bb.jpg;########;type1;268,413,139,38;268,413,407,413,407,452,268,452;1;0;roboflow_universe:carplates/russian-plate-kuabh@v1 <https://universe.roboflow.com/carplates/russian-plate-kuabh>;CC-BY-4.0 (CC BY 4.0);day,glare
images/real/roboflow_universe_carplates_russian-plate-kuabh_v1/11_11_2014_7_58_12_465_png_jpg.rf.32fe1e68212029d5c74c4a0e813f35e7.jpg;########;type1;174,323,75,26;174,323,249,323,249,348,174,348;1;0;roboflow_universe:carplates/russian-plate-kuabh@v1 <https://universe.roboflow.com/carplates/russian-plate-kuabh>;CC-BY-4.0 (CC BY 4.0);day,glare
images/real/roboflow_universe_carplates_russian-plate-kuabh_v1/11_6_2014_18_42_31_337_png_jpg.rf.5b2550567cb1edecbf53477753fd53ab.jpg;########;type1;152,354,76,46;152,354,228,354,228,401,152,401;1;0;roboflow_universe:carplates/russian-plate-kuabh@v1 <https://universe.roboflow.com/carplates/russian-plate-kuabh>;CC-BY-4.0 (CC BY 4.0);day
images/real/roboflow_universe_carplates_russian-plate-kuabh_v1/11_6_2014_18_42_34_628_png_jpg.rf.4173b4753132dd21f8ee01389242380a.jpg;########;type1;394,360,115,58;394,360,510,360,510,419,394,419;1;0;roboflow_universe:carplates/russian-plate-kuabh@v1 <https://universe.roboflow.com/carplates/russian-plate-kuabh>;CC-BY-4.0 (CC BY 4.0);day
images/real/roboflow_universe_carplates_russian-plate-kuabh_v1/11_6_2014_18_42_34_628_png_jpg.rf.4173b4753132dd21f8ee01389242380a.jpg;########;type1;20,288,43,28;20,288,64,288,64,316,20,316;1;0;roboflow_universe:carplates/russian-plate-kuabh@v1 <https://universe.roboflow.com/carplates/russian-plate-kuabh>;CC-BY-4.0 (CC BY 4.0);day
images/real/roboflow_universe_carplates_russian-plate-kuabh_v1/11_6_2014_18_42_36_973_png_jpg.rf.922b33ef9e88f600a29e0f8f6a733929.jpg;########;type1;264,315,109,62;264,315,373,315,373,377,264,377;1;0;roboflow_universe:carplates/russian-plate-kuabh@v1 <https://universe.roboflow.com/carplates/russian-plate-kuabh>;CC-BY-4.0 (CC BY 4.0);day
images/real/roboflow_universe_carplates_russian-plate-kuabh_v1/11_6_2014_18_42_40_372_png_jpg.rf.2f79648180e755f9e29faccaff7a2e07.jpg;########;type1;110,335,76,42;110,335,186,335,186,377,110,377;1;0;roboflow_universe:carplates/russian-plate-kuabh@v1 <https://universe.roboflow.com/carplates/russian-plate-kuabh>;CC-BY-4.0 (CC BY 4.0);day
images/real/roboflow_universe_carplates_russian-plate-kuabh_v1/11_6_2014_18_42_43_714_png_jpg.rf.104be4de1fffa5d8eb54ffb09b63f957.jpg;########;type1;208,336,107,52;208,336,315,336,315,388,208,388;1;0;roboflow_universe:carplates/russian-plate-kuabh@v1 <https://universe.roboflow.com/carplates/russian-plate-kuabh>;CC-BY-4.0 (CC BY 4.0);day
images/real/roboflow_universe_carplates_russian-plate-kuabh_v1/11_6_2014_18_42_46_946_png_jpg.rf.1ebe762c4dfb7fac766f01de278f60da.jpg;########;type1;296,379,147,66;296,379,444,379,444,446,296,446;1;0;roboflow_universe:carplates/russian-plate-kuabh@v1 <https://universe.roboflow.com/carplates/russian-plate-kuabh>;CC-BY-4.0 (CC BY 4.0);day
images/real/roboflow_universe_carplates_russian-plate-kuabh_v1/11_6_2014_18_42_53_353_png_jpg.rf.03dd9d55e47409c014824a4f9b88b03c.jpg;########;type1;196,376,108,58;196,376,304,376,304,435,196,435;1;0;roboflow_universe:carplates/russian-plate-kuabh@v1 <https://universe.roboflow.com/carplates/russian-plate-kuabh>;CC-BY-4.0 (CC BY 4.0);day,glare
images/real/roboflow_universe_carplates_russian-plate-kuabh_v1/11_6_2014_19_12_22_865_png_jpg.rf.75c4d045c8a6d26a80c1d8a7fb525159.jpg;########;type1;311,358,95,52;311,358,406,358,406,410,311,410;1;0;roboflow_universe:carplates/russian-plate-kuabh@v1 <https://universe.roboflow.com/carplates/russian-plate-kuabh>;CC-BY-4.0 (CC BY 4.0);day
images/real/roboflow_universe_carplates_russian-plate-kuabh_v1/11_6_2014_19_12_26_95_png_jpg.rf.3c91f2b74ac24bc841460007e4917c6b.jpg;########;type1;378,330,109,52;378,330,486,330,486,382,378,382;1;0;roboflow_universe:carplates/russian-plate-kuabh@v1 <https://universe.roboflow.com/carplates/russian-plate-kuabh>;CC-BY-4.0 (CC BY 4.0);day
images/real/roboflow_universe_carplates_russian-plate-kuabh_v1/11_6_2014_19_12_29_357_png_jpg.rf.00968f0751b7cc878f5863f1df7a5191.jpg;########;type1;116,388,100,50;116,388,216,388,216,439,116,439;1;0;roboflow_universe:carplates/russian-plate-kuabh@v1 <https://universe.roboflow.com/carplates/russian-plate-kuabh>;CC-BY-4.0 (CC BY 4.0);day
images/real/roboflow_universe_carplates_russian-plate-kuabh_v1/11_6_2014_19_12_42_922_png_jpg.rf.32967136a6efc5281cde5dd1a7f1ddd8.jpg;########;type1;224,325,104,58;224,325,328,325,328,383,224,383;1;0;roboflow_universe:carplates/russian-plate-kuabh@v1 <https://universe.roboflow.com/carplates/russian-plate-kuabh>;CC-BY-4.0 (CC BY 4.0);day
images/real/roboflow_universe_carplates_russian-plate-kuabh_v1/11_6_2014_19_12_45_976_png_jpg.rf.2413d7f3cb195ef71368c35164a14bd4.jpg;########;type1;280,362,129,66;280,362,408,362,408,429,280,429;1;0;roboflow_universe:carplates/russian-plate-kuabh@v1 <https://universe.roboflow.com/carplates/russian-plate-kuabh>;CC-BY-4.0 (CC BY 4.0);day
images/real/roboflow_universe_carplates_russian-plate-kuabh_v1/11_6_2014_19_12_49_32_png_jpg.rf.6ad3eee7edb4b79a332ad11a71bb8ed2.jpg;########;type1;174,352,114,64;174,352,288,352,288,416,174,416;1;0;roboflow_universe:carplates/russian-plate-kuabh@v1 <https://universe.roboflow.com/carplates/russian-plate-kuabh>;CC-BY-4.0 (CC BY 4.0);day,glare
images/real/roboflow_universe_carplates_russian-plate-kuabh_v1/11_6_2014_19_12_52_206_png_jpg.rf.9bf9ce630b77fad52eaf20cce5c45201.jpg;########;type1;234,369,135,78;234,369,369,369,369,447,234,447;1;0;roboflow_universe:carplates/russian-plate-kuabh@v1 <https://universe.roboflow.com/carplates/russian-plate-kuabh>;CC-BY-4.0 (CC BY 4.0);day,glare
images/real/roboflow_universe_carplates_russian-plate-kuabh_v1/11_6_2014_19_12_59_225_png_jpg.rf.6ec7cabb482f34b36956ccecd6fe959a.jpg;########;type1;92,371,100,50;92,371,192,371,192,421,92,421;1;0;roboflow_universe:carplates/russian-plate-kuabh@v1 <https://universe.roboflow.com/carplates/russian-plate-kuabh>;CC-BY-4.0 (CC BY 4.0);day
images/real/roboflow_universe_carplates_russian-plate-kuabh_v1/11_6_2014_19_13_12_580_png_jpg.rf.4c68f915ca8445355a2740ab3091f20d.jpg;########;type1;312,377,132,70;312,377,444,377,444,446,312,446;1;0;roboflow_universe:carplates/russian-plate-kuabh@v1 <https://universe.roboflow.com/carplates/russian-plate-kuabh>;CC-BY-4.0 (CC BY 4.0);day
images/real/roboflow_universe_carplates_russian-plate-kuabh_v1/11_6_2014_19_13_15_747_png_jpg.rf.6b4bc3a26b9a6bf7153865fb9d02aff1.jpg;########;type1;88,331,105,50;88,331,194,331,194,381,88,381;1;0;roboflow_universe:carplates/russian-plate-kuabh@v1 <https://universe.roboflow.com/carplates/russian-plate-kuabh>;CC-BY-4.0 (CC BY 4.0);day
images/real/roboflow_universe_carplates_russian-plate-kuabh_v1/11_6_2014_19_13_22_389_png_jpg.rf.1e2dceb1514a113f53ea2533fce7d6b6.jpg;########;type1;208,377,144,74;208,377,352,377,352,451,208,451;1;0;roboflow_universe:carplates/russian-plate-kuabh@v1 <https://universe.roboflow.com/carplates/russian-plate-kuabh>;CC-BY-4.0 (CC BY 4.0);day
images/real/roboflow_universe_carplates_russian-plate-kuabh_v1/11_6_2014_19_13_25_619_png_jpg.rf.0c92b962792f7d1a29bce02f382e0d60.jpg;########;type1;202,382,253,162;202,382,455,382,455,545,202,545;1;0;roboflow_universe:carplates/russian-plate-kuabh@v1 <https://universe.roboflow.com/carplates/russian-plate-kuabh>;CC-BY-4.0 (CC BY 4.0);day
images/real/roboflow_universe_carplates_russian-plate-kuabh_v1/11_6_2014_19_13_27_142_png_jpg.rf.00ac1b2c234e9b1380adb544ce61e345.jpg;########;type1;103,247,118,54;103,247,221,247,221,302,103,302;1;0;roboflow_universe:carplates/russian-plate-kuabh@v1 <https://universe.roboflow.com/carplates/russian-plate-kuabh>;CC-BY-4.0 (CC BY 4.0);day
images/real/roboflow_universe_carplates_russian-plate-kuabh_v1/11_6_2014_19_13_30_265_png_jpg.rf.a847b2a8c9f8071ab23574b254fceb35.jpg;########;type1;144,213,123,66;144,213,267,213,267,279,144,279;1;0;roboflow_universe:carplates/russian-plate-kuabh@v1 <https://universe.roboflow.com/carplates/russian-plate-kuabh>;CC-BY-4.0 (CC BY 4.0);day,glare
images/real/roboflow_universe_carplates_russian-plate-kuabh_v1/11_6_2014_19_13_33_302_png_jpg.rf.431eabf95ba29113e153931fcf80a5d5.jpg;########;type1;265,266,129,46;265,266,394,266,394,313,265,313;1;0;roboflow_universe:carplates/russian-plate-kuabh@v1 <https://universe.roboflow.com/carplates/russian-plate-kuabh>;CC-BY-4.0 (CC BY 4.0);day
images/real/roboflow_universe_carplates_russian-plate-kuabh_v1/11_6_2014_19_13_36_352_png_jpg.rf.358eca961a8bbc234f1fd35fba69448a.jpg;########;type1;224,333,88,46;224,333,312,333,312,378,224,378;1;0;roboflow_universe:carplates/russian-plate-kuabh@v1 <https://universe.roboflow.com/carplates/russian-plate-kuabh>;CC-BY-4.0 (CC BY 4.0);day
images/real/roboflow_universe_carplates_russian-plate-kuabh_v1/11_6_2014_19_13_39_579_png_jpg.rf.2019b43731d52c38953be18f5ea108e1.jpg;########;type1;258,340,98,60;258,340,356,340,356,400,258,400;1;0;roboflow_universe:carplates/russian-plate-kuabh@v1 <https://universe.roboflow.com/carplates/russian-plate-kuabh>;CC-BY-4.0 (CC BY 4.0);day
images/real/roboflow_universe_carplates_russian-plate-kuabh_v1/11_6_2014_19_13_43_91_png_jpg.rf.379e3c93cf22707b8c8357e2883542b9.jpg;########;type1;328,367,118,58;328,367,446,367,446,425,328,425;1;0;roboflow_universe:carplates/russian-plate-kuabh@v1 <https://universe.roboflow.com/carplates/russian-plate-kuabh>;CC-BY-4.0 (CC BY 4.0);day
images/real/roboflow_universe_carplates_russian-plate-kuabh_v1/11_6_2014_19_13_46_240_png_jpg.rf.70d95e103b6594965ebf4a4707bdf8e3.jpg;########;type1;171,391,106,62;171,391,277,391,277,453,171,453;1;0;roboflow_universe:carplates/russian-plate-kuabh@v1 <https://universe.roboflow.com/carplates/russian-plate-kuabh>;CC-BY-4.0 (CC BY 4.0);day
images/real/roboflow_universe_carplates_russian-plate-kuabh_v1/11_6_2014_19_13_48_472_png_jpg.rf.7bb4be74166db1ae77c7b9f60c183e53.jpg;########;type1;205,388,118,58;205,388,323,388,323,447,205,447;1;0;roboflow_universe:carplates/russian-plate-kuabh@v1 <https://universe.roboflow.com/carplates/russian-plate-kuabh>;CC-BY-4.0 (CC BY 4.0);day
images/real/roboflow_universe_carplates_russian-plate-kuabh_v1/11_6_2014_19_13_4_612_png_jpg.rf.04ca594adc583018a52af86dac734c7e.jpg;########;type1;338,349,150,74;338,349,488,349,488,423,338,423;1;0;roboflow_universe:carplates/russian-plate-kuabh@v1 <https://universe.roboflow.com/carplates/russian-plate-kuabh>;CC-BY-4.0 (CC BY 4.0);day,glare
images/real/roboflow_universe_carplates_russian-plate-kuabh_v1/11_6_2014_19_13_53_985_png_jpg.rf.5147f3e17a5235fb015b4b2fd7c8e115.jpg;########;type1;183,181,130,50;183,181,313,181,313,231,183,231;1;0;roboflow_universe:carplates/russian-plate-kuabh@v1 <https://universe.roboflow.com/carplates/russian-plate-kuabh>;CC-BY-4.0 (CC BY 4.0);day,glare
images/real/roboflow_universe_carplates_russian-plate-kuabh_v1/11_6_2014_19_13_6_165_png_jpg.rf.5a2c62507e89f9887fe5df4dc6d88fc7.jpg;########;type1;138,339,98,58;138,339,236,339,236,398,138,398;1;0;roboflow_universe:carplates/russian-plate-kuabh@v1 <https://universe.roboflow.com/carplates/russian-plate-kuabh>;CC-BY-4.0 (CC BY 4.0);day
images/real/roboflow_universe_carplates_russian-plate-kuabh_v1/11_6_2014_19_13_9_381_png_jpg.rf.06a0a59cdf49e9ece4e49f92e6299c8c.jpg;########;type1;184,326,108,62;184,326,292,326,292,387,184,387;1;0;roboflow_universe:carplates/russian-plate-kuabh@v1 <https://universe.roboflow.com/carplates/russian-plate-kuabh>;CC-BY-4.0 (CC BY 4.0);day
images/real/roboflow_universe_carplates_russian-plate-kuabh_v1/11_6_2014_19_14_0_273_png_jpg.rf.16c253b43a7f49702152c2ac032206f3.jpg;########;type1;212,345,121,54;212,345,333,345,333,398,212,398;1;0;roboflow_universe:carplates/russian-plate-kuabh@v1 <https://universe.roboflow.com/carplates/russian-plate-kuabh>;CC-BY-4.0 (CC BY 4.0);day,glare
images/real/roboflow_universe_carplates_russian-plate-kuabh_v1/11_6_2014_19_14_10_474_png_jpg.rf.1da4b8156193c4c531756843559056fa.jpg;########;type1;83,354,93,50;83,354,176,354,176,403,83,403;1;0;roboflow_universe:carplates/russian-plate-kuabh@v1 <https://universe.roboflow.com/carplates/russian-plate-kuabh>;CC-BY-4.0 (CC BY 4.0);day,glare
images/real/roboflow_universe_carplates_russian-plate-kuabh_v1/11_6_2014_19_14_14_500_png_jpg.rf.122d31d2f76e6daec1f6cc4a3b059764.jpg;########;type1;238,379,100,50;238,379,338,379,338,429,238,429;1;0;roboflow_universe:carplates/russian-plate-kuabh@v1 <https://universe.roboflow.com/carplates/russian-plate-kuabh>;CC-BY-4.0 (CC BY 4.0);day,glare
images/real/roboflow_universe_carplates_russian-plate-kuabh_v1/11_6_2014_19_14_20_128_png_jpg.rf.9cd7b635ac4fce7b22dd5f5955a39ab5.jpg;########;type1;256,350,113,62;256,350,368,350,368,413,256,413;1;0;roboflow_universe:carplates/russian-plate-kuabh@v1 <https://universe.roboflow.com/carplates/russian-plate-kuabh>;CC-BY-4.0 (CC BY 4.0);day
images/real/roboflow_universe_carplates_russian-plate-kuabh_v1/11_6_2014_19_14_23_352_png_jpg.rf.059db34cf0136612c267eda5fbc2e23f.jpg;########;type1;317,391,132,66;317,391,449,391,449,458,317,458;1;0;roboflow_universe:carplates/russian-plate-kuabh@v1 <https://universe.roboflow.com/carplates/russian-plate-kuabh>;CC-BY-4.0 (CC BY 4.0);day
images/real/roboflow_universe_carplates_russian-plate-kuabh_v1/11_6_2014_19_14_26_478_png_jpg.rf.2fc9f334b1f93a0721d6e75e0885dde2.jpg;########;type1;330,270,157,66;330,270,486,270,486,337,330,337;1;0;roboflow_universe:carplates/russian-plate-kuabh@v1 <https://universe.roboflow.com/carplates/russian-plate-kuabh>;CC-BY-4.0 (CC BY 4.0);day
images/real/roboflow_universe_carplates_russian-plate-kuabh_v1/11_6_2014_19_14_29_617_png_jpg.rf.31cdee949fec3f1ad089c5f409429a20.jpg;########;type1;339,295,170,74;339,295,509,295,509,368,339,368;1;0;roboflow_universe:carplates/russian-plate-kuabh@v1 <https://universe.roboflow.com/carplates/russian-plate-kuabh>;CC-BY-4.0 (CC BY 4.0);day
images/real/roboflow_universe_carplates_russian-plate-kuabh_v1/11_6_2014_19_14_32_754_png_jpg.rf.39fb1657134222d034839f9e4249c844.jpg;########;type1;384,306,191,84;384,306,575,306,575,390,384,390;1;0;roboflow_universe:carplates/russian-plate-kuabh@v1 <https://universe.roboflow.com/carplates/russian-plate-kuabh>;CC-BY-4.0 (CC BY 4.0);day
images/real/roboflow_universe_carplates_russian-plate-kuabh_v1/11_6_2014_19_14_5_514_png_jpg.rf.15230919e211ff3e6509d661cf35038c.jpg;########;type1;284,352,147,64;284,352,432,352,432,416,284,416;1;0;roboflow_universe:carplates/russian-plate-kuabh@v1 <https://universe.roboflow.com/carplates/russian-plate-kuabh>;CC-BY-4.0 (CC BY 4.0);day,glare
images/real/roboflow_universe_carplates_russian-plate-kuabh_v1/11_6_2014_19_2_20_563_png_jpg.rf.6feb7c901d74ff430b837953f4feedbb.jpg;########;type1;292,387,97,38;292,387,389,387,389,426,292,426;1;0;roboflow_universe:carplates/russian-plate-kuabh@v1 <https://universe.roboflow.com/carplates/russian-plate-kuabh>;CC-BY-4.0 (CC BY 4.0);day,glare
images/real/roboflow_universe_carplates_russian-plate-kuabh_v1/11_6_2014_19_2_27_45_png_jpg.rf.693e346eda7edcbf63e0108ee046b9f6.jpg;########;type1;296,378,96,66;296,378,392,378,392,443,296,443;1;0;roboflow_universe:carplates/russian-plate-kuabh@v1 <https://universe.roboflow.com/carplates/russian-plate-kuabh>;CC-BY-4.0 (CC BY 4.0);day,glare
images/real/roboflow_universe_carplates_russian-plate-kuabh_v1/11_6_2014_19_2_35_224_png_jpg.rf.097a1618784a09bbf432e39b444ee5d4.jpg;########;type1;226,424,110,58;226,424,336,424,336,483,226,483;1;0;roboflow_universe:carplates/russian-plate-kuabh@v1 <https://universe.roboflow.com/carplates/russian-plate-kuabh>;CC-BY-4.0 (CC BY 4.0);day,glare
images/real/roboflow_universe_carplates_russian-plate-kuabh_v1/11_6_2014_19_4_32_611_png_jpg.rf.2f0eec8354e7ac41a46b9532c86975d5.jpg;########;type1;122,212,96,36;122,212,218,212,218,248,122,248;1;0;roboflow_universe:carplates/russian-plate-kuabh@v1 <https://universe.roboflow.com/carplates/russian-plate-kuabh>;CC-BY-4.0 (CC BY 4.0);day,glare
images/real/roboflow_universe_carplates_russian-plate-kuabh_v1/11_6_2014_19_4_35_857_png_jpg.rf.3d9a0aa78d866f451e09543990dddbec.jpg;########;type1;103,201,113,46;103,201,216,201,216,247,103,247;1;0;roboflow_universe:carplates/russian-plate-kuabh@v1 <https://universe.roboflow.com/carplates/russian-plate-kuabh>;CC-BY-4.0 (CC BY 4.0);day
images/real/roboflow_universe_carplates_russian-plate-kuabh_v1/11_6_2014_19_4_38_898_png_jpg.rf.39cd2dda143284e5208e8559a1c47c48.jpg;########;type1;120,245,114,38;120,245,234,245,234,284,120,284;1;0;roboflow_universe:carplates/russian-plate-kuabh@v1 <https://universe.roboflow.com/carplates/russian-plate-kuabh>;CC-BY-4.0 (CC BY 4.0);day,glare
images/real/roboflow_universe_carplates_russian-plate-kuabh_v1/11_6_2014_19_4_42_41_png_jpg.rf.5e59f8769c2005819811e22d61d5a0c6.jpg;########;type1;98,231,128,42;98,231,226,231,226,274,98,274;1;0;roboflow_universe:carplates/russian-plate-kuabh@v1 <https://universe.roboflow.com/carplates/russian-plate-kuabh>;CC-BY-4.0 (CC BY 4.0);day
images/real/roboflow_universe_carplates_russian-plate-kuabh_v1/11_6_2014_19_4_45_195_png_jpg.rf.38e38414fd501033183e65856becd174.jpg;########;type1;274,255,143,78;274,255,417,255,417,333,274,333;1;0;roboflow_universe:carplates/russian-plate-kuabh@v1 <https://universe.roboflow.com/carplates/russian-plate-kuabh>;CC-BY-4.0 (CC BY 4.0);day,glare
images/real/roboflow_universe_carplates_russian-plate-kuabh_v1/11_6_2014_19_4_53_174_png_jpg.rf.50a13c2f6389468f82b5f29d8aa9b662.jpg;########;type1;177,283,206,158;177,283,383,283,383,441,177,441;1;0;roboflow_universe:carplates/russian-plate-kuabh@v1 <https://universe.roboflow.com/carplates/russian-plate-kuabh>;CC-BY-4.0 (CC BY 4.0);day,glare
images/real/roboflow_universe_carplates_russian-plate-kuabh_v1/12_6_2014_19_36_51_92_png_jpg.rf.52f4ba8b3abe0387b070f7fcf5dac871.jpg;########;type1;283,302,108,36;283,302,391,302,391,338,283,338;1;0;roboflow_universe:carplates/russian-plate-kuabh@v1 <https://universe.roboflow.com/carplates/russian-plate-kuabh>;CC-BY-4.0 (CC BY 4.0);day
images/real/roboflow_universe_carplates_russian-plate-kuabh_v1/12_6_2014_19_36_54_323_png_jpg.rf.0dc81ee1672cce77bffd41f7febe5e58.jpg;########;type1;302,308,107,32;302,308,409,308,409,340,302,340;1;0;roboflow_universe:carplates/russian-plate-kuabh@v1 <https://universe.roboflow.com/carplates/russian-plate-kuabh>;CC-BY-4.0 (CC BY 4.0);day
images/real/roboflow_universe_carplates_russian-plate-kuabh_v1/12_6_2014_19_36_57_844_png_jpg.rf.71c47bc2b4422d699ba0c9c4e6b44c34.jpg;########;type1;372,258,85,32;372,258,456,258,456,290,372,290;1;0;roboflow_universe:carplates/russian-plate-kuabh@v1 <https://universe.roboflow.com/carplates/russian-plate-kuabh>;CC-BY-4.0 (CC BY 4.0);day
images/real/roboflow_universe_carplates_russian-plate-kuabh_v1/12_6_2014_19_37_10_558_png_jpg.rf.4f12307a58a0fa84d5dcd9a57670907c.jpg;########;type1;344,246,90,38;344,246,434,246,434,285,344,285;1;0;roboflow_universe:carplates/russian-plate-kuabh@v1 <https://universe.roboflow.com/carplates/russian-plate-kuabh>;CC-BY-4.0 (CC BY 4.0);day,glare
images/real/roboflow_universe_carplates_russian-plate-kuabh_v1/12_6_2014_19_37_13_808_png_jpg.rf.30e10d3a058fdd174a5570834f781c89.jpg;########;type1;412,273,112,46;412,273,524,273,524,318,412,318;1;0;roboflow_universe:carplates/russian-plate-kuabh@v1 <https://universe.roboflow.com/carplates/russian-plate-kuabh>;CC-BY-4.0 (CC BY 4.0);day,glare
images/real/roboflow_universe_carplates_russian-plate-kuabh_v1/12_6_2014_19_37_1_28_png_jpg.rf.4ff643c37ba81a83a50d2b4bc4529a09.jpg;########;type1;370,260,92,32;370,260,462,260,462,292,370,292;1;0;roboflow_universe:carplates/russian-plate-kuabh@v1 <https://universe.roboflow.com/carplates/russian-plate-kuabh>;CC-BY-4.0 (CC BY 4.0);day
images/real/roboflow_universe_carplates_russian-plate-kuabh_v1/2_bmp_jpg.rf.168b60311e35cc4618b388cea7d5c80f.jpg;########;type1;54,87,552,407;54,87,606,87,606,494,54,494;1;0;roboflow_universe:carplates/russian-plate-kuabh@v1 <https://universe.roboflow.com/carplates/russian-plate-kuabh>;CC-BY-4.0 (CC BY 4.0);day
images/real/roboflow_universe_carplates_russian-plate-kuabh_v1/3_bmp_jpg.rf.320b5c169e1b618f82f76b42390c014d.jpg;########;type1;22,69,590,551;22,69,612,69,612,620,22,620;1;0;roboflow_universe:carplates/russian-plate-kuabh@v1 <https://universe.roboflow.com/carplates/russian-plate-kuabh>;CC-BY-4.0 (CC BY 4.0);day
images/real/roboflow_universe_carplates_russian-plate-kuabh_v1/4_bmp_jpg.rf.0c8c772074e8a15e1a2788f12f3abd3b.jpg;########;type1;16,84,599,556;16,84,614,84,614,640,16,640;1;0;roboflow_universe:carplates/russian-plate-kuabh@v1 <https://universe.roboflow.com/carplates/russian-plate-kuabh>;CC-BY-4.0 (CC BY 4.0);day
images/real/roboflow_universe_carplates_russian-plate-kuabh_v1/5_bmp_jpg.rf.199cff6c1564a9d41425289f17cc9430.jpg;########;type1;36,111,579,404;36,111,614,111,614,515,36,515;1;0;roboflow_universe:carplates/russian-plate-kuabh@v1 <https://universe.roboflow.com/carplates/russian-plate-kuabh>;CC-BY-4.0 (CC BY 4.0);day,glare
images/real/roboflow_universe_carplates_russian-plate-kuabh_v1/11_11_2014_10_42_23_871_png_jpg.rf.b68f6ee3ab069a0a3a9e8622fd6c1d03.jpg;########;type1;270,422,174,64;270,422,443,422,443,485,270,485;1;0;roboflow_universe:carplates/russian-plate-kuabh@v1 <https://universe.roboflow.com/carplates/russian-plate-kuabh>;CC-BY-4.0 (CC BY 4.0);day
images/real/roboflow_universe_carplates_russian-plate-kuabh_v1/11_11_2014_11_6_30_590_png_jpg.rf.e87c730f437750f204064f4f39c84ffc.jpg;########;type1;148,403,131,60;148,403,278,403,278,463,148,463;1;0;roboflow_universe:carplates/russian-plate-kuabh@v1 <https://universe.roboflow.com/carplates/russian-plate-kuabh>;CC-BY-4.0 (CC BY 4.0);night
images/real/roboflow_universe_carplates_russian-plate-kuabh_v1/11_11_2014_11_7_21_324_png_jpg.rf.d72cb5c438fec3bf42ec66afe44b3224.jpg;########;type1;230,484,143,72;230,484,372,484,372,556,230,556;1;0;roboflow_universe:carplates/russian-plate-kuabh@v1 <https://universe.roboflow.com/carplates/russian-plate-kuabh>;CC-BY-4.0 (CC BY 4.0);night,motion_blur
images/real/roboflow_universe_carplates_russian-plate-kuabh_v1/11_11_2014_11_8_17_886_png_jpg.rf.a95da1011e1729d53457b4043eebf6cc.jpg;########;type1;263,270,129,55;263,270,392,270,392,326,263,326;1;0;roboflow_universe:carplates/russian-plate-kuabh@v1 <https://universe.roboflow.com/carplates/russian-plate-kuabh>;CC-BY-4.0 (CC BY 4.0);day
images/real/roboflow_universe_carplates_russian-plate-kuabh_v1/11_11_2014_17_19_59_355_png_jpg.rf.fdd66c426aa437f2ca34c2ee5f680abe.jpg;########;type1;279,176,152,83;279,176,431,176,431,260,279,260;1;0;roboflow_universe:carplates/russian-plate-kuabh@v1 <https://universe.roboflow.com/carplates/russian-plate-kuabh>;CC-BY-4.0 (CC BY 4.0);night
images/real/roboflow_universe_carplates_russian-plate-kuabh_v1/11_11_2014_7_24_3_324_png_jpg.rf.ace6be1d43f7641c3ec92cfa8403f583.jpg;########;type1;190,335,161,56;190,335,352,335,352,391,190,391;1;0;roboflow_universe:carplates/russian-plate-kuabh@v1 <https://universe.roboflow.com/carplates/russian-plate-kuabh>;CC-BY-4.0 (CC BY 4.0);day
images/real/roboflow_universe_carplates_russian-plate-kuabh_v1/11_11_2014_7_58_27_652_png_jpg.rf.b33a92dd88952b8d38a7cc6d85c89983.jpg;########;type1;514,437,80,51;514,437,595,437,595,488,514,488;1;0;roboflow_universe:carplates/russian-plate-kuabh@v1 <https://universe.roboflow.com/carplates/russian-plate-kuabh>;CC-BY-4.0 (CC BY 4.0);day,glare
images/real/roboflow_universe_carplates_russian-plate-kuabh_v1/11_6_2014_19_12_19_491_png_jpg.rf.90c0fd17190156cf1718aff5980bcf7e.jpg;########;type1;235,319,77,54;235,319,312,319,312,373,235,373;1;0;roboflow_universe:carplates/russian-plate-kuabh@v1 <https://universe.roboflow.com/carplates/russian-plate-kuabh>;CC-BY-4.0 (CC BY 4.0);day
images/real/roboflow_universe_carplates_russian-plate-kuabh_v1/11_6_2014_19_12_32_987_png_jpg.rf.915d028d6cf1f7a65e813e36ebf6339f.jpg;########;type1;144,390,111,58;144,390,255,390,255,449,144,449;1;0;roboflow_universe:carplates/russian-plate-kuabh@v1 <https://universe.roboflow.com/carplates/russian-plate-kuabh>;CC-BY-4.0 (CC BY 4.0);day
images/real/roboflow_universe_carplates_russian-plate-kuabh_v1/11_6_2014_19_12_36_661_png_jpg.rf.482dfa64dfb08d0929d4aebc047ebe05.jpg;########;type1;218,405,125,58;218,405,343,405,343,462,218,462;1;0;roboflow_universe:carplates/russian-plate-kuabh@v1 <https://universe.roboflow.com/carplates/russian-plate-kuabh>;CC-BY-4.0 (CC BY 4.0);day
images/real/roboflow_universe_carplates_russian-plate-kuabh_v1/11_6_2014_19_12_39_843_png_jpg.rf.2a536e751ebdd27e16658c66a0062901.jpg;########;type1;154,314,94,52;154,314,248,314,248,366,154,366;1;0;roboflow_universe:carplates/russian-plate-kuabh@v1 <https://universe.roboflow.com/carplates/russian-plate-kuabh>;CC-BY-4.0 (CC BY 4.0);day,glare
images/real/roboflow_universe_carplates_russian-plate-kuabh_v1/11_6_2014_19_13_19_15_png_jpg.rf.8481adc594deeb6dafa40e27f7542f8f.jpg;########;type1;182,358,121,60;182,358,304,358,304,418,182,418;1;0;roboflow_universe:carplates/russian-plate-kuabh@v1 <https://universe.roboflow.com/carplates/russian-plate-kuabh>;CC-BY-4.0 (CC BY 4.0);day
images/real/roboflow_universe_carplates_russian-plate-kuabh_v1/11_6_2014_19_13_1_400_png_jpg.rf.55e02d18e574183b40fe54b685348084.jpg;########;type1;150,345,119,58;150,345,268,345,268,403,150,403;1;0;roboflow_universe:carplates/russian-plate-kuabh@v1 <https://universe.roboflow.com/carplates/russian-plate-kuabh>;CC-BY-4.0 (CC BY 4.0);day
images/real/roboflow_universe_carplates_russian-plate-kuabh_v1/11_6_2014_19_13_57_129_png_jpg.rf.ff5d0eb7bfa9cfab112647cf677ce104.jpg;########;type1;152,344,109,60;152,344,260,344,260,404,152,404;1;0;roboflow_universe:carplates/russian-plate-kuabh@v1 <https://universe.roboflow.com/carplates/russian-plate-kuabh>;CC-BY-4.0 (CC BY 4.0);day,glare
images/real/roboflow_universe_carplates_russian-plate-kuabh_v1/11_6_2014_19_4_48_339_png_jpg.rf.231b85ff8f587131e223e3dd6179c709.jpg;########;type1;224,303,118,58;224,303,342,303,342,361,224,361;1;0;roboflow_universe:carplates/russian-plate-kuabh@v1 <https://universe.roboflow.com/carplates/russian-plate-kuabh>;CC-BY-4.0 (CC BY 4.0);day,glare
images/real/roboflow_universe_carplates_russian-plate-kuabh_v1/12_6_2014_19_36_49_472_png_jpg.rf.c1d4a0b99dc0a911ab92c6f13a0c9cc4.jpg;########;type1;332,403,132,78;332,403,464,403,464,481,332,481;1;0;roboflow_universe:carplates/russian-plate-kuabh@v1 <https://universe.roboflow.com/carplates/russian-plate-kuabh>;CC-BY-4.0 (CC BY 4.0);day,glare
images/real/roboflow_universe_carplates_russian-plate-kuabh_v1/7_bmp_jpg.rf.bc99670635485aec4e8f76863b248656.jpg;########;type1;24,120,607,494;24,120,630,120,630,614,24,614;1;0;roboflow_universe:carplates/russian-plate-kuabh@v1 <https://universe.roboflow.com/carplates/russian-plate-kuabh>;CC-BY-4.0 (CC BY 4.0);day
images/real/roboflow_universe_carplates_russian-plate-kuabh_v1/8_bmp_jpg.rf.42ba8baaa2ca2a31512df41e4f86c472.jpg;########;type1b;17,77,614,518;17,77,632,77,632,595,17,595;1;0;roboflow_universe:carplates/russian-plate-kuabh@v1 <https://universe.roboflow.com/carplates/russian-plate-kuabh>;CC-BY-4.0 (CC BY 4.0);day,motion_blur
images/real/roboflow_universe_carplates_russian-plate-kuabh_v1/9_bmp_jpg.rf.51046b85e3061e54046b4d921fb4433e.jpg;########;type1;31,52,578,577;31,52,609,52,609,628,31,628;1;0;roboflow_universe:carplates/russian-plate-kuabh@v1 <https://universe.roboflow.com/carplates/russian-plate-kuabh>;CC-BY-4.0 (CC BY 4.0);day,glare
images/real/kaggle_andrewmvd_car-plate-detection/Cars164_2.png;########;other;160,144,79,39;160,144,239,144,239,183,160,183;1;0;kaggle:andrewmvd/car-plate-detection <https://www.kaggle.com/datasets/andrewmvd/car-plate-detection>;CC0-1.0 (CC0: Public Domain);day
images/real/kaggle_andrewmvd_car-plate-detection/Cars244_2.png;########;other;20,87,340,68;20,87,360,87,360,155,20,155;1;0;kaggle:andrewmvd/car-plate-detection <https://www.kaggle.com/datasets/andrewmvd/car-plate-detection>;CC0-1.0 (CC0: Public Domain);day
images/real/kaggle_andrewmvd_car-plate-detection/Cars261_2.png;########;other;1,74,463,80;1,74,464,74,464,154,1,154;1;0;kaggle:andrewmvd/car-plate-detection <https://www.kaggle.com/datasets/andrewmvd/car-plate-detection>;CC0-1.0 (CC0: Public Domain);day
images/real/kaggle_andrewmvd_car-plate-detection/Cars312_2.png;########;other;111,66,407,180;111,66,518,66,518,246,111,246;1;0;kaggle:andrewmvd/car-plate-detection <https://www.kaggle.com/datasets/andrewmvd/car-plate-detection>;CC0-1.0 (CC0: Public Domain);day,glare
